pdf_id,incremental_updates,eof_marker_count,metadata_anomaly_score,hidden_text_spans,white_text_spans,javascript_count,embedded_files_count,signature_gap_score,render_ela_suspicious_block_ratio,render_noise_hotspot_ratio,object_count,stream_entropy,xref_mismatch_score,font_switch_score,ocr_text_layer_gap,is_scanned_pdf,has_signature,hard_subtle_case,label
PDF_00001,1,2,40.29,3,4,1,0,10.36,0.1484,0.207,143,4.967,17.06,50.33,37.74,0,0,0,0
PDF_00002,0,2,26.93,2,1,1,0,0.0,0.0555,0.1088,72,5.282,1.0,10.51,8.39,0,0,0,0
PDF_00003,2,1,5.01,1,1,1,0,6.16,0.0995,0.0447,63,5.819,18.5,28.39,15.71,0,0,0,0
PDF_00004,1,1,22.97,0,4,0,0,30.62,0.1666,0.3054,154,4.831,6.35,23.31,62.72,1,0,0,0
PDF_00005,1,2,15.86,0,0,1,0,17.67,0.1835,0.0847,83,5.233,24.28,10.33,11.44,0,0,0,0
PDF_00006,0,1,5.3,2,0,1,0,4.21,0.1567,0.2224,76,5.786,0.0,0.0,68.73,1,0,0,0
PDF_00007,1,1,60.3,5,5,1,0,34.61,0.1961,0.1094,146,5.952,58.82,36.09,25.78,0,0,0,0
PDF_00008,0,1,5.9,2,0,0,0,5.18,0.057,0.0834,71,4.384,11.37,6.45,5.99,0,0,0,0
PDF_00009,0,1,0.0,0,2,1,0,0.0,0.0803,0.2233,92,5.447,0.0,0.0,34.16,1,0,0,0
PDF_00010,0,2,28.78,4,4,0,0,0.0,0.2134,0.299,91,5.0,13.44,12.09,56.32,1,0,0,0
PDF_00011,0,1,0.0,0,0,0,0,4.23,0.0,0.0505,55,4.16,0.0,0.0,0.0,0,0,0,0
PDF_00012,2,2,22.0,0,0,1,0,0.0,0.0085,0.0402,47,5.428,15.75,21.3,4.99,0,0,0,0
PDF_00013,0,1,0.0,2,0,0,0,0.0,0.0443,0.0,44,5.42,0.0,0.0,0.0,0,1,0,0
PDF_00014,1,1,17.27,4,2,1,0,16.61,0.2051,0.2924,101,5.051,19.37,11.22,61.04,1,1,0,0
PDF_00015,0,2,7.64,1,0,0,0,10.55,0.14,0.2146,79,5.326,9.18,25.78,8.63,0,0,0,0
PDF_00016,1,1,8.08,4,2,0,0,2.36,0.0453,0.152,81,5.353,23.92,20.48,18.6,0,0,0,0
PDF_00017,0,1,35.88,0,3,0,0,0.0,0.1649,0.0749,71,5.562,12.6,20.95,8.84,0,0,0,0
PDF_00018,1,2,0.0,0,0,0,0,0.0,0.0,0.0175,52,4.913,4.16,0.87,0.0,0,1,0,0
PDF_00019,0,2,15.79,3,1,1,0,0.0,0.0387,0.0809,76,4.817,27.31,10.19,21.94,0,1,0,0
PDF_00020,2,1,11.91,0,1,1,0,0.0,0.1729,0.3006,62,6.026,1.89,19.43,55.48,1,0,0,0
PDF_00021,0,2,0.0,0,2,1,0,0.0,0.2058,0.2772,76,5.168,0.0,0.0,42.5,1,1,0,0
PDF_00022,0,2,43.08,7,1,1,0,30.65,0.1872,0.1175,84,5.501,5.16,47.12,14.63,0,0,0,0
PDF_00023,0,1,11.7,1,2,1,0,1.87,0.0813,0.166,91,5.348,0.0,7.13,0.0,0,0,0,0
PDF_00024,1,2,18.58,0,0,1,0,13.09,0.1411,0.3368,35,6.348,12.26,22.03,45.95,1,1,0,0
PDF_00025,1,2,0.0,0,0,0,0,0.0,0.0,0.0499,43,5.491,0.0,7.33,0.0,0,0,0,0
PDF_00026,0,1,0.0,2,3,1,0,0.0,0.1194,0.281,96,4.826,0.0,0.0,51.4,1,0,0,0
PDF_00027,1,1,26.03,5,4,0,0,12.6,0.3587,0.3654,149,5.943,32.48,36.59,54.77,1,0,0,0
PDF_00028,2,1,0.0,1,0,1,0,0.0,0.1796,0.3107,116,5.125,0.0,3.35,51.69,1,0,0,0
PDF_00029,1,2,22.11,3,2,1,0,26.98,0.0886,0.1528,141,5.48,36.42,7.0,17.75,0,0,0,0
PDF_00030,0,1,24.39,2,3,0,0,3.74,0.0695,0.1548,81,5.681,14.08,29.97,0.0,0,1,0,0
PDF_00031,1,1,3.95,1,0,0,0,0.0,0.216,0.2614,119,6.494,3.07,31.34,50.63,1,0,0,0
PDF_00032,1,3,36.91,5,1,0,0,26.57,0.1888,0.2364,99,5.352,30.76,68.8,18.77,0,1,0,0
PDF_00033,1,1,5.24,2,5,0,0,0.0,0.0827,0.0,61,5.937,0.0,9.01,7.12,0,0,0,0
PDF_00034,1,1,27.43,5,1,0,0,0.0,0.2018,0.1707,153,6.049,18.49,21.15,17.59,0,0,0,0
PDF_00035,1,2,11.86,1,2,1,0,9.84,0.065,0.1548,86,4.534,4.33,19.65,12.26,0,1,0,0
PDF_00036,1,2,0.0,2,0,1,0,0.0,0.0728,0.059,82,4.566,21.52,10.22,0.0,0,0,0,0
PDF_00037,1,1,0.0,0,1,0,0,0.0,0.1099,0.2049,72,4.88,0.0,0.0,16.77,1,1,0,0
PDF_00038,0,1,33.31,0,0,1,0,29.78,0.2601,0.4281,143,4.518,13.18,24.29,75.84,1,1,0,0
PDF_00039,0,2,19.81,4,2,1,0,12.73,0.1914,0.3626,119,5.395,5.84,12.99,62.52,1,0,0,0
PDF_00040,1,1,0.0,0,2,0,0,0.0,0.1033,0.3683,57,3.706,0.0,0.0,69.81,1,1,0,0
PDF_00041,0,1,7.69,0,0,1,0,0.0,0.1085,0.084,40,4.898,5.32,0.0,0.0,0,0,0,0
PDF_00042,0,1,0.0,0,0,1,0,0.0,0.0352,0.1492,61,5.408,0.0,0.0,0.0,0,0,0,0
PDF_00043,1,2,16.13,2,3,1,0,0.0,0.1889,0.1866,141,6.302,17.05,34.78,43.55,0,0,0,0
PDF_00044,1,1,0.0,0,0,0,0,0.0,0.0,0.102,43,5.365,15.62,0.0,0.0,0,0,0,0
PDF_00045,3,1,12.71,2,1,1,0,16.65,0.1168,0.0696,70,5.867,26.46,18.11,31.74,0,1,0,0
PDF_00046,1,2,37.7,3,0,0,0,0.0,0.1512,0.0574,130,5.194,4.12,16.25,39.23,0,0,0,0
PDF_00047,1,1,35.82,6,4,0,0,24.01,0.1865,0.2863,135,7.314,30.52,34.77,21.17,0,0,0,0
PDF_00048,1,1,25.11,4,5,0,0,4.84,0.2192,0.3566,105,4.756,30.61,34.95,57.65,1,0,0,0
PDF_00049,0,1,15.94,0,0,0,0,11.54,0.0819,0.1195,103,5.81,0.0,4.3,0.04,0,1,0,0
PDF_00050,0,1,0.0,3,1,0,0,3.96,0.0679,0.0391,73,5.525,8.73,21.01,8.15,0,0,0,0
PDF_00051,1,1,0.0,0,0,0,0,2.87,0.0501,0.218,28,3.569,0.0,0.0,32.18,1,1,0,0
PDF_00052,0,1,0.0,0,0,1,0,0.0,0.0,0.1638,37,3.936,0.0,0.0,0.0,0,0,0,0
PDF_00053,2,2,0.0,2,0,0,0,0.0,0.1229,0.2812,75,5.563,0.0,0.0,48.43,1,0,0,0
PDF_00054,1,1,8.75,3,0,0,0,0.0,0.2218,0.2652,105,5.113,0.73,0.0,50.8,1,0,0,0
PDF_00055,1,2,18.27,2,3,0,0,11.49,0.2869,0.3716,134,5.077,22.22,35.69,65.38,1,0,0,0
PDF_00056,0,1,15.04,1,1,0,0,20.81,0.0,0.0679,37,4.899,12.18,0.0,0.0,0,1,0,0
PDF_00057,0,1,0.0,2,0,0,0,0.0,0.028,0.2993,55,4.607,0.0,0.0,53.45,1,0,0,0
PDF_00058,1,3,2.59,0,3,1,0,0.0,0.1452,0.1952,84,5.775,0.0,5.45,69.31,1,0,0,0
PDF_00059,0,1,0.0,0,0,1,0,0.0,0.0217,0.0489,12,5.887,0.0,0.0,0.0,0,1,0,0
PDF_00060,0,2,11.12,2,1,1,0,26.12,0.1115,0.0954,115,5.259,40.91,32.23,16.76,0,0,0,0
PDF_00061,0,2,44.58,5,4,0,0,18.53,0.2814,0.3229,131,5.79,30.89,20.88,61.68,1,1,0,0
PDF_00062,0,1,0.0,2,0,0,0,0.0,0.0287,0.1276,49,5.287,0.0,5.66,0.0,0,0,0,0
PDF_00063,1,1,27.37,1,2,0,0,14.94,0.1038,0.2067,103,5.802,39.69,45.95,9.92,0,0,0,0
PDF_00064,1,2,0.0,0,0,0,0,4.56,0.1223,0.1562,89,5.158,19.89,11.23,0.0,0,0,0,0
PDF_00065,1,2,7.3,0,0,0,0,0.0,0.0611,0.0735,105,5.271,14.12,0.0,6.32,0,1,0,0
PDF_00066,1,1,16.91,1,2,0,0,7.27,0.1139,0.0163,130,5.517,19.29,8.15,10.96,0,1,0,0
PDF_00067,2,2,56.61,3,1,1,0,7.46,0.2801,0.3884,151,5.617,41.14,47.93,53.63,1,0,0,0
PDF_00068,1,1,13.23,3,4,1,0,0.0,0.2066,0.3446,173,4.656,26.34,43.45,72.43,1,0,0,0
PDF_00069,0,1,0.0,0,3,0,0,0.0,0.1165,0.0259,64,5.566,1.55,15.93,9.81,0,0,0,0
PDF_00070,1,1,50.57,2,5,2,0,26.44,0.1217,0.0514,133,5.509,45.77,30.86,25.07,0,1,0,0
PDF_00071,1,1,0.0,0,3,0,0,21.63,0.171,0.3618,70,3.294,0.0,0.0,53.85,1,1,0,0
PDF_00072,0,1,0.0,2,2,0,0,0.0,0.0,0.1347,43,5.845,11.0,0.27,0.0,0,1,0,0
PDF_00073,1,1,36.51,2,5,1,0,10.89,0.1999,0.3212,119,5.763,21.1,18.65,69.12,1,1,0,0
PDF_00074,1,1,24.22,2,3,1,0,24.78,0.0841,0.088,105,5.85,29.61,34.06,21.39,0,0,0,0
PDF_00075,1,1,0.0,2,0,0,1,0.0,0.0117,0.0359,25,5.807,0.0,0.0,0.0,0,0,0,0
PDF_00076,1,2,0.0,1,1,1,0,0.0,0.0,0.0353,30,4.569,0.0,0.0,5.02,0,1,0,0
PDF_00077,2,1,11.14,4,4,0,0,11.89,0.0974,0.1587,78,5.589,12.89,6.63,4.95,0,1,0,0
PDF_00078,1,1,32.65,0,1,0,0,0.0,0.1383,0.1559,88,5.543,30.4,46.43,2.1,0,0,0,0
PDF_00079,0,3,46.94,5,6,1,0,44.97,0.2512,0.3037,101,5.814,51.06,47.84,68.27,1,1,0,0
PDF_00080,0,2,25.44,5,3,1,0,13.01,0.2989,0.3459,80,6.517,39.19,38.06,78.78,1,0,0,0
PDF_00081,0,1,13.9,1,3,0,0,26.63,0.1862,0.3035,98,6.518,25.19,33.21,77.16,1,0,0,0
PDF_00082,2,2,36.36,0,1,0,0,10.96,0.2008,0.196,111,5.79,36.38,12.53,19.5,0,0,0,0
PDF_00083,2,1,34.51,4,4,1,0,13.14,0.1731,0.1299,120,6.025,32.61,41.66,28.42,0,0,0,0
PDF_00084,0,1,31.26,0,1,0,0,27.34,0.2286,0.3966,137,5.752,34.16,33.82,65.26,1,1,0,0
PDF_00085,0,1,3.62,1,5,0,0,11.37,0.0741,0.1655,102,6.196,5.23,23.21,10.25,0,1,0,0
PDF_00086,1,3,0.62,0,1,0,0,0.0,0.1315,0.2737,124,5.664,19.93,19.52,43.44,1,1,0,0
PDF_00087,0,2,22.93,2,2,0,0,0.0,0.1314,0.1019,69,5.425,16.75,29.75,16.11,0,0,0,0
PDF_00088,0,1,9.92,5,2,1,0,0.17,0.1322,0.0626,81,5.283,17.01,11.61,24.57,0,0,0,0
PDF_00089,2,1,0.0,0,1,0,0,0.0,0.0,0.0616,33,5.536,0.0,0.0,6.72,0,0,0,0
PDF_00090,2,1,0.0,3,0,0,0,0.0,0.1403,0.2193,34,5.786,0.0,0.0,67.06,1,0,0,0
PDF_00091,1,1,0.0,3,0,1,0,0.0,0.0918,0.1109,110,5.484,0.0,6.69,6.14,0,0,0,0
PDF_00092,0,2,0.0,1,1,0,0,9.15,0.1261,0.3124,113,4.335,0.19,0.0,54.19,1,1,0,0
PDF_00093,1,2,38.35,5,5,0,0,52.91,0.0794,0.1082,150,5.89,50.13,45.09,38.21,0,1,0,0
PDF_00094,1,1,0.0,4,0,0,0,0.0,0.1245,0.3095,66,4.032,6.04,0.0,44.4,1,1,0,0
PDF_00095,0,1,19.36,4,0,1,0,13.63,0.0326,0.1348,58,5.803,0.0,8.07,2.95,0,1,0,0
PDF_00096,1,1,14.89,3,2,0,0,5.92,0.2067,0.3308,115,6.004,0.0,33.62,41.22,1,1,0,0
PDF_00097,1,1,24.85,6,5,1,0,26.97,0.1394,0.2315,102,6.217,39.44,37.96,20.88,0,1,0,0
PDF_00098,1,1,0.0,1,0,1,0,11.78,0.1461,0.1966,80,6.912,27.3,30.39,4.99,0,0,0,0
PDF_00099,2,3,67.42,5,8,0,0,35.5,0.2217,0.1555,133,6.483,50.63,49.64,23.66,0,0,0,0
PDF_00100,1,1,0.0,0,0,0,0,0.0,0.1413,0.3026,49,5.744,0.0,25.8,36.54,1,0,0,0
PDF_00101,0,1,0.0,2,0,0,0,0.0,0.1571,0.2824,103,5.503,15.13,13.08,53.57,1,0,0,0
PDF_00102,1,1,24.14,0,0,1,0,0.54,0.1262,0.1404,112,5.643,7.88,0.0,0.0,0,0,0,0
PDF_00103,0,2,7.12,0,1,1,0,0.88,0.116,0.1631,106,5.495,0.0,3.27,5.96,0,0,0,0
PDF_00104,0,1,17.43,6,1,0,0,0.0,0.0511,0.0778,101,4.362,8.18,1.94,4.17,0,0,0,0
PDF_00105,1,1,0.0,2,0,0,0,0.0,0.0712,0.4044,62,5.602,0.0,0.0,47.87,1,0,0,0
PDF_00106,1,2,46.88,8,7,0,0,2.7,0.1638,0.2038,75,6.204,35.01,33.08,13.57,0,0,0,0
PDF_00107,1,1,43.03,6,4,0,0,14.96,0.1689,0.177,95,6.282,34.91,20.9,11.61,0,0,0,0
PDF_00108,0,1,15.62,4,0,0,0,17.06,0.1244,0.1164,67,5.848,3.59,0.0,0.0,0,0,0,0
PDF_00109,2,2,22.97,4,0,0,0,4.06,0.0888,0.0,86,4.553,15.27,0.87,3.96,0,0,0,0
PDF_00110,0,2,5.64,0,3,0,0,0.0,0.1691,0.3298,78,6.028,9.04,28.49,60.14,1,0,0,0
PDF_00111,1,1,0.0,3,3,0,0,0.36,0.0809,0.036,17,5.392,0.0,0.0,0.0,0,1,0,0
PDF_00112,0,2,40.8,2,4,1,0,12.4,0.2735,0.3209,149,6.583,7.54,11.0,72.47,1,0,0,0
PDF_00113,0,1,0.0,0,0,0,0,0.0,0.1614,0.3199,81,6.02,0.0,7.14,58.17,1,0,0,0
PDF_00114,0,1,25.5,0,3,1,0,0.0,0.0863,0.139,105,6.042,15.18,40.2,10.26,0,0,0,0
PDF_00115,0,2,36.75,1,0,0,0,16.5,0.1337,0.0873,125,6.229,10.67,19.36,29.15,0,1,0,0
PDF_00116,0,1,14.79,4,3,1,1,11.52,0.232,0.3677,129,6.307,19.94,31.89,86.72,1,0,0,0
PDF_00117,0,1,4.97,2,0,0,0,5.0,0.1131,0.3375,137,6.112,3.77,0.0,69.76,1,0,0,0
PDF_00118,1,2,0.0,0,0,1,0,18.35,0.1436,0.343,161,5.63,13.64,19.39,48.88,1,1,0,0
PDF_00119,0,1,8.77,3,0,0,0,0.0,0.1175,0.3587,89,4.994,15.85,16.49,49.44,1,0,0,0
PDF_00120,0,1,12.02,4,0,1,0,0.0,0.0765,0.128,94,5.635,3.06,0.0,2.36,0,1,0,0
PDF_00121,1,2,31.65,2,0,0,0,10.99,0.0797,0.2028,71,5.234,9.56,0.32,20.35,0,0,0,0
PDF_00122,0,1,7.31,3,0,0,0,0.0,0.0191,0.1196,39,6.467,0.0,8.12,0.0,0,1,0,0
PDF_00123,2,2,32.92,1,1,1,0,11.24,0.1399,0.0366,110,6.16,30.27,21.64,17.95,0,1,0,0
PDF_00124,0,1,3.02,0,3,0,0,0.0,0.113,0.332,62,6.355,0.0,1.09,52.27,1,0,0,0
PDF_00125,0,3,0.0,3,2,0,0,24.85,0.1106,0.0213,115,5.647,3.99,13.07,0.0,0,0,0,0
PDF_00126,1,1,0.0,0,2,0,0,0.0,0.1027,0.1384,64,6.261,10.83,13.58,3.49,0,0,0,0
PDF_00127,0,1,11.01,2,0,0,0,11.06,0.216,0.3106,66,5.45,3.96,5.69,57.94,1,0,0,0
PDF_00128,0,1,21.49,1,0,0,0,0.0,0.0903,0.1094,56,5.729,4.8,6.08,1.24,0,0,0,0
PDF_00129,0,1,34.09,0,2,0,0,15.55,0.1783,0.1781,107,5.143,21.49,58.85,31.01,0,0,0,0
PDF_00130,0,1,0.0,0,0,0,0,0.0,0.0978,0.3228,48,4.907,0.0,0.0,57.92,1,0,0,0
PDF_00131,0,1,16.64,4,1,0,0,0.0,0.0912,0.099,103,5.472,36.44,28.87,13.28,0,0,0,0
PDF_00132,0,2,38.67,3,0,1,0,33.22,0.0403,0.1372,116,5.013,10.8,34.91,1.62,0,0,0,0
PDF_00133,1,2,34.51,2,2,0,1,15.18,0.103,0.128,122,4.975,11.64,9.34,0.0,0,0,0,0
PDF_00134,1,3,60.94,6,2,1,0,26.44,0.3301,0.4573,178,6.057,19.47,87.14,82.41,1,1,0,0
PDF_00135,0,1,0.0,1,0,0,0,0.0,0.1398,0.2507,38,5.268,0.0,0.0,51.69,1,0,0,0
PDF_00136,1,2,49.74,1,2,1,0,10.37,0.2002,0.4116,170,5.316,26.04,46.32,63.94,1,1,0,0
PDF_00137,0,2,0.0,3,0,0,0,0.0,0.0418,0.0889,83,4.016,0.0,0.0,5.22,0,0,0,0
PDF_00138,1,3,6.25,0,0,0,0,3.8,0.1106,0.1793,132,5.056,12.19,22.74,38.65,0,0,0,0
PDF_00139,1,2,0.0,0,1,0,0,0.0,0.192,0.2699,111,5.158,0.0,0.0,32.15,1,0,0,0
PDF_00140,1,1,24.49,4,0,0,0,2.29,0.1748,0.24,133,6.322,1.34,2.13,53.39,1,0,0,0
PDF_00141,1,1,5.57,0,1,0,0,0.0,0.1511,0.3371,40,5.231,6.78,3.17,66.21,1,0,0,0
PDF_00142,2,1,0.0,0,0,1,0,16.66,0.0958,0.1015,62,4.612,9.97,0.0,2.69,0,0,0,0
PDF_00143,1,1,22.17,0,0,0,0,23.56,0.0833,0.1679,42,5.773,17.75,23.65,3.88,0,0,0,0
PDF_00144,2,2,37.76,3,2,1,0,8.09,0.1384,0.1346,144,5.535,13.7,13.35,15.56,0,1,0,0
PDF_00145,0,2,22.97,1,0,1,0,0.0,0.0556,0.0233,97,5.231,0.0,6.2,0.0,0,0,0,0
PDF_00146,1,1,0.0,0,0,0,0,0.0,0.0665,0.37,133,5.274,0.0,0.0,52.93,1,0,0,0
PDF_00147,2,1,32.94,2,1,0,0,0.0,0.2055,0.1202,78,5.407,9.58,15.12,0.0,0,0,0,0
PDF_00148,1,2,27.73,2,4,1,0,0.3,0.1529,0.1263,98,6.454,28.0,30.31,28.69,0,0,0,0
PDF_00149,0,2,49.37,4,6,1,0,46.65,0.2692,0.3781,120,5.821,40.41,40.83,70.87,1,1,0,0
PDF_00150,1,1,11.55,1,2,0,0,9.82,0.1385,0.1469,118,6.332,64.67,48.24,25.43,0,0,0,0
PDF_00151,0,1,11.05,5,2,2,0,10.9,0.0427,0.1099,42,5.246,0.0,0.0,14.4,0,1,0,0
PDF_00152,2,1,34.87,4,2,0,0,23.69,0.2417,0.3319,154,6.36,6.53,28.35,62.37,1,1,0,0
PDF_00153,0,1,0.0,0,0,0,0,0.0,0.0351,0.1174,43,4.564,0.0,0.0,0.0,0,0,0,0
PDF_00154,0,1,11.99,4,3,1,0,5.85,0.1824,0.3026,100,4.86,7.2,0.0,48.51,1,1,0,0
PDF_00155,2,1,9.68,0,3,0,0,4.17,0.0601,0.0426,72,4.772,8.38,3.05,8.42,0,0,0,0
PDF_00156,1,1,0.0,0,1,0,0,10.77,0.0,0.0692,49,5.97,0.0,0.0,4.97,0,1,0,0
PDF_00157,1,1,8.79,3,2,0,0,0.0,0.2273,0.3528,59,5.147,8.79,32.21,60.07,1,1,0,0
PDF_00158,2,1,33.56,5,3,0,0,5.93,0.2335,0.4145,143,5.392,16.23,35.55,69.11,1,0,0,0
PDF_00159,0,1,18.0,0,0,1,0,0.0,0.1479,0.1954,71,4.787,21.34,12.71,11.12,0,0,0,0
PDF_00160,0,2,0.0,4,1,0,0,15.95,0.0,0.0095,39,5.8,0.0,0.0,0.0,0,1,0,0
PDF_00161,0,1,0.0,2,4,0,0,0.0,0.0909,0.2985,67,5.163,0.0,18.73,47.55,1,1,0,0
PDF_00162,0,2,40.75,2,4,0,0,10.56,0.1952,0.0716,128,5.346,13.67,32.87,9.41,0,0,0,0
PDF_00163,1,2,0.0,3,0,0,0,0.0,0.09,0.0377,110,6.289,0.0,2.6,2.87,0,1,0,0
PDF_00164,0,2,0.0,0,2,1,0,0.0,0.0,0.0754,5,4.105,0.0,0.0,0.0,0,0,0,0
PDF_00165,2,2,28.16,2,5,2,0,4.86,0.1208,0.1731,100,5.305,8.85,4.74,11.42,0,0,0,0
PDF_00166,0,1,24.0,0,0,1,0,8.12,0.0996,0.207,88,5.01,14.96,30.25,14.78,0,0,0,0
PDF_00167,2,1,36.89,0,4,0,0,16.62,0.1142,0.1789,80,5.957,16.59,12.28,26.21,0,1,0,0
PDF_00168,1,2,0.0,0,2,0,0,0.0,0.1382,0.2531,91,4.612,0.0,0.0,31.76,1,1,0,0
PDF_00169,1,2,16.13,0,0,0,0,11.65,0.1304,0.2482,108,4.98,26.29,22.43,33.64,1,1,0,0
PDF_00170,1,1,22.48,1,5,1,0,0.0,0.1047,0.1203,74,5.163,0.0,20.11,2.05,0,0,0,0
PDF_00171,0,2,17.42,0,2,0,0,3.05,0.1698,0.227,100,5.858,7.07,0.0,53.83,1,0,0,0
PDF_00172,2,3,39.03,5,3,1,0,26.53,0.2981,0.3712,97,6.032,14.41,44.33,59.21,1,1,0,0
PDF_00173,1,2,24.44,3,3,0,0,10.93,0.1568,0.1654,80,6.367,33.89,29.16,29.13,0,0,0,0
PDF_00174,0,1,17.44,2,2,1,0,4.54,0.1442,0.1035,126,5.154,0.0,0.0,11.62,0,0,0,0
PDF_00175,1,1,10.8,3,3,2,0,12.55,0.0545,0.059,79,6.477,20.04,26.66,9.97,0,0,0,0
PDF_00176,1,2,16.43,2,2,1,0,0.24,0.0387,0.1355,93,5.402,4.76,1.14,20.7,0,0,0,0
PDF_00177,0,2,0.0,1,0,0,0,3.46,0.196,0.3321,75,4.431,20.32,0.0,36.92,1,0,0,0
PDF_00178,1,1,23.87,2,1,1,0,0.0,0.1254,0.1418,116,5.318,19.23,11.23,14.8,0,1,0,0
PDF_00179,0,2,32.53,3,3,1,0,35.57,0.1785,0.2026,67,6.348,6.3,26.98,13.85,0,1,0,0
PDF_00180,2,1,31.76,5,5,1,0,42.24,0.1485,0.1869,141,4.646,44.27,53.02,26.26,0,0,0,0
PDF_00181,0,1,13.73,4,4,0,0,0.0,0.0464,0.1451,100,5.487,0.0,0.88,0.0,0,0,0,0
PDF_00182,0,2,0.0,2,4,0,0,0.0,0.0545,0.0258,94,5.617,19.46,6.69,8.95,0,0,0,0
PDF_00183,1,2,0.0,2,1,0,0,0.0,0.043,0.0829,38,5.494,0.0,0.0,6.2,0,0,0,0
PDF_00184,0,1,47.45,5,2,0,0,14.47,0.0712,0.1053,106,5.986,0.0,26.52,17.05,0,0,0,0
PDF_00185,1,2,55.96,4,5,2,0,32.43,0.361,0.3437,157,5.41,45.56,61.3,76.11,1,0,0,0
PDF_00186,0,1,25.24,5,0,1,0,0.0,0.0,0.0686,101,4.265,20.48,0.0,9.61,0,0,0,0
PDF_00187,0,1,0.0,2,0,1,0,0.0,0.0921,0.2699,95,5.583,3.47,6.95,48.28,1,0,0,0
PDF_00188,0,1,0.0,5,0,1,0,0.0,0.0,0.0662,62,4.94,1.69,0.0,0.0,0,0,0,0
PDF_00189,2,1,27.59,2,6,0,0,0.0,0.0501,0.1696,107,4.938,22.48,14.86,11.66,0,0,0,0
PDF_00190,2,2,47.69,8,7,0,0,17.51,0.1579,0.2573,134,5.813,40.14,56.66,26.72,0,0,0,0
PDF_00191,0,2,17.76,2,5,1,0,25.81,0.1916,0.1795,88,6.534,18.1,12.93,19.88,0,0,0,0
PDF_00192,0,2,0.0,2,2,1,0,0.0,0.1513,0.3344,125,5.332,0.0,0.0,39.27,1,1,0,0
PDF_00193,1,1,18.42,0,0,1,0,0.0,0.146,0.3063,122,4.312,16.07,5.79,79.81,1,0,0,0
PDF_00194,0,1,10.9,1,0,1,0,0.0,0.108,0.0768,86,4.865,0.0,18.36,6.93,0,0,0,0
PDF_00195,1,1,24.07,3,0,0,0,10.64,0.0823,0.2101,124,5.154,26.85,3.28,0.56,0,0,0,0
PDF_00196,2,1,28.65,2,5,0,0,4.63,0.2085,0.3631,101,6.163,0.0,21.72,48.66,1,1,0,0
PDF_00197,0,1,0.0,1,0,0,0,3.68,0.0251,0.1447,68,5.336,0.0,0.47,5.27,0,0,0,0
PDF_00198,2,1,68.56,3,3,2,0,19.07,0.3151,0.1461,140,5.111,43.34,68.07,54.36,0,0,0,0
PDF_00199,1,1,42.83,1,4,0,0,0.0,0.0995,0.2388,127,5.118,40.05,10.1,18.36,0,0,0,0
PDF_00200,1,1,0.0,3,1,1,0,0.0,0.0,0.0337,73,5.013,2.14,0.0,0.0,0,0,0,0
PDF_00201,1,1,8.44,0,5,0,0,0.0,0.0316,0.1412,64,5.443,8.29,5.1,2.25,0,0,0,0
PDF_00202,1,1,26.38,5,0,0,0,17.9,0.1864,0.0958,103,6.777,10.61,13.05,13.88,0,0,0,0
PDF_00203,0,1,29.18,0,3,1,0,0.0,0.0507,0.0594,110,4.425,10.02,10.47,20.12,0,0,0,0
PDF_00204,1,1,0.0,0,3,0,0,0.0,0.0,0.171,100,5.04,9.07,0.0,10.86,0,0,0,0
PDF_00205,0,1,0.93,0,1,1,0,0.0,0.056,0.0924,123,4.576,3.54,0.0,10.53,0,1,0,0
PDF_00206,0,2,7.57,2,1,0,0,4.24,0.0326,0.0282,19,4.833,16.87,0.0,14.77,0,1,0,0
PDF_00207,1,1,0.0,2,0,0,0,10.04,0.0879,0.3109,88,6.063,6.34,0.0,65.27,1,0,0,0
PDF_00208,1,1,18.56,1,1,0,0,0.0,0.1485,0.2567,89,6.146,0.0,0.0,38.01,1,1,0,0
PDF_00209,0,1,4.05,0,2,0,0,6.3,0.0544,0.1345,75,4.713,11.72,17.21,19.51,0,0,0,0
PDF_00210,0,1,0.0,0,0,0,0,0.0,0.1302,0.3441,60,5.452,0.0,0.0,40.15,1,0,0,0
PDF_00211,1,1,1.17,0,2,1,0,0.0,0.0,0.1246,51,5.593,0.0,0.0,26.33,0,0,0,0
PDF_00212,1,1,0.0,4,1,0,0,0.0,0.0,0.1037,59,5.887,4.66,0.0,9.27,0,0,0,0
PDF_00213,3,3,16.13,3,0,0,1,0.0,0.0514,0.0946,112,5.259,0.0,0.0,1.81,0,0,0,0
PDF_00214,0,2,16.15,3,0,1,0,4.42,0.1596,0.1192,67,5.4,11.14,29.54,13.97,0,0,0,0
PDF_00215,0,1,0.0,1,0,1,0,0.0,0.0217,0.1625,60,4.742,6.82,13.63,0.0,0,0,0,0
PDF_00216,2,2,5.15,3,0,0,0,0.0,0.0777,0.2232,110,4.485,0.85,0.62,12.95,0,0,0,0
PDF_00217,0,1,0.0,1,1,0,0,5.98,0.0284,0.0501,26,5.257,2.94,0.0,0.0,0,1,0,0
PDF_00218,0,1,2.33,0,0,0,0,0.0,0.0,0.1513,44,5.773,0.0,20.41,10.84,0,0,0,0
PDF_00219,0,2,19.29,3,0,0,0,0.0,0.1897,0.2885,109,5.276,2.99,10.37,35.04,1,1,0,0
PDF_00220,0,1,11.07,2,1,0,0,12.89,0.0403,0.0983,85,4.472,6.06,0.0,0.0,0,1,0,0
PDF_00221,0,1,9.29,0,0,1,0,0.0,0.0401,0.1327,98,5.767,0.0,25.13,0.21,0,0,0,0
PDF_00222,2,2,0.0,5,2,0,0,0.0,0.1152,0.2325,42,4.182,0.0,0.0,36.92,1,1,0,0
PDF_00223,0,1,0.0,4,1,0,0,0.0,0.1435,0.2394,55,4.644,0.0,0.0,31.88,1,1,0,0
PDF_00224,1,2,26.64,0,1,1,0,18.04,0.017,0.1445,85,4.851,0.0,7.62,3.09,0,0,0,0
PDF_00225,0,1,9.46,1,3,0,0,0.0,0.0131,0.0743,71,4.56,14.26,0.0,6.58,0,0,0,0
PDF_00226,0,1,9.08,0,3,0,0,0.0,0.0919,0.1009,93,5.452,5.17,0.0,0.0,0,0,0,0
PDF_00227,0,1,0.0,0,0,0,1,0.0,0.1929,0.3593,83,5.671,4.23,0.0,62.82,1,1,0,0
PDF_00228,3,2,13.01,2,0,1,0,32.65,0.2641,0.3292,143,6.062,9.67,19.29,63.02,1,0,0,0
PDF_00229,0,1,0.0,1,3,0,0,0.0,0.0142,0.2553,39,5.397,0.0,0.0,38.42,1,0,0,0
PDF_00230,0,1,0.0,1,5,0,0,0.0,0.1141,0.2616,102,4.039,0.0,0.0,45.29,1,0,0,0
PDF_00231,1,1,27.33,1,0,0,0,0.0,0.2562,0.4614,129,5.044,23.29,0.0,64.34,1,0,0,0
PDF_00232,1,2,8.96,4,0,0,0,3.84,0.0789,0.0886,63,6.193,9.78,0.0,2.73,0,1,0,0
PDF_00233,1,1,33.87,0,1,0,0,4.1,0.1099,0.1179,79,5.552,13.69,20.91,16.26,0,0,0,0
PDF_00234,0,1,32.39,4,1,0,0,0.18,0.1622,0.3402,152,4.954,9.43,18.01,50.96,1,0,0,0
PDF_00235,0,1,26.89,2,0,0,0,11.83,0.1204,0.3858,142,5.793,54.68,6.35,64.79,1,0,0,0
PDF_00236,0,1,39.78,3,0,0,0,37.05,0.1606,0.3483,113,6.42,19.31,26.77,68.49,1,0,0,0
PDF_00237,1,1,12.03,3,1,1,0,11.66,0.0319,0.0598,41,5.775,10.89,26.61,9.87,0,0,0,0
PDF_00238,0,1,40.57,0,2,0,0,12.13,0.1399,0.0626,100,4.99,14.1,3.14,18.16,0,0,0,0
PDF_00239,2,1,16.91,0,0,0,0,8.51,0.0931,0.2114,126,5.834,13.75,26.48,12.63,0,0,0,0
PDF_00240,0,2,36.82,1,3,2,0,36.19,0.2957,0.3818,139,5.695,48.9,47.09,71.44,1,1,0,0
PDF_00241,0,1,11.65,4,4,0,0,0.0,0.0214,0.1067,89,5.205,0.0,18.92,5.23,0,0,0,0
PDF_00242,0,1,1.47,1,1,0,0,0.0,0.1256,0.271,85,5.027,0.0,0.0,70.25,1,0,0,0
PDF_00243,0,1,0.0,0,3,0,0,0.0,0.0467,0.23,44,5.22,3.12,0.0,58.08,1,0,0,0
PDF_00244,0,1,6.56,2,1,0,0,0.0,0.1635,0.1369,52,6.004,19.15,21.16,8.21,0,0,0,0
PDF_00245,0,1,0.0,0,0,0,0,5.54,0.0,0.1396,65,6.123,0.0,0.0,0.0,0,0,0,0
PDF_00246,0,2,0.0,2,0,0,0,0.0,0.1616,0.3444,110,4.589,1.34,11.06,51.66,1,0,0,0
PDF_00247,2,1,28.18,4,0,0,0,21.01,0.2035,0.3091,135,5.756,29.54,8.68,60.99,1,0,0,0
PDF_00248,0,1,0.0,0,0,0,0,0.0,0.1058,0.294,132,5.328,0.0,0.0,49.46,1,0,0,0
PDF_00249,0,1,20.31,2,0,0,0,1.1,0.1292,0.1604,82,6.078,11.73,25.39,39.15,0,0,0,0
PDF_00250,0,1,9.66,0,0,1,0,0.0,0.1558,0.3025,66,5.735,0.0,0.0,45.18,1,0,0,0
PDF_00251,1,2,30.51,4,3,0,0,9.65,0.1996,0.3417,66,6.401,6.09,29.24,37.18,1,1,0,0
PDF_00252,0,2,10.24,4,3,0,0,0.0,0.0947,0.1426,69,5.177,8.89,22.47,1.82,0,0,0,0
PDF_00253,1,2,31.1,2,1,1,0,2.57,0.2308,0.3141,106,5.38,11.78,27.03,67.02,1,0,0,0
PDF_00254,0,1,0.0,3,0,0,0,0.0,0.1347,0.2807,41,5.093,0.0,0.0,42.74,1,1,0,0
PDF_00255,0,1,0.0,4,0,0,0,0.0,0.1323,0.2017,72,4.744,0.0,0.0,39.7,1,0,0,0
PDF_00256,0,1,21.64,3,0,1,0,0.23,0.0953,0.1727,150,5.115,0.0,20.35,1.99,0,0,0,0
PDF_00257,0,1,1.64,0,0,0,0,0.0,0.11,0.0532,87,6.806,0.0,19.36,7.92,0,0,0,0
PDF_00258,1,1,11.37,3,2,0,0,0.0,0.095,0.1662,60,5.452,5.53,17.72,6.47,0,1,0,0
PDF_00259,0,2,21.56,3,0,1,0,0.0,0.1926,0.255,110,6.413,17.98,20.22,60.55,1,0,0,0
PDF_00260,0,1,11.89,0,2,0,0,0.89,0.0951,0.0913,70,5.49,0.0,16.26,1.28,0,1,0,0
PDF_00261,1,2,19.09,0,4,0,0,13.81,0.1869,0.3091,124,4.257,0.0,26.24,48.89,1,0,0,0
PDF_00262,1,1,22.73,2,0,1,0,0.0,0.1423,0.0746,104,5.179,7.54,9.0,7.91,0,0,0,0
PDF_00263,1,1,19.66,0,2,0,0,28.08,0.1491,0.3901,120,5.344,0.0,3.16,65.77,1,0,0,0
PDF_00264,1,1,0.0,2,2,0,0,0.0,0.1133,0.3377,76,4.909,0.0,0.36,49.87,1,1,0,0
PDF_00265,0,2,18.26,0,4,0,0,4.01,0.2694,0.3624,156,5.465,0.0,43.62,75.2,1,1,0,0
PDF_00266,1,1,0.0,1,0,1,0,8.79,0.1649,0.2824,139,3.728,0.0,0.0,70.1,1,0,0,0
PDF_00267,0,1,0.0,0,1,0,0,0.0,0.0,0.0121,40,5.378,0.0,0.0,0.0,0,0,0,0
PDF_00268,0,1,17.19,0,0,0,0,6.27,0.1803,0.0406,110,4.393,22.05,13.85,0.0,0,0,0,0
PDF_00269,0,2,15.31,0,1,1,0,1.9,0.1882,0.2185,77,5.397,0.0,0.0,52.84,1,0,0,0
PDF_00270,2,1,46.46,3,3,1,0,0.0,0.0811,0.1914,102,5.464,34.66,37.89,30.21,0,0,0,0
PDF_00271,1,3,0.0,1,2,0,0,0.0,0.0546,0.162,35,5.669,0.0,0.0,0.0,0,0,0,0
PDF_00272,1,2,49.87,5,6,1,0,34.1,0.3646,0.3755,173,6.563,9.87,34.51,71.2,1,1,0,0
PDF_00273,1,1,5.39,0,0,0,0,0.0,0.1544,0.3042,90,6.096,5.24,0.0,62.54,1,0,0,0
PDF_00274,2,2,33.46,6,3,0,0,11.77,0.2512,0.2795,135,6.936,12.45,24.29,61.48,1,1,0,0
PDF_00275,0,1,5.1,3,3,1,0,0.94,0.1535,0.2946,73,5.077,18.5,17.53,55.29,1,1,0,0
PDF_00276,1,3,0.0,3,2,0,0,0.0,0.018,0.1602,57,4.009,13.14,1.52,0.0,0,0,0,0
PDF_00277,1,2,5.41,2,1,0,0,17.31,0.0306,0.1124,35,5.256,3.71,0.0,0.0,0,1,0,0
PDF_00278,2,1,53.7,4,5,0,0,36.51,0.2668,0.3501,198,5.59,45.31,39.33,62.67,1,1,0,0
PDF_00279,0,1,10.85,1,2,1,0,13.52,0.0182,0.145,98,5.337,14.16,3.5,19.92,0,1,0,0
PDF_00280,0,1,12.01,3,1,0,0,0.0,0.0623,0.1015,105,5.817,8.43,0.0,9.45,0,0,0,0
PDF_00281,1,2,31.78,5,0,0,0,37.2,0.1194,0.2096,100,5.639,11.61,34.7,8.22,0,1,0,0
PDF_00282,1,1,6.76,5,0,0,0,0.0,0.2001,0.2925,124,5.858,0.0,14.64,51.4,1,0,0,0
PDF_00283,1,1,15.01,0,4,1,0,7.24,0.0944,0.1745,124,6.864,27.03,24.28,36.78,0,0,0,0
PDF_00284,0,1,0.0,4,0,2,0,0.0,0.0,0.0357,5,5.174,0.0,0.0,0.0,0,0,0,0
PDF_00285,0,1,7.15,5,0,0,0,20.15,0.0489,0.116,130,5.222,10.55,12.32,1.04,0,1,0,0
PDF_00286,2,3,0.0,1,0,0,0,0.0,0.022,0.0431,35,4.776,6.26,0.0,2.92,0,0,0,0
PDF_00287,2,1,34.92,7,6,1,0,20.39,0.1649,0.1638,87,4.849,26.79,23.61,15.67,0,0,0,0
PDF_00288,1,2,37.16,1,4,1,0,11.46,0.1615,0.1321,105,5.989,22.63,48.04,31.36,0,1,0,0
PDF_00289,0,1,0.0,1,0,0,0,0.0,0.0765,0.148,67,5.029,0.0,2.77,10.62,0,0,0,0
PDF_00290,0,2,17.34,0,0,1,0,32.67,0.0965,0.1629,77,4.817,20.88,26.48,0.0,0,0,0,0
PDF_00291,1,1,18.58,3,0,1,0,0.0,0.058,0.1271,123,5.855,26.69,0.0,16.71,0,0,0,0
PDF_00292,1,1,3.84,0,5,0,0,0.0,0.1232,0.0756,98,4.663,14.19,4.81,13.62,0,0,0,0
PDF_00293,1,2,37.87,4,2,1,0,6.24,0.1379,0.1794,110,5.366,22.67,7.41,21.42,0,0,0,0
PDF_00294,0,2,23.45,3,0,1,0,0.0,0.0221,0.1489,131,5.32,31.33,29.5,14.12,0,0,0,0
PDF_00295,2,2,13.1,0,0,0,0,19.21,0.0728,0.1988,77,5.791,19.1,15.44,11.46,0,0,0,0
PDF_00296,0,2,0.0,4,0,0,0,0.0,0.1308,0.3083,47,6.142,0.0,0.0,41.62,1,0,0,0
PDF_00297,1,3,17.44,2,0,1,0,0.0,0.0,0.0972,54,6.033,6.04,6.9,0.0,0,0,0,0
PDF_00298,1,1,0.0,2,0,0,0,1.97,0.0,0.0655,66,5.508,0.0,0.63,0.0,0,0,0,0
PDF_00299,0,2,0.0,1,1,0,0,0.0,0.1593,0.3715,55,4.817,0.0,0.0,25.13,1,1,0,0
PDF_00300,0,3,45.31,4,1,1,0,49.46,0.1852,0.1755,138,5.354,43.27,60.97,25.03,0,1,0,0
PDF_00301,1,1,27.71,3,0,1,0,16.34,0.0385,0.1961,101,4.391,0.0,7.46,4.57,0,0,0,0
PDF_00302,0,1,0.0,6,1,0,0,8.75,0.1832,0.2833,111,4.312,0.0,8.0,44.29,1,0,0,0
PDF_00303,1,2,42.04,5,1,1,0,24.97,0.2446,0.3447,213,6.693,15.75,52.6,59.38,1,0,0,0
PDF_00304,0,1,20.17,4,4,0,0,5.09,0.1207,0.3181,168,6.363,24.99,3.97,73.92,1,1,0,0
PDF_00305,2,1,38.5,5,3,1,0,0.18,0.1546,0.1336,147,6.534,37.13,52.58,26.74,0,0,0,0
PDF_00306,0,1,21.88,0,1,0,0,3.13,0.1061,0.1526,81,5.158,7.51,0.0,5.5,0,1,0,0
PDF_00307,0,1,0.0,1,0,0,0,0.0,0.0597,0.0809,89,5.18,0.0,0.51,0.0,0,0,0,0
PDF_00308,0,2,0.0,2,0,0,0,0.0,0.0676,0.3351,128,5.288,0.0,0.0,54.73,1,0,0,0
PDF_00309,0,1,2.31,2,4,0,0,0.0,0.0425,0.0158,90,3.983,0.0,23.77,0.0,0,1,0,0
PDF_00310,0,2,20.5,0,1,0,0,30.25,0.0904,0.1192,83,4.735,21.76,14.63,17.46,0,1,0,0
PDF_00311,2,1,12.08,2,0,0,0,17.9,0.0666,0.109,140,5.255,0.0,13.66,0.0,0,0,0,0
PDF_00312,1,2,0.0,3,0,0,0,0.0,0.0,0.0534,24,3.931,0.0,13.2,0.0,0,1,0,0
PDF_00313,0,1,0.0,0,1,2,0,0.0,0.0184,0.0575,43,4.495,0.0,0.0,0.0,0,0,0,0
PDF_00314,1,1,0.0,4,0,1,0,0.0,0.0532,0.0129,87,4.827,0.0,0.0,0.0,0,0,0,0
PDF_00315,1,1,25.75,2,1,1,0,0.0,0.1616,0.3045,122,5.394,19.69,0.0,69.7,1,0,0,0
PDF_00316,0,1,2.63,3,1,1,0,19.58,0.1814,0.0967,77,5.142,0.0,33.81,24.17,0,0,0,0
PDF_00317,0,2,0.0,3,0,1,0,0.0,0.0,0.0798,69,4.898,0.0,0.0,14.81,0,0,0,0
PDF_00318,0,1,0.0,0,0,0,0,0.0,0.0692,0.3168,54,4.431,0.0,0.0,33.29,1,0,0,0
PDF_00319,0,1,3.16,0,4,0,0,0.0,0.0329,0.1584,102,4.738,16.19,9.81,14.22,0,0,0,0
PDF_00320,0,1,29.91,4,1,1,0,33.12,0.1269,0.1432,106,4.893,20.53,13.43,14.31,0,0,0,0
PDF_00321,1,1,34.54,3,0,0,0,6.37,0.2085,0.3775,145,5.49,0.0,17.49,49.76,1,0,0,0
PDF_00322,1,1,53.71,5,2,0,0,11.99,0.3036,0.3579,156,6.422,20.83,24.17,59.92,1,0,0,0
PDF_00323,2,2,14.84,6,1,1,0,19.45,0.1779,0.341,142,5.464,15.64,23.22,44.42,1,0,0,0
PDF_00324,0,1,26.37,0,3,0,0,5.96,0.2021,0.343,93,5.603,7.22,16.16,56.2,1,1,0,0
PDF_00325,0,2,18.19,0,0,0,0,0.0,0.21,0.2912,90,4.612,11.48,24.3,60.22,1,0,0,0
PDF_00326,0,1,6.14,0,1,0,0,0.0,0.2056,0.2849,52,4.895,0.0,0.0,32.67,1,0,0,0
PDF_00327,1,1,30.53,0,4,1,0,7.36,0.0,0.1285,78,5.523,18.56,19.57,7.28,0,1,0,0
PDF_00328,0,1,13.72,4,1,0,0,18.27,0.1947,0.1544,108,4.923,22.72,0.0,0.0,0,1,0,0
PDF_00329,2,1,15.0,0,0,0,0,0.0,0.1345,0.3184,87,5.439,12.49,24.93,71.19,1,0,0,0
PDF_00330,1,1,20.74,0,5,1,0,0.0,0.0737,0.117,98,4.763,8.45,27.07,26.58,0,0,0,0
PDF_00331,1,2,9.94,0,0,0,0,0.0,0.103,0.0692,124,5.35,24.93,19.91,7.66,0,0,0,0
PDF_00332,0,1,25.91,4,0,1,0,3.51,0.1224,0.0428,72,5.387,12.35,0.0,5.85,0,1,0,0
PDF_00333,0,1,27.35,0,1,0,0,15.15,0.0471,0.1223,70,6.724,29.65,10.08,14.14,0,0,0,0
PDF_00334,0,1,20.99,2,0,0,0,4.99,0.2521,0.3898,97,4.801,27.93,32.89,73.3,1,0,0,0
PDF_00335,1,1,9.09,0,1,0,0,4.71,0.0436,0.0681,47,5.854,0.0,0.0,0.0,0,0,0,0
PDF_00336,0,1,20.94,3,1,1,0,18.64,0.1373,0.0977,106,5.35,8.11,17.0,22.65,0,1,0,0
PDF_00337,0,1,6.2,1,6,0,0,0.0,0.0,0.1183,60,4.229,0.0,0.0,6.64,0,0,0,0
PDF_00338,1,1,33.25,5,3,0,0,22.67,0.122,0.1643,120,5.493,44.01,27.82,9.54,0,0,0,0
PDF_00339,0,2,32.65,2,2,0,0,25.43,0.2273,0.0891,97,6.153,20.55,38.99,0.0,0,0,0,0
PDF_00340,0,2,20.77,0,4,0,0,33.78,0.1187,0.071,42,4.592,18.21,1.63,6.09,0,0,0,0
PDF_00341,1,1,0.0,0,0,1,0,0.0,0.0912,0.3219,64,5.365,13.35,0.0,63.0,1,1,0,0
PDF_00342,0,2,0.0,2,0,0,0,0.0,0.06,0.0653,103,5.917,0.0,14.41,0.0,0,0,0,0
PDF_00343,0,1,0.0,1,0,0,0,0.0,0.1613,0.3137,77,4.941,0.0,0.0,36.16,1,0,0,0
PDF_00344,0,2,0.0,0,2,1,0,0.0,0.0305,0.0,37,5.402,0.0,0.0,0.0,0,1,0,0
PDF_00345,0,1,0.0,0,3,0,0,18.28,0.028,0.1923,88,5.196,20.17,27.35,16.82,0,1,0,0
PDF_00346,2,1,0.0,0,2,0,0,0.0,0.0157,0.1549,51,4.471,0.0,0.0,0.0,0,1,0,0
PDF_00347,0,2,12.69,1,2,0,0,0.0,0.1196,0.3433,91,5.949,0.0,4.28,46.4,1,0,0,0
PDF_00348,0,1,0.0,0,1,0,0,3.59,0.1179,0.2855,9,5.239,0.0,0.0,39.33,1,1,0,0
PDF_00349,1,1,59.44,5,6,1,0,25.54,0.2622,0.4079,153,6.046,37.11,45.99,71.36,1,1,0,0
PDF_00350,0,2,0.0,2,4,0,0,0.0,0.1168,0.216,58,5.065,0.0,0.0,53.81,1,1,0,0
PDF_00351,0,1,25.37,2,1,0,0,0.0,0.1237,0.0944,70,5.634,2.74,2.29,0.0,0,0,0,0
PDF_00352,1,2,9.16,0,3,0,0,0.0,0.005,0.1221,75,6.69,11.45,24.09,28.51,0,0,0,0
PDF_00353,1,2,17.13,0,2,0,0,8.35,0.0877,0.176,92,5.744,23.66,7.21,1.85,0,1,0,0
PDF_00354,0,1,20.08,0,0,1,0,5.12,0.2037,0.1896,100,5.012,4.68,14.91,1.73,0,0,0,0
PDF_00355,1,1,0.0,1,0,0,0,0.0,0.178,0.3336,101,4.628,0.0,0.0,40.79,1,0,0,0
PDF_00356,1,1,16.01,2,0,0,0,0.0,0.0378,0.2344,113,5.072,2.69,0.32,1.65,0,1,0,0
PDF_00357,2,1,12.63,4,4,0,1,0.0,0.0,0.1341,65,4.773,0.0,0.0,0.0,0,0,0,0
PDF_00358,0,1,19.23,2,3,1,0,9.22,0.0887,0.0572,104,5.561,11.31,15.22,0.0,0,0,0,0
PDF_00359,1,1,14.94,3,0,1,0,9.1,0.1379,0.122,118,6.544,14.88,8.39,9.58,0,0,0,0
PDF_00360,2,1,39.43,6,4,1,0,19.18,0.192,0.4438,150,5.661,22.67,35.49,60.69,1,0,0,0
PDF_00361,1,1,23.02,0,0,1,0,0.19,0.1392,0.4172,74,5.998,0.0,0.0,59.26,1,0,0,0
PDF_00362,1,1,20.94,1,1,0,0,3.55,0.1147,0.0575,110,6.26,17.41,0.0,19.52,0,0,0,0
PDF_00363,2,2,8.77,0,0,0,0,21.56,0.0695,0.0999,88,6.428,0.0,0.0,19.71,0,1,0,0
PDF_00364,0,2,0.0,0,0,0,0,1.34,0.004,0.124,26,5.427,0.0,6.87,8.64,0,0,0,0
PDF_00365,1,1,31.87,0,2,1,0,15.83,0.1208,0.1806,109,5.273,9.31,0.67,1.22,0,0,0,0
PDF_00366,0,1,49.76,1,3,0,0,2.15,0.2778,0.3655,138,5.963,17.71,18.84,61.07,1,1,0,0
PDF_00367,1,1,13.88,2,0,1,0,0.0,0.1072,0.0814,43,5.408,1.14,10.99,10.33,0,0,0,0
PDF_00368,1,1,4.98,3,2,1,0,0.0,0.1201,0.3314,112,5.62,2.52,0.0,32.84,1,0,0,0
PDF_00369,1,1,0.0,1,0,0,0,0.0,0.0183,0.1452,81,6.242,0.0,0.0,0.0,0,0,0,0
PDF_00370,1,2,46.3,4,3,2,0,20.76,0.1052,0.088,155,6.393,30.88,50.64,0.0,0,1,0,0
PDF_00371,0,2,30.05,2,2,1,0,22.94,0.2044,0.3687,134,6.003,46.5,25.95,87.57,1,0,0,0
PDF_00372,0,1,11.92,2,2,1,0,4.49,0.2446,0.334,54,4.513,0.0,21.32,61.1,1,0,0,0
PDF_00373,1,1,0.0,0,0,0,0,0.0,0.1496,0.1923,44,5.215,0.0,0.0,20.71,1,0,0,0
PDF_00374,1,2,29.03,4,2,0,0,17.83,0.0885,0.0868,96,5.28,28.99,26.82,18.71,0,0,0,0
PDF_00375,0,3,13.82,1,2,2,0,0.0,0.1363,0.0626,114,5.741,2.74,50.0,3.63,0,0,0,0
PDF_00376,1,1,9.95,2,4,1,0,0.0,0.2481,0.2502,124,5.684,10.02,41.07,46.46,1,1,0,0
PDF_00377,0,1,12.47,0,0,0,0,6.74,0.0,0.124,120,5.062,10.71,0.0,1.43,0,1,0,0
PDF_00378,1,1,0.0,4,2,1,1,23.91,0.0411,0.1833,98,5.989,13.22,2.61,20.45,0,0,0,0
PDF_00379,0,1,0.0,1,0,0,0,0.0,0.1092,0.3339,79,5.321,0.0,0.0,44.09,1,0,0,0
PDF_00380,0,1,12.95,2,0,0,0,0.0,0.1494,0.3317,123,5.764,8.0,25.21,61.27,1,0,0,0
PDF_00381,1,1,19.6,1,4,0,0,12.23,0.1161,0.0479,118,5.027,8.63,3.05,1.17,0,0,0,0
PDF_00382,0,1,8.27,2,1,0,0,0.0,0.0629,0.0791,102,3.922,0.0,0.0,6.11,0,0,0,0
PDF_00383,2,1,3.94,0,0,1,1,17.17,0.0201,0.0986,46,4.744,0.0,17.42,12.28,0,0,0,0
PDF_00384,0,1,9.88,0,0,0,0,0.0,0.1062,0.0766,113,6.274,25.63,12.0,13.74,0,0,0,0
PDF_00385,1,1,44.36,1,4,0,0,39.26,0.1785,0.1365,117,6.127,33.59,19.72,15.7,0,1,0,0
PDF_00386,1,2,7.86,1,0,1,0,0.0,0.0404,0.1335,69,5.325,19.93,7.95,14.65,0,1,0,0
PDF_00387,1,3,39.41,0,2,1,0,12.0,0.1755,0.1829,148,5.678,31.0,41.82,29.04,0,0,0,0
PDF_00388,0,1,0.0,1,0,0,0,0.0,0.0799,0.0504,35,5.251,0.0,0.0,0.0,0,0,0,0
PDF_00389,0,1,17.99,5,4,0,0,22.58,0.2584,0.3012,148,5.763,21.0,21.04,86.88,1,1,0,0
PDF_00390,0,1,0.0,1,1,0,0,0.0,0.075,0.0755,54,6.137,0.0,0.0,0.16,0,1,0,0
PDF_00391,0,1,0.91,0,2,0,0,0.0,0.017,0.1067,68,4.525,5.01,0.57,10.3,0,0,0,0
PDF_00392,0,2,3.44,2,0,0,0,0.0,0.1773,0.2657,80,4.627,6.26,0.0,45.08,1,0,0,0
PDF_00393,1,2,0.0,0,1,0,0,0.0,0.0,0.0,38,4.549,0.0,0.0,0.0,0,0,0,0
PDF_00394,0,1,8.05,2,0,0,0,21.67,0.0545,0.0176,83,5.582,24.87,24.85,14.29,0,1,0,0
PDF_00395,0,1,33.92,1,1,0,0,3.32,0.178,0.3447,117,5.32,8.42,8.2,57.98,1,0,0,0
PDF_00396,0,1,49.02,3,5,0,0,34.24,0.1669,0.1881,89,6.068,26.46,19.17,0.0,0,0,0,0
PDF_00397,1,1,0.0,0,0,0,0,3.27,0.0156,0.1335,67,4.961,13.91,0.0,7.61,0,0,0,0
PDF_00398,0,1,0.0,0,1,0,1,0.0,0.142,0.3901,82,5.288,15.7,0.0,49.45,1,1,0,0
PDF_00399,2,1,36.6,0,0,1,0,11.52,0.2638,0.3231,162,5.674,46.84,28.85,46.76,1,1,0,0
PDF_00400,1,1,0.0,0,0,1,0,0.0,0.0361,0.0625,15,4.591,0.0,0.0,0.0,0,0,0,0
PDF_00401,0,2,0.0,3,0,0,0,0.0,0.0318,0.1496,74,4.804,0.0,0.0,33.02,1,0,0,0
PDF_00402,0,1,16.97,3,0,0,0,15.0,0.0317,0.1679,101,5.805,8.38,0.0,14.38,0,0,0,0
PDF_00403,2,1,20.2,3,2,0,0,0.54,0.128,0.118,114,5.267,10.27,0.63,3.87,0,0,0,0
PDF_00404,0,2,21.43,0,3,0,0,0.0,0.0636,0.0991,91,4.58,26.04,32.11,8.5,0,0,0,0
PDF_00405,0,1,0.0,2,1,0,0,0.0,0.0762,0.1068,42,5.763,0.0,0.88,0.0,0,0,0,0
PDF_00406,1,2,0.62,0,1,1,0,8.3,0.1101,0.3443,115,4.53,0.0,9.33,50.58,1,1,0,0
PDF_00407,0,3,0.0,0,1,0,1,0.0,0.0793,0.0346,9,5.19,0.0,0.0,0.0,0,1,0,0
PDF_00408,0,1,29.44,1,0,1,0,7.14,0.0913,0.1468,133,4.453,4.98,4.87,27.52,0,0,0,0
PDF_00409,0,1,15.39,2,0,0,0,7.36,0.0603,0.0996,98,4.552,0.0,10.93,24.47,0,0,0,0
PDF_00410,1,1,10.34,1,5,0,0,0.0,0.0961,0.337,83,4.052,0.0,15.85,41.24,1,0,0,0
PDF_00411,0,1,0.0,0,0,0,0,0.28,0.1714,0.367,98,6.25,0.16,0.0,38.95,1,0,0,0
PDF_00412,0,1,43.0,2,4,0,0,0.0,0.1703,0.4094,138,5.055,9.1,23.1,72.59,1,0,0,0
PDF_00413,2,3,51.86,5,5,1,1,25.48,0.1926,0.2297,162,6.972,24.39,40.4,33.14,0,1,0,0
PDF_00414,0,1,5.66,0,1,1,0,0.0,0.0959,0.0579,78,5.877,0.0,0.96,17.53,0,0,0,0
PDF_00415,0,2,0.0,6,0,0,0,0.96,0.0,0.0724,37,4.156,0.0,0.0,0.0,0,1,0,0
PDF_00416,1,1,17.48,0,0,0,0,26.19,0.0717,0.2094,101,5.9,5.75,0.0,24.72,0,1,0,0
PDF_00417,2,1,0.0,0,0,1,0,11.54,0.0485,0.3317,93,4.504,0.0,10.85,45.94,1,0,0,0
PDF_00418,1,1,0.0,0,0,1,0,1.23,0.1475,0.2482,116,4.695,0.0,9.74,37.52,1,1,0,0
PDF_00419,1,1,52.41,4,0,1,0,23.54,0.2274,0.3099,107,5.045,17.4,34.47,65.3,1,0,0,0
PDF_00420,1,1,0.0,0,3,0,0,0.0,0.0951,0.1975,6,5.348,12.82,0.0,56.9,1,0,0,0
PDF_00421,1,1,18.41,1,0,1,0,8.77,0.177,0.369,99,5.001,8.77,10.59,64.05,1,0,0,0
PDF_00422,0,2,3.32,5,0,1,0,0.0,0.1455,0.2493,105,4.827,0.0,0.0,61.26,1,0,0,0
PDF_00423,0,1,18.22,2,0,0,0,15.64,0.1537,0.052,151,6.083,11.11,6.36,23.56,0,1,0,0
PDF_00424,1,2,9.52,4,0,0,0,32.08,0.149,0.1728,121,4.543,8.63,21.37,14.15,0,1,0,0
PDF_00425,0,3,48.44,0,3,0,0,22.61,0.0959,0.162,128,6.17,28.03,22.26,18.71,0,0,0,0
PDF_00426,2,1,14.82,0,3,0,0,0.0,0.132,0.3124,66,6.212,12.81,0.0,55.51,1,0,0,0
PDF_00427,1,2,44.17,6,1,2,0,46.24,0.3073,0.3961,164,5.835,28.0,44.81,93.26,1,1,0,0
PDF_00428,0,1,0.0,0,0,0,0,0.0,0.2025,0.3829,61,5.208,5.83,0.0,30.39,1,0,0,0
PDF_00429,0,2,41.8,2,6,1,0,3.78,0.2201,0.1059,123,6.076,7.99,35.34,11.53,0,0,0,0
PDF_00430,0,1,0.0,1,0,0,0,0.0,0.0816,0.2068,40,5.734,0.0,0.0,44.21,1,1,0,0
PDF_00431,0,1,7.53,5,0,1,0,0.0,0.1855,0.3694,43,5.546,0.0,4.25,45.27,1,0,0,0
PDF_00432,0,1,0.0,4,0,0,0,0.0,0.0201,0.0428,50,4.246,8.94,2.09,10.39,0,0,0,0
PDF_00433,0,1,36.63,2,2,0,0,4.7,0.1915,0.3238,108,6.286,15.21,15.63,57.58,1,0,0,0
PDF_00434,0,1,7.83,0,1,1,0,14.52,0.1782,0.3237,115,4.688,13.71,34.75,67.16,1,0,0,0
PDF_00435,1,1,1.82,0,4,2,0,16.69,0.0,0.1482,54,6.218,0.0,0.0,0.0,0,1,0,0
PDF_00436,0,2,0.0,0,3,1,0,0.0,0.043,0.177,47,5.532,9.28,0.0,0.0,0,0,0,0
PDF_00437,1,2,21.93,0,2,1,0,7.79,0.0533,0.1518,118,5.246,6.38,47.16,0.66,0,0,0,0
PDF_00438,1,1,29.83,0,0,0,0,7.43,0.2361,0.337,123,5.295,13.88,32.0,55.18,1,0,0,0
PDF_00439,0,1,34.4,4,6,1,0,31.92,0.2181,0.3552,141,6.086,38.09,27.59,68.5,1,0,0,0
PDF_00440,1,1,41.93,0,0,2,0,15.3,0.1916,0.3644,152,6.454,12.52,26.29,60.69,1,1,0,0
PDF_00441,1,1,0.0,0,1,1,0,0.0,0.0609,0.0728,91,5.814,0.12,0.0,0.0,0,1,0,0
PDF_00442,0,1,16.56,0,2,0,0,17.4,0.0434,0.0447,126,5.961,0.0,33.88,18.63,0,1,0,0
PDF_00443,1,1,24.51,0,0,0,0,26.47,0.0818,0.1082,90,6.069,5.75,8.79,16.96,0,0,0,0
PDF_00444,0,1,0.0,3,3,1,0,0.0,0.0653,0.0,47,5.453,0.0,0.0,0.11,0,0,0,0
PDF_00445,2,1,2.24,0,0,0,0,0.0,0.1049,0.1012,38,4.843,0.0,0.0,0.0,0,1,0,0
PDF_00446,0,3,10.02,0,1,0,0,23.8,0.1074,0.1151,95,6.073,0.0,39.01,6.18,0,1,0,0
PDF_00447,1,2,0.0,1,3,0,0,0.0,0.1689,0.2328,85,5.352,0.0,3.31,48.25,1,0,0,0
PDF_00448,0,1,18.0,0,2,0,0,10.53,0.102,0.29,111,6.184,7.7,4.1,0.0,0,0,0,0
PDF_00449,0,1,19.15,4,3,0,0,0.0,0.0892,0.1443,75,5.219,10.97,10.65,7.67,0,0,0,0
PDF_00450,0,2,0.0,0,0,1,0,27.12,0.0147,0.1787,91,5.498,16.5,1.0,0.0,0,1,0,0
PDF_00451,1,2,19.11,0,0,0,0,0.0,0.0949,0.1337,94,5.4,7.07,23.6,16.59,0,0,0,0
PDF_00452,1,2,41.2,3,1,0,0,18.55,0.1049,0.1346,90,4.361,9.0,28.61,0.0,0,0,0,0
PDF_00453,1,2,8.25,2,1,2,0,15.25,0.1279,0.0721,116,4.304,5.51,7.01,4.18,0,1,0,0
PDF_00454,1,1,16.24,1,2,0,0,11.81,0.1128,0.142,112,6.123,15.46,28.83,8.59,0,0,0,0
PDF_00455,1,1,1.49,0,4,0,0,7.6,0.0706,0.1104,104,6.033,25.94,0.0,17.2,0,1,0,0
PDF_00456,1,1,8.74,1,2,0,0,2.82,0.0672,0.1687,134,4.853,10.65,0.0,4.7,0,0,0,0
PDF_00457,2,1,32.64,1,0,1,0,14.44,0.0987,0.1832,70,5.712,31.35,17.67,25.77,0,1,0,0
PDF_00458,1,2,18.54,7,3,1,0,17.89,0.1142,0.1472,110,5.807,29.34,38.94,44.6,0,0,0,0
PDF_00459,0,2,33.0,0,4,1,0,11.34,0.0747,0.1651,135,5.934,11.19,33.44,29.26,0,1,0,0
PDF_00460,0,2,28.48,1,2,1,0,6.74,0.1172,0.065,141,6.003,18.52,35.82,15.08,0,0,0,0
PDF_00461,0,2,9.07,2,0,0,0,0.0,0.0297,0.0521,56,4.767,0.73,0.0,0.0,0,0,0,0
PDF_00462,0,2,0.0,0,4,0,0,0.0,0.0463,0.1111,29,4.705,0.0,0.0,0.0,0,0,0,0
PDF_00463,1,1,0.0,2,2,0,0,0.0,0.1916,0.3084,90,5.119,0.0,0.0,51.53,1,0,0,0
PDF_00464,2,3,6.08,2,0,0,0,7.93,0.0157,0.0735,91,5.361,23.2,0.0,13.88,0,1,0,0
PDF_00465,0,1,0.0,0,0,0,0,0.0,0.0985,0.2991,99,5.286,0.0,0.0,52.71,1,0,0,0
PDF_00466,1,1,8.78,0,2,0,0,7.25,0.1374,0.3264,95,4.128,7.07,0.0,54.58,1,1,0,0
PDF_00467,0,1,0.57,2,0,0,0,0.0,0.1633,0.3302,132,5.865,3.37,14.95,65.67,1,0,0,0
PDF_00468,1,1,34.24,0,3,0,0,19.04,0.1809,0.3329,70,4.681,0.0,29.55,55.36,1,0,0,0
PDF_00469,0,2,48.98,6,5,1,0,18.84,0.1674,0.171,151,5.31,25.29,38.61,17.11,0,0,0,0
PDF_00470,1,2,49.89,10,5,0,0,30.16,0.3112,0.3357,143,5.57,54.31,54.15,78.41,1,1,0,0
PDF_00471,0,2,0.0,0,2,0,0,0.0,0.0235,0.0,27,4.53,0.0,0.0,0.0,0,0,0,0
PDF_00472,1,2,39.9,1,1,0,0,3.06,0.2529,0.3614,135,6.039,29.32,42.23,61.97,1,0,0,0
PDF_00473,0,1,31.95,0,0,0,0,6.16,0.1525,0.413,108,4.911,5.34,4.89,54.12,1,1,0,0
PDF_00474,2,1,22.53,2,0,1,0,29.45,0.2161,0.313,131,4.799,20.78,17.28,47.91,1,0,0,0
PDF_00475,1,1,43.56,9,2,1,0,35.5,0.3173,0.3403,145,6.22,19.15,34.52,84.02,1,0,0,0
PDF_00476,1,2,33.87,3,2,1,0,4.94,0.2089,0.3646,106,4.55,20.18,32.52,63.41,1,0,0,0
PDF_00477,0,2,0.0,1,1,0,0,0.0,0.0632,0.0519,118,6.281,0.0,0.0,0.0,0,0,0,0
PDF_00478,1,2,31.37,1,4,0,0,19.76,0.1552,0.2221,135,5.936,32.74,20.69,30.71,0,0,0,0
PDF_00479,1,1,18.87,3,3,0,0,0.0,0.2221,0.3232,154,5.362,20.14,43.19,79.42,1,0,0,0
PDF_00480,1,2,6.85,3,2,1,0,0.0,0.0,0.1263,67,5.941,0.0,12.22,12.63,0,0,0,0
PDF_00481,1,2,43.35,2,6,0,0,29.57,0.1809,0.3415,144,5.099,42.84,31.23,74.68,1,1,0,0
PDF_00482,1,1,7.69,0,4,0,0,0.0,0.0015,0.1198,86,5.239,0.0,5.18,1.79,0,0,0,0
PDF_00483,0,1,23.08,0,1,0,0,0.0,0.095,0.0978,53,5.289,28.71,11.85,3.47,0,0,0,0
PDF_00484,0,2,0.0,0,0,0,0,0.0,0.1456,0.3094,77,5.527,0.0,0.0,37.21,1,0,0,0
PDF_00485,1,1,6.09,0,0,1,0,0.19,0.1496,0.2615,123,6.334,25.27,0.0,49.75,1,1,0,0
PDF_00486,0,2,14.6,2,1,1,1,38.92,0.1133,0.1028,120,5.562,6.73,14.85,11.88,0,1,0,0
PDF_00487,1,1,16.08,0,0,1,0,8.23,0.2135,0.3799,161,5.213,13.49,10.27,57.62,1,1,0,0
PDF_00488,1,2,14.31,5,2,0,0,0.0,0.1936,0.3457,121,5.868,0.0,25.36,60.55,1,0,0,0
PDF_00489,1,2,53.34,3,0,1,0,2.97,0.2889,0.3875,121,5.437,17.5,44.37,73.38,1,0,0,0
PDF_00490,1,1,22.72,3,2,2,0,23.3,0.1173,0.0957,67,6.164,0.0,10.04,0.0,0,1,0,0
PDF_00491,1,1,0.0,0,0,0,0,0.0,0.1259,0.2282,73,4.47,3.39,0.0,51.72,1,0,0,0
PDF_00492,0,1,29.44,2,1,0,0,16.6,0.1593,0.2688,118,4.36,13.36,29.33,68.22,1,0,0,0
PDF_00493,1,2,20.07,1,0,1,0,9.57,0.1342,0.1783,102,5.742,9.41,41.75,25.54,0,0,0,0
PDF_00494,1,1,0.0,0,2,0,0,0.0,0.0,0.0413,55,4.39,0.0,3.02,14.57,0,0,0,0
PDF_00495,0,1,47.22,6,2,0,0,5.36,0.1648,0.2051,163,3.935,7.09,36.9,16.68,0,0,0,0
PDF_00496,0,1,16.8,0,1,0,0,0.0,0.1439,0.3442,106,5.708,24.43,7.77,60.26,1,1,0,0
PDF_00497,0,2,0.0,3,0,1,0,0.0,0.0,0.0518,32,6.11,0.0,0.0,0.0,0,0,0,0
PDF_00498,0,1,38.8,2,1,1,0,5.5,0.0986,0.1468,141,5.52,0.0,0.0,19.95,0,0,0,0
PDF_00499,0,1,15.75,2,7,0,0,19.0,0.1755,0.1591,110,6.274,7.6,16.92,8.07,0,0,0,0
PDF_00500,0,1,12.69,0,1,0,0,0.0,0.0922,0.3292,90,4.999,6.96,0.0,54.95,1,1,0,0
PDF_00501,1,1,24.96,0,3,0,0,0.0,0.1052,0.1942,57,5.489,17.65,24.22,0.0,0,0,0,0
PDF_00502,2,1,0.44,1,0,0,0,0.0,0.0665,0.0511,49,4.639,0.0,0.0,8.52,0,0,0,0
PDF_00503,1,1,26.63,2,0,0,0,2.57,0.183,0.3531,114,5.121,12.34,16.62,49.43,1,0,0,0
PDF_00504,1,2,54.18,5,4,1,0,28.4,0.1474,0.2218,161,5.78,27.31,69.83,21.58,0,1,0,0
PDF_00505,0,2,0.0,3,0,0,0,0.0,0.0,0.1027,56,5.295,0.0,0.0,0.0,0,0,0,0
PDF_00506,1,1,28.55,2,1,0,0,0.0,0.2866,0.3463,121,5.623,21.0,6.66,63.24,1,0,0,0
PDF_00507,1,2,11.9,0,0,0,0,0.0,0.065,0.1204,96,5.214,0.0,0.0,0.25,0,0,0,0
PDF_00508,0,1,18.65,0,2,0,0,13.27,0.0858,0.0301,87,4.913,1.86,13.02,10.3,0,0,0,0
PDF_00509,1,2,4.55,0,3,0,0,0.0,0.0,0.1426,90,4.894,1.04,0.0,11.49,0,0,0,0
PDF_00510,1,1,11.6,2,3,2,0,0.0,0.1013,0.1818,57,4.359,3.68,27.86,26.44,0,0,0,0
PDF_00511,1,1,2.89,1,1,0,0,0.0,0.0506,0.0649,75,5.959,6.36,27.39,20.26,0,0,0,0
PDF_00512,1,1,1.14,4,2,0,0,3.07,0.1427,0.2933,86,5.813,0.0,0.0,36.61,1,1,0,0
PDF_00513,0,1,23.85,0,0,1,0,11.18,0.1196,0.1086,148,5.117,40.1,46.58,21.42,0,0,0,0
PDF_00514,1,1,0.0,0,1,0,0,0.0,0.0547,0.0271,107,4.855,0.0,9.72,0.0,0,0,0,0
PDF_00515,0,2,0.0,0,0,0,0,0.0,0.1199,0.1938,72,4.617,0.0,0.0,25.98,1,0,0,0
PDF_00516,0,2,56.55,7,9,2,0,33.87,0.2398,0.2477,155,6.47,37.74,65.09,35.58,0,0,0,0
PDF_00517,0,1,8.71,2,1,1,0,3.64,0.2714,0.3028,84,6.021,0.0,0.0,46.81,1,0,0,0
PDF_00518,0,1,6.29,1,2,0,0,0.0,0.0781,0.1262,48,5.028,20.42,0.0,3.12,0,0,0,0
PDF_00519,0,1,0.0,0,3,0,0,0.0,0.0638,0.0822,66,5.644,16.42,9.19,0.0,0,0,0,0
PDF_00520,0,2,0.0,1,0,0,0,1.47,0.0271,0.1109,5,5.296,0.0,0.0,10.89,0,0,0,0
PDF_00521,1,3,31.65,3,5,1,0,40.95,0.1401,0.1261,86,6.3,47.3,43.82,15.16,0,1,0,0
PDF_00522,0,1,39.27,1,3,0,0,33.16,0.0955,0.1392,107,5.797,24.05,19.5,18.12,0,1,0,0
PDF_00523,0,1,27.19,6,3,1,0,18.08,0.0793,0.0678,86,5.531,10.72,30.92,4.7,0,0,0,0
PDF_00524,1,2,9.33,6,5,2,0,8.54,0.2329,0.4304,119,5.479,14.44,64.56,68.34,1,0,0,0
PDF_00525,0,1,0.0,2,1,0,0,0.0,0.1236,0.3169,151,5.71,0.0,0.0,41.96,1,1,0,0
PDF_00526,0,1,15.68,1,2,0,0,0.0,0.0438,0.0783,42,5.404,0.0,0.0,16.11,0,0,0,0
PDF_00527,1,1,43.38,5,4,2,0,18.6,0.1536,0.0507,131,5.565,31.38,26.2,20.98,0,0,0,0
PDF_00528,2,1,48.3,1,1,0,0,19.71,0.1611,0.2522,134,4.908,26.66,27.5,14.05,0,1,0,0
PDF_00529,1,1,2.4,0,0,0,0,3.54,0.0,0.0875,65,4.698,0.0,0.0,0.0,0,1,0,0
PDF_00530,0,2,0.0,1,0,0,0,2.54,0.1253,0.2907,112,4.774,0.0,0.0,48.86,1,0,0,0
PDF_00531,1,2,0.0,0,0,0,0,0.0,0.0353,0.0489,42,5.133,0.0,0.0,14.87,0,0,0,0
PDF_00532,1,2,0.0,6,0,1,0,0.0,0.1346,0.3674,56,4.794,0.0,0.0,48.41,1,0,0,0
PDF_00533,0,2,3.46,1,0,1,0,0.0,0.1085,0.3733,44,5.677,5.18,0.0,52.18,1,0,0,0
PDF_00534,1,1,19.69,1,1,2,0,14.87,0.205,0.3289,163,6.28,8.19,31.66,57.22,1,0,0,0
PDF_00535,0,1,4.81,0,0,0,0,0.0,0.0,0.0873,59,6.032,0.0,3.96,0.0,0,0,0,0
PDF_00536,0,1,21.19,3,1,0,0,0.0,0.0961,0.188,90,3.938,1.9,16.48,8.23,0,0,0,0
PDF_00537,2,1,6.98,0,0,0,0,2.52,0.0491,0.1839,92,4.812,0.0,8.2,0.0,0,0,0,0
PDF_00538,1,1,0.0,2,0,0,0,0.0,0.1066,0.0,42,5.479,0.0,7.67,0.0,0,1,0,0
PDF_00539,1,1,23.03,0,0,0,0,0.0,0.0678,0.1504,78,5.766,7.6,21.94,0.0,0,0,0,0
PDF_00540,2,1,0.0,0,0,0,0,0.0,0.0,0.2171,80,6.252,0.0,4.37,12.02,0,0,0,0
PDF_00541,2,2,40.11,4,5,0,0,6.16,0.2627,0.3459,124,6.228,21.39,4.85,60.48,1,0,0,0
PDF_00542,1,1,32.09,4,4,1,0,1.03,0.1042,0.2364,119,6.043,27.97,15.61,4.92,0,0,0,0
PDF_00543,1,2,0.0,0,0,0,0,0.0,0.0659,0.2651,59,4.763,0.0,10.53,48.02,1,0,0,0
PDF_00544,2,2,27.28,5,4,1,0,0.0,0.249,0.3761,113,5.826,14.72,31.55,61.54,1,1,0,0
PDF_00545,0,2,0.0,3,3,0,0,6.39,0.1659,0.3267,105,5.348,16.21,8.12,47.98,1,0,0,0
PDF_00546,1,1,47.07,5,3,0,0,20.07,0.1599,0.1122,139,6.389,56.77,18.74,18.25,0,0,0,0
PDF_00547,1,2,0.0,0,0,0,0,0.0,0.0877,0.2513,93,5.176,0.0,1.04,43.83,1,0,0,0
PDF_00548,1,1,11.86,6,2,1,0,35.01,0.1172,0.1662,169,5.881,33.68,24.44,11.28,0,0,0,0
PDF_00549,1,1,19.51,0,2,2,0,0.0,0.1337,0.0996,70,6.252,0.0,6.15,4.86,0,0,0,0
PDF_00550,1,1,29.0,0,2,1,0,21.25,0.2765,0.4168,132,5.566,32.06,17.15,61.96,1,1,0,0
PDF_00551,0,1,14.69,0,0,0,0,8.88,0.1335,0.3557,109,6.187,5.56,30.36,41.67,1,0,0,0
PDF_00552,0,1,5.61,2,1,1,0,13.71,0.0237,0.1063,65,5.693,5.16,0.0,0.56,0,0,0,0
PDF_00553,0,2,6.87,0,1,1,0,0.0,0.0496,0.0292,41,4.047,2.99,0.0,0.0,0,0,0,0
PDF_00554,0,2,24.8,3,0,0,0,16.54,0.2508,0.2768,120,4.801,12.67,24.98,81.95,1,0,0,0
PDF_00555,1,2,23.87,0,1,0,0,0.0,0.1627,0.3478,124,4.329,0.0,25.5,60.72,1,0,0,0
PDF_00556,0,1,0.0,2,4,0,0,0.0,0.1174,0.2856,54,4.812,0.0,0.0,63.31,1,0,0,0
PDF_00557,0,1,9.95,3,2,0,0,7.77,0.0835,0.136,125,5.036,18.71,30.99,27.2,0,0,0,0
PDF_00558,2,1,39.26,3,3,0,0,12.43,0.1216,0.1412,84,5.481,36.21,31.09,8.08,0,0,0,0
PDF_00559,1,1,4.64,0,2,0,0,0.0,0.1113,0.143,72,5.067,20.53,10.14,21.57,0,0,0,0
PDF_00560,2,2,0.0,1,0,0,0,0.0,0.0865,0.151,38,4.484,0.0,0.0,4.87,0,0,0,0
PDF_00561,0,1,13.67,0,4,1,0,19.58,0.1358,0.1971,123,5.273,11.66,10.95,10.69,0,0,0,0
PDF_00562,1,1,21.04,5,1,1,0,32.59,0.2541,0.3744,100,5.169,10.37,0.0,60.95,1,1,0,0
PDF_00563,2,2,60.04,3,2,1,0,10.26,0.2487,0.4602,187,5.552,53.84,59.13,72.49,1,1,0,0
PDF_00564,0,1,15.63,3,5,0,0,0.0,0.0459,0.1039,96,4.659,0.0,6.25,12.68,0,0,0,0
PDF_00565,0,1,0.0,2,1,0,0,22.51,0.128,0.2946,115,5.371,0.0,0.0,56.55,1,1,0,0
PDF_00566,1,1,18.81,3,0,0,0,16.8,0.1881,0.2866,107,5.721,6.38,33.26,65.35,1,0,0,0
PDF_00567,2,2,15.31,3,6,1,0,8.65,0.0948,0.3984,118,5.674,2.12,3.95,56.85,1,0,0,0
PDF_00568,0,1,38.48,4,2,0,0,28.6,0.1993,0.3562,112,5.587,30.75,51.28,60.19,1,0,0,0
PDF_00569,1,1,34.19,6,5,0,0,13.77,0.0603,0.1794,119,5.274,5.12,22.08,7.05,0,0,0,0
PDF_00570,0,2,3.23,0,0,0,0,0.0,0.2052,0.2381,121,6.098,0.0,0.29,47.64,1,0,0,0
PDF_00571,1,2,32.14,5,0,1,0,6.51,0.1493,0.2045,126,6.285,19.45,38.61,13.96,0,0,0,0
PDF_00572,0,2,0.0,0,3,0,0,0.0,0.0,0.0,57,4.639,20.28,0.0,1.44,0,1,0,0
PDF_00573,0,1,22.75,3,4,1,0,0.0,0.2187,0.3681,100,5.058,5.19,8.54,63.42,1,1,0,0
PDF_00574,0,1,13.97,1,0,0,0,9.69,0.1451,0.3613,85,4.869,0.0,14.43,49.92,1,0,0,0
PDF_00575,1,1,26.98,5,0,0,0,0.0,0.0478,0.1164,50,5.316,29.84,0.0,0.0,0,0,0,0
PDF_00576,0,1,14.16,5,1,0,0,24.03,0.131,0.1764,109,4.154,31.25,22.5,7.53,0,0,0,0
PDF_00577,0,1,36.14,0,2,0,0,10.16,0.2105,0.3701,102,5.453,14.64,28.65,68.26,1,1,0,0
PDF_00578,0,1,0.0,2,4,1,0,0.0,0.1019,0.1331,25,5.403,10.29,3.43,14.24,0,0,0,0
PDF_00579,1,3,0.0,1,2,0,0,0.0,0.0194,0.1015,49,5.224,0.0,12.66,0.0,0,1,0,0
PDF_00580,0,1,12.21,2,3,0,0,0.0,0.0413,0.1604,66,6.055,0.0,14.65,14.42,0,0,0,0
PDF_00581,1,1,0.0,0,1,1,0,0.0,0.059,0.164,24,5.012,20.35,0.0,0.0,0,0,0,0
PDF_00582,2,2,44.86,1,2,2,0,25.45,0.1511,0.212,111,5.56,16.24,38.96,9.62,0,0,0,0
PDF_00583,0,1,25.13,0,5,2,0,25.21,0.1082,0.3595,120,5.45,21.89,18.61,79.62,1,0,0,0
PDF_00584,0,1,0.0,0,1,0,0,0.0,0.0,0.0089,62,4.788,0.0,0.0,4.11,0,0,0,0
PDF_00585,0,1,17.5,0,1,1,0,23.53,0.0576,0.1597,67,5.711,0.94,0.0,5.2,0,1,0,0
PDF_00586,1,1,11.95,0,1,0,0,8.33,0.1972,0.4561,151,5.729,33.43,20.64,59.37,1,0,0,0
PDF_00587,1,1,0.0,0,0,0,0,0.0,0.0461,0.1378,48,5.03,0.0,0.0,0.0,0,0,0,0
PDF_00588,1,1,4.58,2,6,1,0,0.0,0.1287,0.3431,62,5.543,0.0,14.41,68.52,1,0,0,0
PDF_00589,1,1,13.56,3,3,0,0,2.36,0.0314,0.0933,40,5.316,4.11,0.0,0.3,0,0,0,0
PDF_00590,0,1,13.97,0,0,1,0,0.0,0.083,0.1197,104,6.647,0.0,20.24,13.49,0,0,0,0
PDF_00591,0,1,8.1,0,0,0,0,0.0,0.0,0.1741,47,5.726,5.95,10.17,14.45,0,0,0,0
PDF_00592,0,1,0.0,3,1,0,0,0.0,0.0111,0.1271,74,5.793,19.0,0.0,0.0,0,1,0,0
PDF_00593,1,1,0.0,2,0,0,0,0.0,0.1356,0.2453,83,5.9,0.0,0.0,60.5,1,0,0,0
PDF_00594,0,1,9.7,5,0,0,0,1.5,0.0666,0.0643,41,5.096,0.0,0.0,10.5,0,0,0,0
PDF_00595,1,1,31.32,2,2,0,0,9.51,0.2129,0.3848,91,6.101,33.33,30.24,54.03,1,0,0,0
PDF_00596,0,2,24.61,3,4,0,0,18.31,0.2304,0.3551,168,5.269,12.43,47.29,69.62,1,0,0,0
PDF_00597,0,1,25.53,0,0,0,0,14.31,0.0715,0.1601,59,5.626,0.0,0.0,11.57,0,1,0,0
PDF_00598,0,1,20.88,1,0,0,0,31.04,0.259,0.2721,107,5.39,16.92,32.47,65.96,1,1,0,0
PDF_00599,0,1,19.52,2,0,0,0,0.0,0.2148,0.3563,143,6.884,0.0,24.12,67.69,1,1,0,0
PDF_00600,1,2,3.69,2,0,0,0,0.0,0.1702,0.2338,94,5.402,10.72,0.0,51.37,1,1,0,0
PDF_00601,1,1,17.81,3,1,0,0,0.0,0.0478,0.0341,55,5.048,0.0,0.0,6.75,0,0,0,0
PDF_00602,1,1,0.0,0,3,0,0,0.0,0.1467,0.3074,62,5.418,0.0,0.0,49.03,1,0,0,0
PDF_00603,0,4,0.0,1,4,0,0,0.0,0.0408,0.208,36,5.067,0.0,0.0,36.81,1,0,0,0
PDF_00604,1,3,47.02,5,2,0,0,1.26,0.0618,0.1612,126,5.192,27.94,45.69,27.58,0,0,0,0
PDF_00605,1,1,7.48,2,0,0,0,31.54,0.0658,0.0738,102,4.209,0.0,0.0,13.26,0,0,0,0
PDF_00606,0,1,0.0,0,6,1,0,0.0,0.0708,0.1216,55,6.225,4.58,5.11,3.07,0,1,0,0
PDF_00607,0,2,8.05,1,0,0,0,11.99,0.1318,0.2707,114,5.824,23.16,4.37,55.37,1,1,0,0
PDF_00608,0,1,40.94,2,2,1,0,15.16,0.2919,0.3765,135,6.071,22.81,34.64,93.8,1,1,0,0
PDF_00609,1,1,25.8,4,2,1,0,25.51,0.1113,0.1147,115,7.02,17.8,37.81,22.56,0,0,0,0
PDF_00610,0,1,27.08,1,0,0,0,16.57,0.0305,0.0875,84,5.732,7.24,0.77,6.79,0,1,0,0
PDF_00611,0,1,0.0,0,0,0,0,0.0,0.1587,0.2651,66,5.588,0.0,0.0,48.52,1,0,0,0
PDF_00612,1,1,37.64,0,1,0,0,40.78,0.2282,0.4006,105,5.996,2.49,30.64,76.16,1,1,0,0
PDF_00613,1,1,0.0,1,0,0,0,0.0,0.0,0.1242,78,4.937,18.49,0.0,0.0,0,0,0,0
PDF_00614,0,1,21.11,5,4,0,0,8.07,0.1907,0.2393,105,4.692,13.5,11.32,74.73,1,0,0,0
PDF_00615,3,1,8.86,0,2,0,0,15.55,0.0,0.2607,74,5.059,8.04,17.84,3.48,0,1,0,0
PDF_00616,0,2,6.52,0,1,1,0,3.84,0.0699,0.1028,63,6.14,20.63,0.0,0.0,0,1,0,0
PDF_00617,0,1,0.0,0,0,0,0,7.38,0.1077,0.3475,115,5.069,0.0,3.64,54.6,1,1,0,0
PDF_00618,0,1,3.72,3,1,1,0,9.45,0.0992,0.1468,79,5.647,11.06,4.23,12.08,0,0,0,0
PDF_00619,0,2,11.92,0,3,0,0,0.0,0.1856,0.356,73,4.867,0.0,7.15,68.87,1,0,0,0
PDF_00620,2,1,0.0,0,0,0,0,1.33,0.122,0.3186,70,5.055,17.47,0.0,44.72,1,1,0,0
PDF_00621,1,1,16.38,5,0,0,0,17.58,0.1738,0.3277,128,4.446,0.0,9.91,53.33,1,1,0,0
PDF_00622,2,1,28.89,1,0,1,0,4.28,0.1069,0.1989,105,5.223,6.83,0.0,17.08,0,0,0,0
PDF_00623,1,1,2.37,2,0,1,0,0.0,0.0952,0.3973,77,4.917,17.86,1.53,40.42,1,0,0,0
PDF_00624,0,1,2.85,0,2,0,0,0.0,0.026,0.0,62,5.348,0.0,0.0,6.0,0,0,0,0
PDF_00625,0,2,44.12,5,1,1,0,31.63,0.1261,0.2286,155,5.755,46.78,61.44,5.4,0,0,0,0
PDF_00626,0,1,18.84,0,0,1,0,20.81,0.1843,0.3837,90,5.22,1.12,0.0,75.73,1,0,0,0
PDF_00627,0,3,39.87,3,0,0,0,24.09,0.1432,0.1426,88,6.755,22.06,50.26,17.36,0,1,0,0
PDF_00628,0,1,0.0,1,4,1,0,0.0,0.0506,0.1531,55,5.007,0.0,12.95,0.0,0,0,0,0
PDF_00629,0,1,2.65,1,0,0,0,0.0,0.0306,0.1965,70,6.152,0.0,26.73,0.0,0,0,0,0
PDF_00630,1,2,0.0,2,0,0,0,0.0,0.0,0.0416,5,4.433,0.0,0.0,0.0,0,0,0,0
PDF_00631,1,1,0.0,0,0,0,0,0.0,0.0858,0.3202,52,4.852,5.19,11.95,59.48,1,0,0,0
PDF_00632,0,1,56.82,7,6,1,0,42.93,0.125,0.2222,130,6.345,42.91,62.15,37.73,0,0,0,0
PDF_00633,1,1,1.67,2,0,2,0,1.39,0.198,0.3661,93,5.275,17.37,7.87,72.65,1,0,0,0
PDF_00634,0,1,0.0,4,1,0,0,0.0,0.1614,0.2303,45,5.238,0.0,0.0,45.18,1,1,0,0
PDF_00635,1,2,46.38,7,2,1,0,30.75,0.2644,0.3902,161,5.34,34.74,58.18,67.3,1,1,0,0
PDF_00636,0,1,6.94,0,3,0,0,3.61,0.1204,0.3851,71,4.728,1.73,0.0,33.78,1,0,0,0
PDF_00637,1,1,5.05,2,0,1,0,12.23,0.2407,0.3613,94,4.914,0.0,0.0,50.22,1,0,0,0
PDF_00638,0,1,0.0,0,0,1,0,0.0,0.0448,0.3341,136,5.754,5.98,0.0,34.55,1,0,0,0
PDF_00639,0,2,50.3,2,5,1,0,25.37,0.1115,0.1232,80,5.063,0.0,16.58,0.27,0,0,0,0
PDF_00640,2,1,38.48,2,0,1,0,24.19,0.2706,0.3661,137,6.069,30.5,13.8,61.81,1,0,0,0
PDF_00641,0,1,0.0,2,4,0,0,0.0,0.0408,0.2655,101,4.673,0.0,1.72,45.24,1,0,0,0
PDF_00642,2,2,1.84,2,0,1,0,1.14,0.16,0.2923,71,6.224,0.0,18.19,51.7,1,0,0,0
PDF_00643,1,1,0.0,1,0,0,0,0.0,0.0091,0.358,71,5.86,0.0,0.0,41.64,1,0,0,0
PDF_00644,0,1,4.66,1,0,1,0,9.61,0.0769,0.0407,92,4.939,9.4,0.01,9.37,0,0,0,0
PDF_00645,0,1,0.0,0,1,0,0,0.0,0.1385,0.3757,67,6.066,4.64,0.0,55.78,1,0,0,0
PDF_00646,0,2,54.4,3,2,0,0,14.57,0.1307,0.1833,124,6.692,9.35,26.3,14.37,0,1,0,0
PDF_00647,1,1,0.0,1,0,1,1,3.3,0.0479,0.1117,101,5.179,11.45,5.06,12.77,0,0,0,0
PDF_00648,1,2,21.59,1,1,0,0,0.86,0.0474,0.0178,55,5.085,0.0,0.0,0.0,0,1,0,0
PDF_00649,1,1,37.48,4,0,0,0,30.24,0.1367,0.0733,115,5.463,13.44,13.7,38.44,0,0,0,0
PDF_00650,0,1,5.98,3,0,1,0,0.0,0.1042,0.0814,75,4.828,2.21,8.2,0.0,0,0,0,0
PDF_00651,0,1,10.23,0,0,0,0,0.0,0.0436,0.1408,64,5.181,0.0,6.12,22.69,0,0,0,0
PDF_00652,1,2,38.11,0,0,2,0,0.0,0.085,0.1588,91,5.477,8.41,13.97,23.47,0,0,0,0
PDF_00653,0,1,0.0,3,4,1,0,0.0,0.0,0.0745,68,6.038,0.0,0.15,0.0,0,0,0,0
PDF_00654,0,1,0.0,1,0,0,0,0.0,0.129,0.2236,102,4.925,0.0,0.0,50.99,1,0,0,0
PDF_00655,0,1,0.83,0,0,0,0,0.0,0.2269,0.2877,93,5.216,0.0,0.0,58.22,1,1,0,0
PDF_00656,1,1,0.0,2,0,0,0,0.0,0.0714,0.1108,45,5.825,0.0,0.0,0.0,0,0,0,0
PDF_00657,0,1,0.0,0,1,1,0,0.0,0.0096,0.0129,6,6.025,0.0,0.0,0.0,0,0,0,0
PDF_00658,1,2,43.11,4,3,1,0,9.09,0.0779,0.1707,102,5.19,11.61,15.67,26.69,0,0,0,0
PDF_00659,0,1,35.04,5,0,1,0,0.0,0.148,0.17,79,5.768,28.38,40.59,16.47,0,0,0,0
PDF_00660,0,1,0.34,0,2,0,0,1.74,0.0481,0.1465,29,4.43,3.56,0.0,5.02,0,0,0,0
PDF_00661,1,2,0.0,0,0,0,0,0.0,0.0,0.1377,22,4.45,0.0,0.0,0.0,0,0,0,0
PDF_00662,0,2,0.0,0,0,1,0,0.0,0.0162,0.1105,36,4.125,0.0,3.98,0.0,0,1,0,0
PDF_00663,2,1,10.19,4,0,0,0,0.0,0.0668,0.2047,121,5.403,9.25,0.0,39.83,1,0,0,0
PDF_00664,0,1,0.0,2,0,0,0,0.0,0.0215,0.0806,12,5.626,0.0,0.0,0.0,0,0,0,0
PDF_00665,0,1,0.0,3,4,0,0,0.0,0.1078,0.2197,58,5.575,9.87,0.0,51.34,1,0,0,0
PDF_00666,0,1,11.6,0,0,1,0,2.5,0.0823,0.1781,85,6.173,31.16,37.15,8.9,0,0,0,0
PDF_00667,1,2,37.5,0,6,1,0,0.0,0.0978,0.2044,79,6.936,0.0,19.31,15.44,0,0,0,0
PDF_00668,0,1,0.0,1,1,0,1,0.0,0.0,0.0,45,4.507,0.0,0.0,0.0,0,0,0,0
PDF_00669,0,1,24.46,0,2,0,0,20.49,0.0452,0.0417,97,5.314,0.0,14.42,6.57,0,1,0,0
PDF_00670,0,1,0.0,3,1,0,0,0.0,0.0467,0.0358,90,5.393,0.0,10.67,2.04,0,0,0,0
PDF_00671,1,1,16.32,0,1,1,1,7.03,0.154,0.0779,124,5.336,17.59,15.41,7.49,0,1,0,0
PDF_00672,0,1,17.74,1,3,0,1,6.59,0.0615,0.2263,135,5.385,7.45,2.54,0.0,0,0,0,0
PDF_00673,2,2,43.45,3,3,0,0,21.26,0.2926,0.3282,156,5.729,34.29,23.44,63.65,1,0,0,0
PDF_00674,0,1,19.4,1,0,1,0,18.99,0.0588,0.1115,71,5.314,0.0,10.7,16.49,0,0,0,0
PDF_00675,1,1,16.04,2,0,0,0,7.82,0.0391,0.045,96,5.529,0.0,0.0,0.0,0,1,0,0
PDF_00676,1,1,13.57,4,1,1,0,0.0,0.0,0.0932,119,5.297,8.17,11.98,24.45,0,0,0,0
PDF_00677,0,1,22.96,0,1,1,0,17.4,0.1561,0.3538,100,6.276,0.0,18.23,79.82,1,0,0,0
PDF_00678,1,2,0.0,0,0,0,0,0.0,0.0834,0.2907,50,4.867,10.31,0.0,46.97,1,0,0,0
PDF_00679,1,1,16.07,0,0,1,0,0.0,0.1903,0.4143,135,5.626,2.28,9.26,48.03,1,0,0,0
PDF_00680,0,1,11.49,0,1,0,0,0.0,0.1097,0.1476,69,5.231,6.14,0.0,12.98,0,0,0,0
PDF_00681,1,2,0.0,0,0,0,0,0.0,0.0215,0.0887,5,4.315,0.0,0.0,0.0,0,0,0,0
PDF_00682,0,1,0.0,1,0,0,0,0.0,0.2339,0.2895,102,4.315,0.0,0.0,52.53,1,0,0,0
PDF_00683,1,2,22.68,1,2,0,0,5.8,0.0509,0.0406,120,4.969,0.0,13.8,16.16,0,0,0,0
PDF_00684,1,2,38.94,5,1,1,0,20.93,0.114,0.122,124,5.953,18.35,20.88,2.5,0,1,0,0
PDF_00685,2,1,7.42,1,0,2,0,2.47,0.1733,0.2691,45,5.803,0.0,0.0,46.8,1,1,0,0
PDF_00686,0,2,1.66,0,0,0,0,2.61,0.0897,0.3342,73,6.227,0.0,0.0,55.26,1,1,0,0
PDF_00687,0,1,14.16,0,1,0,0,15.48,0.1793,0.2392,146,5.82,9.89,18.71,66.1,1,0,0,0
PDF_00688,0,2,0.0,0,0,0,0,0.0,0.0,0.1229,34,4.19,0.0,0.0,0.0,0,0,0,0
PDF_00689,1,1,16.27,0,4,0,0,26.18,0.1626,0.1195,129,6.622,0.0,16.96,33.4,0,1,0,0
PDF_00690,0,1,34.15,3,3,0,0,0.0,0.1695,0.389,132,4.88,27.88,24.55,72.72,1,1,0,0
PDF_00691,2,1,0.0,4,0,2,0,0.0,0.0491,0.1664,63,5.359,0.0,0.0,0.0,0,0,0,0
PDF_00692,0,1,20.34,1,0,0,0,27.5,0.235,0.3486,127,5.994,9.21,34.07,43.56,1,1,0,0
PDF_00693,0,3,34.52,1,0,0,0,17.93,0.135,0.195,159,5.676,27.04,37.45,26.07,0,0,0,0
PDF_00694,1,1,16.42,3,0,0,0,0.0,0.1122,0.1624,73,5.127,0.84,10.68,18.09,0,0,0,0
PDF_00695,1,1,13.83,5,0,0,0,24.28,0.2541,0.3846,148,6.585,32.52,40.95,77.26,1,1,0,0
PDF_00696,0,3,57.24,6,3,0,0,14.18,0.225,0.399,133,6.261,55.31,43.07,58.13,1,0,0,0
PDF_00697,1,1,0.0,0,0,0,0,0.0,0.0851,0.3052,46,5.408,0.0,0.0,41.81,1,0,0,0
PDF_00698,0,1,0.0,1,0,0,0,0.0,0.1222,0.2891,79,5.998,0.0,7.04,45.95,1,0,0,0
PDF_00699,1,1,3.01,0,0,0,0,3.53,0.1435,0.3053,91,4.199,0.0,6.47,55.4,1,0,0,0
PDF_00700,0,1,9.42,0,3,1,0,10.56,0.0549,0.1548,103,5.743,18.36,53.73,23.78,0,0,0,0
PDF_00701,0,1,18.44,0,3,1,0,14.88,0.119,0.1114,111,5.292,15.28,1.65,0.58,0,1,0,0
PDF_00702,0,2,14.95,0,3,0,0,0.0,0.1816,0.3568,133,6.039,0.07,12.58,52.72,1,0,0,0
PDF_00703,1,2,0.0,2,2,0,0,0.0,0.0195,0.0681,5,5.888,0.0,0.0,8.52,0,0,0,0
PDF_00704,0,2,0.0,1,1,1,0,4.03,0.1112,0.0702,80,5.2,0.0,0.0,0.42,0,1,0,0
PDF_00705,0,1,29.9,0,3,0,0,0.0,0.2059,0.2922,84,4.686,29.4,21.25,51.14,1,0,0,0
PDF_00706,1,1,21.94,1,0,0,0,18.76,0.0903,0.1186,95,5.564,9.15,0.1,3.28,0,1,0,0
PDF_00707,1,1,5.89,0,3,0,0,0.0,0.0066,0.0,46,4.906,0.0,0.0,8.1,0,0,0,0
PDF_00708,0,3,0.0,1,4,0,0,13.96,0.1407,0.4151,150,5.113,0.0,35.75,55.99,1,0,0,0
PDF_00709,2,1,7.47,1,0,1,0,8.11,0.0823,0.18,96,4.907,14.46,23.74,11.39,0,0,0,0
PDF_00710,0,1,24.7,0,0,0,0,10.21,0.112,0.1208,46,5.127,25.69,23.41,7.39,0,0,0,0
PDF_00711,1,1,17.2,3,2,1,0,17.07,0.2458,0.1153,98,5.899,5.58,40.52,10.51,0,0,0,0
PDF_00712,1,2,42.24,1,2,1,0,24.53,0.152,0.2124,100,6.019,42.69,18.47,27.34,0,0,0,0
PDF_00713,0,1,0.0,0,0,0,0,0.0,0.0264,0.0891,92,4.884,0.91,2.58,0.0,0,0,0,0
PDF_00714,1,2,23.83,2,2,1,0,23.14,0.12,0.1087,142,4.052,31.0,8.95,23.87,0,1,0,0
PDF_00715,1,1,4.53,0,0,0,0,6.93,0.0288,0.0606,82,4.874,28.51,0.0,8.26,0,0,0,0
PDF_00716,0,1,30.38,6,1,0,0,23.98,0.2114,0.3148,109,4.691,49.81,14.58,68.11,1,1,0,0
PDF_00717,0,2,12.1,0,0,0,0,0.0,0.0577,0.1224,89,5.078,0.8,12.21,0.0,0,0,0,0
PDF_00718,0,2,25.82,2,5,1,0,6.11,0.0765,0.0861,131,5.91,0.0,22.57,24.11,0,0,0,0
PDF_00719,1,2,21.65,4,1,1,0,21.07,0.1926,0.2328,136,5.63,21.46,34.55,53.1,1,1,0,0
PDF_00720,0,1,0.0,1,0,0,0,0.0,0.0,0.0982,29,5.43,0.0,0.0,0.0,0,0,0,0
PDF_00721,1,1,15.26,0,0,0,0,0.0,0.0832,0.1822,79,5.896,3.52,9.62,0.0,0,1,0,0
PDF_00722,0,1,0.0,1,1,0,0,0.0,0.0531,0.1029,57,5.301,0.0,0.0,20.57,0,0,0,0
PDF_00723,0,2,32.19,2,3,1,0,20.88,0.1012,0.1265,88,5.708,43.32,21.65,31.58,0,1,0,0
PDF_00724,0,1,0.0,3,1,0,0,0.0,0.0,0.127,53,5.978,0.0,0.0,5.56,0,0,0,0
PDF_00725,1,1,46.66,5,2,1,0,45.52,0.3096,0.3905,162,6.42,50.63,52.97,75.37,1,0,0,0
PDF_00726,0,1,17.82,1,3,0,0,13.55,0.2429,0.3214,82,4.954,7.35,19.58,64.24,1,0,0,0
PDF_00727,0,1,12.14,0,0,0,0,0.0,0.0672,0.0837,78,4.053,0.0,7.43,0.0,0,0,0,0
PDF_00728,0,2,19.45,1,0,0,0,0.0,0.0908,0.1359,115,5.128,15.01,24.1,16.24,0,0,0,0
PDF_00729,0,2,0.0,1,0,1,0,0.0,0.0875,0.0828,57,5.123,0.0,0.0,6.19,0,0,0,0
PDF_00730,0,1,19.61,3,3,1,0,18.07,0.1367,0.0686,117,5.65,3.6,8.61,9.25,0,1,0,0
PDF_00731,2,1,35.28,7,6,1,0,19.93,0.2412,0.4803,153,5.126,0.0,48.35,67.82,1,0,0,0
PDF_00732,0,2,11.65,0,0,0,0,6.15,0.0632,0.1932,75,5.259,14.26,6.79,1.83,0,1,0,0
PDF_00733,1,1,0.0,0,3,0,0,0.0,0.0168,0.0654,51,5.355,0.0,0.0,0.0,0,0,0,0
PDF_00734,0,1,0.0,0,0,0,0,0.0,0.0,0.0342,54,5.965,0.0,0.0,0.0,0,0,0,0
PDF_00735,0,1,19.37,2,0,1,0,6.56,0.148,0.2874,118,5.017,7.83,17.24,35.55,1,0,0,0
PDF_00736,1,1,28.43,3,2,0,0,19.25,0.2605,0.3534,159,5.922,25.7,10.4,41.35,1,0,0,0
PDF_00737,0,1,6.97,0,0,0,0,23.04,0.0768,0.1052,93,5.673,10.0,24.82,8.98,0,1,0,0
PDF_00738,0,2,0.0,0,1,0,0,0.0,0.0995,0.0693,107,4.164,0.0,5.07,5.15,0,0,0,0
PDF_00739,1,1,35.45,4,4,0,0,13.65,0.244,0.4472,128,5.659,17.9,33.75,68.87,1,0,0,0
PDF_00740,0,2,0.0,5,1,0,0,18.56,0.0,0.0562,63,4.739,0.0,14.63,0.0,0,1,0,0
PDF_00741,0,1,8.49,1,1,0,0,8.38,0.1054,0.3195,69,5.174,0.0,0.18,63.85,1,0,0,0
PDF_00742,1,1,9.36,2,3,0,0,7.21,0.0418,0.1186,67,4.941,6.91,17.96,19.81,0,0,0,0
PDF_00743,1,1,32.17,1,0,0,0,6.08,0.1985,0.3331,120,4.924,11.52,17.1,66.62,1,0,0,0
PDF_00744,1,1,0.0,0,5,1,0,3.01,0.0584,0.1071,93,5.428,0.0,16.36,18.21,0,0,0,0
PDF_00745,1,2,22.86,0,5,1,0,0.0,0.2145,0.3576,137,6.067,0.0,29.55,61.75,1,0,0,0
PDF_00746,0,1,0.0,3,0,0,0,0.0,0.1928,0.3535,127,5.116,0.0,0.0,47.31,1,0,0,0
PDF_00747,0,1,10.46,0,0,0,0,4.12,0.226,0.3249,83,6.352,0.0,33.57,88.81,1,0,0,0
PDF_00748,0,2,29.5,8,7,0,0,34.58,0.1833,0.2975,122,6.082,13.72,54.81,29.44,0,1,0,0
PDF_00749,1,1,0.0,4,1,0,0,0.0,0.0096,0.0683,71,5.775,15.82,12.93,7.29,0,0,0,0
PDF_00750,1,1,3.7,0,0,0,0,0.0,0.0634,0.0909,121,4.48,0.0,0.0,0.0,0,1,0,0
PDF_00751,0,3,0.0,3,2,0,0,5.3,0.0865,0.1382,24,6.271,2.79,9.88,15.62,0,1,0,0
PDF_00752,1,2,11.79,1,2,1,0,16.86,0.232,0.4529,168,5.582,0.0,9.74,71.59,1,0,0,0
PDF_00753,2,1,1.42,3,1,0,0,7.12,0.053,0.0916,83,5.973,0.0,8.68,6.95,0,0,0,0
PDF_00754,0,1,0.0,3,2,0,1,2.11,0.0,0.2074,104,5.403,1.12,0.0,0.0,0,0,0,0
PDF_00755,0,1,0.0,3,1,0,0,23.55,0.0519,0.1322,80,5.748,33.52,0.0,0.0,0,0,0,0
PDF_00756,0,1,5.82,2,1,0,0,0.0,0.075,0.101,72,5.457,0.0,0.91,10.2,0,0,0,0
PDF_00757,0,1,35.85,5,4,0,0,18.71,0.1924,0.2993,156,4.573,25.53,10.02,69.57,1,0,0,0
PDF_00758,1,1,0.0,2,0,0,0,9.6,0.1016,0.3457,116,5.269,21.56,0.0,58.23,1,0,0,0
PDF_00759,0,2,14.19,1,1,1,0,14.47,0.1913,0.3455,91,5.376,16.27,5.14,59.57,1,0,0,0
PDF_00760,1,1,1.21,3,1,0,0,0.0,0.2026,0.2991,92,5.489,0.0,8.82,48.41,1,0,0,0
PDF_00761,1,1,0.0,5,1,1,0,6.23,0.0407,0.1687,83,5.491,28.27,15.17,2.38,0,1,0,0
PDF_00762,1,1,0.0,1,1,0,0,0.0,0.1197,0.2845,56,4.652,0.0,0.0,52.11,1,1,0,0
PDF_00763,0,1,31.39,3,4,0,1,48.82,0.2883,0.3217,109,4.907,6.17,40.74,69.25,1,1,0,0
PDF_00764,1,1,0.0,2,0,1,0,6.94,0.0309,0.1132,75,5.339,0.0,0.0,4.39,0,1,0,0
PDF_00765,0,1,0.0,0,0,0,0,0.0,0.0856,0.1755,91,3.822,0.0,0.0,37.82,1,1,0,0
PDF_00766,0,1,8.59,0,0,0,0,0.0,0.1421,0.3396,101,5.15,0.0,0.0,65.08,1,0,0,0
PDF_00767,1,2,44.59,7,5,2,0,18.16,0.1959,0.2242,132,5.108,36.6,53.38,22.16,0,0,0,0
PDF_00768,2,1,1.57,1,1,0,0,0.0,0.0278,0.0771,45,4.228,0.0,6.9,12.51,0,1,0,0
PDF_00769,0,1,0.0,0,0,0,0,0.0,0.1713,0.1771,62,5.267,0.0,0.0,5.64,0,0,0,0
PDF_00770,1,1,29.16,3,3,0,0,13.27,0.1323,0.1684,61,4.876,15.69,0.78,9.95,0,1,0,0
PDF_00771,1,2,0.53,3,2,0,0,0.0,0.0249,0.1728,72,4.753,0.0,3.66,0.56,0,0,0,0
PDF_00772,1,2,13.46,0,1,0,0,6.13,0.2379,0.2472,114,6.069,0.0,5.45,52.59,1,1,0,0
PDF_00773,0,2,11.68,0,3,0,0,0.0,0.0627,0.0877,80,5.336,0.94,0.0,17.61,0,0,0,0
PDF_00774,1,1,0.0,0,0,0,0,0.0,0.0206,0.0582,68,5.272,0.0,0.0,0.0,0,0,0,0
PDF_00775,1,1,0.0,1,2,0,0,0.0,0.0,0.0944,31,4.804,0.0,0.0,1.51,0,0,0,0
PDF_00776,1,2,0.0,2,0,1,0,0.0,0.062,0.3017,48,5.319,0.0,0.0,46.51,1,0,0,0
PDF_00777,0,1,0.0,4,1,2,0,30.6,0.114,0.182,92,6.502,7.53,29.46,6.8,0,1,0,0
PDF_00778,0,1,14.37,0,2,0,0,9.16,0.0,0.1329,52,4.765,23.15,0.0,0.0,0,1,0,0
PDF_00779,1,2,37.44,8,0,1,0,28.62,0.1748,0.1747,145,6.364,42.89,44.79,28.73,0,1,0,0
PDF_00780,0,2,0.0,4,0,0,0,0.0,0.0,0.0545,23,4.685,0.0,0.0,0.0,0,0,0,0
PDF_00781,0,2,24.32,0,0,1,0,2.45,0.0852,0.1942,136,6.34,10.31,1.16,0.0,0,0,0,0
PDF_00782,1,1,14.28,0,0,0,0,0.0,0.1343,0.3282,85,4.433,11.82,9.62,38.08,1,0,0,0
PDF_00783,0,1,7.77,1,3,0,0,2.29,0.0158,0.0759,69,6.093,21.48,13.26,0.0,0,1,0,0
PDF_00784,1,1,0.0,0,0,1,0,0.0,0.0,0.0,50,5.401,0.0,0.0,0.0,0,0,0,0
PDF_00785,1,2,1.16,2,2,0,0,0.0,0.1624,0.2539,29,5.963,5.38,0.0,51.28,1,1,0,0
PDF_00786,2,1,36.5,4,3,1,0,32.58,0.2967,0.419,189,4.333,36.17,40.62,50.77,1,0,0,0
PDF_00787,0,2,8.1,0,2,0,0,5.97,0.1581,0.3128,127,6.394,24.34,0.81,3.75,0,0,0,0
PDF_00788,0,2,25.32,3,3,0,0,24.25,0.2984,0.3035,150,4.823,12.7,26.01,59.61,1,1,0,0
PDF_00789,1,2,11.12,3,4,1,0,0.0,0.1018,0.1041,126,5.268,0.0,0.0,0.0,0,0,0,0
PDF_00790,0,1,18.69,2,1,0,0,33.03,0.1065,0.1371,93,4.027,17.53,0.0,0.0,0,1,0,0
PDF_00791,0,2,17.01,1,3,0,0,3.13,0.0485,0.1033,43,5.933,0.0,23.3,2.01,0,1,0,0
PDF_00792,0,3,7.72,0,0,0,0,0.0,0.0991,0.0733,23,5.141,0.0,15.29,5.37,0,0,0,0
PDF_00793,1,1,0.0,0,3,1,0,0.0,0.0995,0.3183,75,5.567,0.0,0.0,53.37,1,0,0,0
PDF_00794,1,3,4.73,3,2,0,0,0.0,0.0768,0.1738,29,6.266,11.7,0.0,6.16,0,0,0,0
PDF_00795,1,1,0.0,0,5,0,0,0.0,0.0983,0.2855,60,4.19,1.24,13.01,49.32,1,0,0,0
PDF_00796,0,1,9.01,2,1,0,0,11.31,0.2309,0.2997,84,6.723,23.75,6.57,62.25,1,0,0,0
PDF_00797,0,1,6.2,0,0,0,0,7.23,0.0181,0.0923,19,5.772,0.0,0.0,2.97,0,0,0,0
PDF_00798,1,1,0.0,1,1,0,0,2.88,0.1546,0.239,108,5.293,16.17,16.18,65.75,1,0,0,0
PDF_00799,1,1,26.53,0,0,0,0,27.74,0.079,0.1258,73,5.375,7.43,23.07,3.03,0,0,0,0
PDF_00800,1,2,0.42,3,0,1,1,0.0,0.1033,0.2285,105,5.42,0.0,0.0,24.31,1,0,0,0
PDF_00801,1,1,33.19,1,2,1,0,0.0,0.1555,0.1603,92,4.222,10.0,33.15,8.44,0,0,0,0
PDF_00802,1,1,23.6,1,2,1,0,0.0,0.1614,0.3014,117,5.625,27.01,22.86,56.42,1,0,0,0
PDF_00803,0,2,2.4,0,0,0,0,4.73,0.1718,0.3431,122,5.58,14.78,12.74,51.16,1,0,0,0
PDF_00804,2,2,14.89,1,2,0,0,0.0,0.262,0.3483,95,6.52,0.82,0.0,53.45,1,0,0,0
PDF_00805,1,1,12.06,3,0,0,0,9.88,0.1896,0.2855,124,5.083,0.0,17.69,74.89,1,1,0,0
PDF_00806,1,1,0.0,2,3,1,0,0.0,0.1576,0.2959,57,5.984,0.0,2.66,49.75,1,1,0,0
PDF_00807,0,3,31.12,6,0,1,0,22.58,0.2231,0.3129,167,5.738,10.3,29.55,67.99,1,0,0,0
PDF_00808,0,1,8.45,0,4,0,0,0.0,0.2168,0.2677,142,4.982,2.66,11.13,40.07,1,0,0,0
PDF_00809,0,1,3.16,0,1,0,0,0.0,0.034,0.0877,70,4.501,0.0,23.45,7.37,0,1,0,0
PDF_00810,1,1,28.68,1,2,0,0,6.02,0.0218,0.0709,58,5.966,7.65,0.0,0.0,0,0,0,0
PDF_00811,0,2,0.0,2,1,0,0,0.0,0.0748,0.0942,107,5.463,2.57,20.74,11.0,0,0,0,0
PDF_00812,1,2,8.43,0,2,0,1,19.1,0.0461,0.0671,40,4.546,9.55,10.91,0.0,0,1,0,0
PDF_00813,0,1,52.62,4,6,0,0,7.39,0.2139,0.1432,122,6.324,36.62,64.99,30.47,0,0,0,0
PDF_00814,0,1,23.81,0,0,0,0,7.59,0.1066,0.1239,74,5.664,31.42,15.3,2.09,0,0,0,0
PDF_00815,1,1,25.41,6,3,0,0,6.46,0.1593,0.2454,135,5.618,2.82,33.45,55.89,1,0,0,0
PDF_00816,0,1,0.6,0,0,0,0,0.0,0.0085,0.1036,64,4.918,0.0,7.48,10.32,0,0,0,0
PDF_00817,0,1,22.29,2,1,0,0,0.0,0.2142,0.3441,140,6.143,31.66,0.0,51.63,1,1,0,0
PDF_00818,0,1,0.0,0,0,1,0,0.0,0.1151,0.3054,41,5.006,0.0,0.0,41.09,1,0,0,0
PDF_00819,0,1,0.0,0,3,0,0,0.0,0.0021,0.0373,38,4.087,0.0,0.0,0.0,0,0,0,0
PDF_00820,1,1,35.41,0,4,0,0,17.22,0.1117,0.143,136,5.397,21.34,33.0,10.29,0,1,0,0
PDF_00821,2,1,20.68,1,1,0,0,0.0,0.1473,0.1118,71,5.457,7.44,20.11,22.26,0,1,0,0
PDF_00822,0,1,0.0,0,1,0,0,11.83,0.093,0.2188,88,5.139,0.0,0.09,4.81,0,0,0,0
PDF_00823,1,1,24.23,3,0,1,0,52.99,0.1283,0.1446,80,5.345,27.48,29.5,0.0,0,1,0,0
PDF_00824,0,1,5.36,2,4,0,0,0.0,0.0613,0.1891,58,5.876,0.0,2.38,10.38,0,0,0,0
PDF_00825,0,1,10.71,2,0,1,0,8.3,0.2104,0.2532,118,5.527,2.69,0.0,51.43,1,0,0,0
PDF_00826,0,2,27.96,2,1,1,0,19.52,0.2486,0.3659,162,6.155,13.8,18.37,53.9,1,0,0,0
PDF_00827,1,1,23.53,0,1,0,0,3.01,0.0088,0.0639,48,4.41,0.0,0.0,2.92,0,1,0,0
PDF_00828,0,1,0.0,2,2,0,0,16.67,0.0703,0.1138,70,4.019,0.0,0.0,12.91,0,1,0,0
PDF_00829,0,1,0.0,0,2,1,0,17.24,0.1402,0.3244,76,5.003,15.54,0.0,29.18,1,1,0,0
PDF_00830,1,1,17.33,3,0,0,0,4.42,0.0831,0.2554,99,5.566,16.38,8.35,17.17,0,1,0,0
PDF_00831,1,1,0.69,0,0,0,0,12.01,0.0487,0.0873,64,5.434,10.78,1.37,3.36,0,0,0,0
PDF_00832,0,1,3.17,0,2,0,0,0.0,0.0,0.0131,37,6.141,2.09,0.0,0.0,0,1,0,0
PDF_00833,0,2,36.64,2,0,0,0,12.73,0.1304,0.1951,110,5.753,2.01,44.42,17.46,0,0,0,0
PDF_00834,0,2,0.1,4,3,1,0,0.0,0.0299,0.0578,77,5.253,3.86,7.06,8.58,0,0,0,0
PDF_00835,0,1,0.88,3,0,0,0,0.0,0.0496,0.0483,24,4.667,0.0,0.0,7.76,0,0,0,0
PDF_00836,0,1,21.36,0,0,0,0,0.0,0.1053,0.1854,110,5.078,0.0,5.06,0.0,0,0,0,0
PDF_00837,1,1,2.02,0,0,0,0,0.0,0.1502,0.2831,106,4.864,5.99,7.5,41.95,1,0,0,0
PDF_00838,1,1,9.07,4,1,1,0,0.0,0.1025,0.0161,92,4.597,3.41,22.18,16.42,0,0,0,0
PDF_00839,1,1,13.07,2,1,1,0,0.0,0.0829,0.1736,98,5.72,4.07,20.42,0.0,0,0,0,0
PDF_00840,2,2,27.01,7,0,0,0,10.46,0.2212,0.3982,84,5.929,21.01,24.04,55.07,1,0,0,0
PDF_00841,3,2,0.0,1,0,0,0,0.0,0.079,0.0561,85,4.965,0.0,0.0,16.0,0,1,0,0
PDF_00842,2,1,0.0,3,1,0,0,0.0,0.1143,0.2159,95,5.482,0.57,3.19,34.55,1,1,0,0
PDF_00843,0,2,0.25,1,3,0,0,0.0,0.0,0.1535,19,4.215,0.0,7.71,16.2,0,0,0,0
PDF_00844,1,2,21.65,0,0,0,0,19.03,0.0486,0.1996,16,5.041,0.0,17.1,0.0,0,0,0,0
PDF_00845,2,1,0.0,0,0,1,0,0.0,0.0281,0.0266,38,5.464,0.0,0.0,0.0,0,0,0,0
PDF_00846,0,1,11.52,0,0,0,0,27.47,0.1112,0.2179,87,6.12,0.0,0.0,6.74,0,0,0,0
PDF_00847,0,3,0.0,2,2,0,0,0.0,0.2316,0.233,124,5.064,0.0,12.37,59.44,1,1,0,0
PDF_00848,0,1,43.14,5,2,0,0,6.38,0.1548,0.3553,131,5.61,17.64,7.27,53.91,1,0,0,0
PDF_00849,0,1,0.0,2,1,1,0,2.42,0.036,0.0922,72,5.56,0.0,0.0,9.18,0,1,0,0
PDF_00850,1,1,18.64,1,0,0,0,0.0,0.0337,0.191,115,5.455,14.7,23.8,0.0,0,0,0,0
PDF_00851,0,1,0.0,0,0,0,0,0.8,0.1321,0.3302,62,5.471,0.0,0.0,45.43,1,1,0,0
PDF_00852,0,1,0.58,1,3,0,0,0.0,0.021,0.0667,72,6.068,0.0,0.0,0.0,0,0,0,0
PDF_00853,1,2,22.77,5,1,0,0,15.86,0.1664,0.2018,143,4.678,26.37,52.64,7.73,0,0,0,0
PDF_00854,0,1,0.0,2,4,0,0,15.31,0.0854,0.0753,60,5.039,7.7,0.22,11.05,0,0,0,0
PDF_00855,0,1,34.85,4,1,0,0,33.96,0.2966,0.3922,143,5.727,19.19,32.12,40.64,1,0,0,0
PDF_00856,0,1,0.0,0,0,1,0,0.0,0.0,0.0831,33,6.059,0.0,0.0,7.41,0,0,0,0
PDF_00857,0,1,37.59,0,3,0,0,15.24,0.1608,0.0947,96,5.714,16.86,26.67,13.84,0,1,0,0
PDF_00858,0,1,33.96,5,2,0,0,0.0,0.1412,0.1838,95,5.337,17.77,25.53,11.13,0,0,0,0
PDF_00859,0,2,0.0,0,0,0,0,1.55,0.1211,0.2954,45,5.164,10.46,5.61,39.14,1,0,0,0
PDF_00860,1,2,32.19,2,5,0,0,0.0,0.1266,0.1897,87,5.582,21.34,6.39,22.07,0,0,0,0
PDF_00861,2,2,44.04,7,1,1,0,16.65,0.2961,0.3827,147,5.788,0.0,40.33,63.54,1,0,0,0
PDF_00862,0,1,31.34,3,2,0,0,27.19,0.1301,0.171,114,5.538,16.4,24.51,14.66,0,1,0,0
PDF_00863,0,1,6.77,0,0,0,0,16.98,0.1262,0.0767,88,5.108,0.0,19.19,0.0,0,0,0,0
PDF_00864,2,1,47.39,2,1,1,0,18.05,0.1229,0.0,66,5.585,29.0,28.68,10.78,0,0,0,0
PDF_00865,2,2,50.31,3,4,0,0,23.7,0.2034,0.1048,111,6.17,41.32,42.63,30.73,0,0,0,0
PDF_00866,0,1,0.0,1,2,0,1,0.0,0.0865,0.3054,63,5.029,0.0,0.0,59.02,1,1,0,0
PDF_00867,1,2,33.94,2,2,2,0,25.47,0.1197,0.1982,109,4.168,28.15,8.06,4.73,0,1,0,0
PDF_00868,1,2,54.5,3,0,0,0,32.71,0.2186,0.3211,122,7.191,54.16,48.5,23.26,0,0,0,0
PDF_00869,0,1,15.95,1,0,0,0,0.0,0.0998,0.1538,35,4.886,17.32,18.05,14.87,0,0,0,0
PDF_00870,2,3,35.46,3,0,0,0,1.57,0.1411,0.1145,62,5.473,28.53,5.71,7.77,0,1,0,0
PDF_00871,1,1,5.48,0,1,0,0,0.0,0.1145,0.1724,51,5.958,18.13,0.0,0.0,0,1,0,0
PDF_00872,1,1,0.0,0,0,0,0,0.0,0.0,0.1222,70,5.502,0.0,7.84,0.0,0,0,0,0
PDF_00873,0,1,0.0,2,0,0,0,0.0,0.0869,0.1134,64,5.255,0.0,0.0,7.85,0,0,0,0
PDF_00874,0,1,30.68,4,1,0,0,4.88,0.1291,0.1198,159,6.044,29.76,38.42,7.04,0,0,0,0
PDF_00875,0,2,8.78,4,2,1,0,6.34,0.1093,0.1344,79,5.331,24.49,3.46,16.54,0,0,0,0
PDF_00876,2,1,0.0,2,0,0,0,0.0,0.0546,0.2942,67,4.4,0.0,0.0,25.51,1,0,0,0
PDF_00877,0,2,12.94,0,0,2,0,0.0,0.0295,0.0904,82,4.938,0.0,0.93,0.0,0,0,0,0
PDF_00878,0,1,21.07,3,0,0,0,0.0,0.0576,0.1348,104,5.233,17.05,0.0,13.33,0,0,0,0
PDF_00879,0,1,27.69,0,3,0,0,0.02,0.1266,0.1965,121,5.644,10.72,18.63,26.72,0,0,0,0
PDF_00880,2,4,30.13,2,0,0,0,19.47,0.1469,0.2619,141,6.506,30.61,25.48,20.28,0,0,0,0
PDF_00881,2,1,0.0,1,0,1,0,0.0,0.0,0.0871,33,4.678,0.0,0.0,0.0,0,0,0,0
PDF_00882,0,2,0.0,1,2,1,0,2.32,0.1238,0.0042,83,5.519,0.0,0.0,2.54,0,0,0,0
PDF_00883,1,3,14.61,4,0,0,0,0.0,0.124,0.2988,67,5.51,5.76,0.0,45.82,1,0,0,0
PDF_00884,0,2,27.89,0,0,0,0,41.25,0.155,0.3684,124,5.859,42.57,45.28,70.46,1,1,0,0
PDF_00885,0,1,0.0,4,1,0,0,12.63,0.0098,0.037,58,4.415,0.0,0.0,4.05,0,1,0,0
PDF_00886,1,1,0.0,2,0,0,0,0.0,0.0611,0.1002,6,3.399,0.0,0.0,14.24,0,0,0,0
PDF_00887,1,1,25.68,5,0,0,0,18.99,0.0908,0.125,116,5.335,9.39,14.57,20.12,0,0,0,0
PDF_00888,0,2,18.49,5,2,1,0,1.77,0.2905,0.3422,96,4.565,0.07,62.48,65.11,1,1,0,0
PDF_00889,2,2,47.0,2,2,1,0,5.68,0.2561,0.3667,164,5.233,33.93,47.41,68.8,1,0,0,0
PDF_00890,1,1,0.0,0,0,0,0,0.0,0.0,0.0996,98,5.404,0.0,0.0,0.0,0,0,0,0
PDF_00891,1,2,14.92,2,1,1,0,0.0,0.1043,0.0824,99,5.067,0.33,51.95,2.39,0,0,0,0
PDF_00892,0,2,36.49,0,1,0,0,0.0,0.0974,0.2152,108,6.129,8.42,42.98,16.07,0,0,0,0
PDF_00893,0,2,0.0,0,0,0,1,7.31,0.1019,0.3195,67,4.724,0.0,0.0,37.45,1,0,0,0
PDF_00894,1,1,24.98,1,0,1,0,0.0,0.0352,0.1234,67,5.851,9.17,19.9,16.32,0,1,0,0
PDF_00895,1,1,0.0,0,2,0,0,9.72,0.115,0.1275,103,5.975,0.0,22.58,0.0,0,0,0,0
PDF_00896,2,1,1.16,0,0,0,0,0.0,0.1211,0.1171,74,5.127,1.04,9.97,8.45,0,0,0,0
PDF_00897,0,3,0.0,0,2,1,0,0.0,0.0894,0.273,27,4.537,0.0,0.0,42.83,1,0,0,0
PDF_00898,0,2,26.9,3,1,0,0,21.17,0.04,0.1236,101,5.681,25.5,17.81,12.26,0,0,0,0
PDF_00899,1,1,5.76,0,2,0,0,0.0,0.0571,0.0681,94,5.72,0.0,6.83,0.0,0,0,0,0
PDF_00900,1,1,13.78,0,0,0,0,23.53,0.1109,0.0967,120,6.16,0.0,15.15,7.53,0,1,0,0
PDF_00901,0,2,1.8,4,0,1,0,0.0,0.0247,0.1267,35,4.228,3.13,3.15,0.0,0,1,0,0
PDF_00902,0,1,7.87,0,0,0,0,11.09,0.1146,0.0465,73,5.413,0.0,0.65,0.0,0,0,0,0
PDF_00903,0,1,19.55,2,3,1,0,6.26,0.074,0.0658,43,6.641,14.74,0.0,24.31,0,1,0,0
PDF_00904,0,2,0.0,2,1,1,0,0.0,0.0872,0.0595,77,5.831,26.84,4.63,6.62,0,0,0,0
PDF_00905,0,1,0.0,3,0,1,0,0.0,0.0,0.0792,68,5.315,0.0,0.0,0.0,0,1,0,0
PDF_00906,1,1,0.0,0,1,0,0,4.37,0.1683,0.3548,55,5.147,0.0,0.0,37.61,1,1,0,0
PDF_00907,1,1,23.53,0,2,0,1,0.0,0.2208,0.3575,123,5.179,8.14,0.0,68.19,1,1,0,0
PDF_00908,1,2,16.79,1,0,0,0,18.83,0.1829,0.1791,94,5.392,14.99,17.95,12.51,0,0,0,0
PDF_00909,0,3,23.92,3,0,0,0,0.0,0.1847,0.4087,118,6.117,19.22,15.06,52.02,1,0,0,0
PDF_00910,2,1,11.06,0,0,0,0,15.24,0.1561,0.2583,107,6.59,7.0,27.44,77.05,1,0,0,0
PDF_00911,1,1,41.29,1,0,0,0,37.34,0.1895,0.3141,126,4.859,13.57,6.02,63.71,1,1,0,0
PDF_00912,1,2,27.85,7,3,1,0,6.69,0.1152,0.2118,112,5.679,14.51,50.28,12.57,0,0,0,0
PDF_00913,1,4,41.12,5,2,2,1,23.19,0.3139,0.2745,151,5.886,49.81,44.11,60.47,1,1,0,0
PDF_00914,1,1,20.11,4,2,0,1,4.41,0.1126,0.1859,102,6.378,8.56,44.23,6.83,0,0,0,0
PDF_00915,1,1,0.0,0,1,0,1,0.0,0.0525,0.0961,36,5.454,0.0,0.0,0.0,0,0,0,0
PDF_00916,0,2,18.01,3,0,1,0,1.13,0.1057,0.1848,36,4.495,4.43,21.37,9.38,0,0,0,0
PDF_00917,2,1,39.29,1,2,0,0,23.33,0.1361,0.1847,114,4.891,14.59,50.06,20.63,0,0,0,0
PDF_00918,1,1,7.32,1,1,0,0,0.0,0.1732,0.3617,89,5.569,0.0,0.0,41.62,1,0,0,0
PDF_00919,1,2,43.4,3,4,1,0,34.32,0.1571,0.137,148,6.848,27.7,32.03,21.0,0,1,0,0
PDF_00920,2,1,2.9,0,0,0,0,0.0,0.0546,0.0799,99,4.478,1.49,0.0,10.09,0,0,0,0
PDF_00921,1,1,13.89,0,0,1,0,7.86,0.0995,0.1577,103,4.995,20.5,2.46,14.25,0,0,0,0
PDF_00922,1,2,5.86,5,0,1,0,0.0,0.0976,0.1069,119,4.641,11.75,6.15,0.0,0,0,0,0
PDF_00923,2,1,10.2,1,0,0,0,0.0,0.0022,0.171,107,5.334,0.0,15.75,8.01,0,0,0,0
PDF_00924,0,1,5.02,0,0,0,0,0.0,0.0,0.0691,58,5.917,0.25,3.65,19.15,0,0,0,0
PDF_00925,0,1,0.0,0,3,0,0,0.0,0.0,0.093,94,5.938,0.0,0.0,4.95,0,0,0,0
PDF_00926,1,2,11.73,0,0,1,0,0.56,0.0577,0.2027,46,5.916,0.64,0.0,10.09,0,1,0,0
PDF_00927,1,2,0.0,0,1,0,0,5.57,0.0984,0.1849,65,5.109,0.0,0.0,44.79,1,0,0,0
PDF_00928,1,1,0.0,3,2,1,0,0.0,0.156,0.3473,95,4.966,5.2,0.0,47.79,1,0,0,0
PDF_00929,1,2,0.0,0,0,0,0,0.0,0.01,0.061,34,3.983,0.0,0.0,0.0,0,0,0,0
PDF_00930,1,2,1.52,0,0,0,0,0.32,0.0461,0.1712,71,5.734,0.0,1.15,17.42,0,0,0,0
PDF_00931,1,3,33.37,5,3,0,0,6.0,0.2051,0.3357,125,5.746,1.98,21.9,45.59,1,0,0,0
PDF_00932,0,1,0.0,3,4,0,0,0.0,0.0899,0.3652,129,4.929,0.0,0.0,62.24,1,0,0,0
PDF_00933,0,1,29.77,3,3,1,0,21.88,0.2831,0.3679,173,6.569,14.14,18.37,69.91,1,0,0,0
PDF_00934,0,2,30.11,1,0,0,0,11.88,0.0671,0.1509,117,5.648,22.96,34.35,2.84,0,0,0,0
PDF_00935,0,1,0.0,0,4,1,1,0.0,0.0,0.0868,5,4.38,6.13,0.0,0.0,0,0,0,0
PDF_00936,2,1,11.34,0,3,0,0,0.27,0.1514,0.3279,80,5.142,8.68,0.0,48.47,1,0,0,0
PDF_00937,2,2,69.58,3,2,1,0,37.32,0.2891,0.3394,148,6.172,28.07,54.62,52.76,1,0,0,0
PDF_00938,0,1,22.39,0,1,0,0,0.0,0.0415,0.2298,72,5.848,14.59,1.78,0.0,0,0,0,0
PDF_00939,0,1,23.94,6,0,1,0,0.0,0.0857,0.0161,26,4.787,0.32,3.21,9.26,0,0,0,0
PDF_00940,2,1,27.56,4,2,1,0,6.86,0.1377,0.3024,158,5.241,13.24,2.11,54.05,1,0,0,0
PDF_00941,0,1,38.62,1,2,1,0,21.9,0.0614,0.2026,130,5.542,11.72,0.0,9.06,0,1,0,0
PDF_00942,0,1,3.87,0,6,0,0,0.0,0.1665,0.0836,87,5.09,0.0,16.55,5.15,0,0,0,0
PDF_00943,0,2,14.01,1,0,0,0,0.31,0.1621,0.3414,85,5.76,26.87,13.34,61.57,1,0,0,0
PDF_00944,0,2,12.97,1,3,1,0,9.26,0.1737,0.1731,108,5.243,35.48,47.19,13.55,0,0,0,0
PDF_00945,1,2,35.54,5,3,1,0,0.0,0.2318,0.2976,194,5.289,23.84,24.84,70.71,1,0,0,0
PDF_00946,1,2,25.68,2,1,0,0,37.83,0.1229,0.1366,77,5.435,10.29,4.75,5.07,0,0,0,0
PDF_00947,0,1,7.72,2,0,0,0,0.0,0.078,0.0814,115,5.34,14.04,0.0,14.29,0,0,0,0
PDF_00948,0,1,27.36,1,0,0,0,10.49,0.1094,0.122,142,6.069,15.52,34.58,1.29,0,0,0,0
PDF_00949,1,1,19.85,2,0,1,0,10.63,0.2594,0.2679,136,5.205,0.0,20.24,51.27,1,1,0,0
PDF_00950,2,1,32.43,5,4,2,0,7.14,0.1984,0.0681,136,6.566,37.85,25.89,12.34,0,0,0,0
PDF_00951,0,2,26.37,5,1,0,0,23.94,0.2073,0.3314,71,5.077,19.87,0.0,67.5,1,0,0,0
PDF_00952,0,1,11.29,0,3,0,0,0.0,0.0563,0.1716,79,5.295,0.0,15.52,5.9,0,0,0,0
PDF_00953,0,2,20.18,1,0,0,0,0.0,0.1335,0.1006,125,5.17,32.35,8.06,21.51,0,0,0,0
PDF_00954,0,2,14.29,0,1,0,1,0.0,0.0711,0.0765,101,4.991,0.09,0.0,0.0,0,0,0,0
PDF_00955,2,1,0.0,6,1,0,0,0.0,0.1146,0.1991,64,6.496,0.0,0.0,29.86,1,0,0,0
PDF_00956,0,1,28.1,0,2,0,0,0.0,0.0584,0.1707,68,4.371,0.0,6.56,24.71,0,0,0,0
PDF_00957,0,1,26.85,1,0,1,0,25.05,0.1493,0.0828,139,6.392,0.04,24.82,10.95,0,0,0,0
PDF_00958,0,3,13.25,3,2,1,0,0.0,0.0467,0.069,25,4.412,0.0,13.04,14.42,0,0,0,0
PDF_00959,0,3,45.55,3,3,1,0,0.0,0.2438,0.3791,123,5.943,9.09,13.22,81.25,1,0,0,0
PDF_00960,2,1,49.32,5,2,0,0,21.63,0.1684,0.2595,165,6.492,31.23,33.96,12.0,0,0,0,0
PDF_00961,1,2,30.37,0,1,0,0,18.93,0.2213,0.3679,147,5.878,18.82,30.48,63.53,1,1,0,0
PDF_00962,2,1,6.6,1,1,0,0,0.0,0.1268,0.2134,100,5.443,0.0,0.0,0.0,0,0,0,0
PDF_00963,0,1,0.0,2,0,0,0,0.0,0.0412,0.1073,19,4.835,0.0,0.0,5.44,0,1,0,0
PDF_00964,0,1,0.0,0,0,0,0,0.0,0.0549,0.1312,97,5.839,0.0,7.3,3.83,0,0,0,0
PDF_00965,1,2,15.52,0,0,0,0,0.0,0.0926,0.1458,97,5.501,8.68,27.0,15.51,0,0,0,0
PDF_00966,0,1,61.26,5,4,0,1,23.93,0.2907,0.3402,173,6.665,35.06,70.38,79.93,1,0,0,0
PDF_00967,0,1,0.0,1,3,0,0,0.0,0.1664,0.3755,64,5.853,4.96,8.97,35.96,1,1,0,0
PDF_00968,1,1,16.93,4,3,0,0,3.25,0.2226,0.316,115,4.957,0.0,27.83,47.34,1,0,0,0
PDF_00969,1,1,4.77,3,0,0,0,0.0,0.0,0.1401,40,4.683,2.6,0.0,0.0,0,0,0,0
PDF_00970,1,1,17.25,4,0,0,0,0.0,0.0,0.0826,69,6.23,9.27,0.0,0.0,0,0,0,0
PDF_00971,1,2,9.68,2,0,0,0,6.19,0.0,0.0837,26,4.964,8.53,0.0,6.49,0,1,0,0
PDF_00972,0,1,17.76,0,0,0,0,0.0,0.0,0.0865,94,5.728,0.0,0.0,22.2,0,0,0,0
PDF_00973,0,2,0.0,1,1,1,0,0.0,0.025,0.0924,105,5.864,17.37,0.0,0.0,0,0,0,0
PDF_00974,0,1,42.04,5,0,1,0,0.0,0.1782,0.1315,90,5.99,14.48,32.78,22.8,0,0,0,0
PDF_00975,0,2,0.0,2,1,0,0,0.0,0.0206,0.2016,71,5.77,0.0,0.0,60.1,1,0,0,0
PDF_00976,0,1,35.76,1,0,0,0,2.98,0.0933,0.2398,110,5.648,46.29,27.32,3.44,0,0,0,0
PDF_00977,0,1,8.91,1,0,1,0,0.0,0.1763,0.3033,85,5.471,0.0,14.97,46.1,1,0,0,0
PDF_00978,0,1,17.72,2,2,1,0,0.0,0.0454,0.1375,150,5.66,21.06,14.59,13.09,0,0,0,0
PDF_00979,0,1,0.0,2,2,0,0,0.0,0.0,0.0632,43,3.437,0.0,0.0,0.0,0,0,0,0
PDF_00980,0,2,14.82,1,0,1,0,0.85,0.2008,0.112,103,6.138,21.16,15.82,10.92,0,0,0,0
PDF_00981,1,1,21.89,4,4,0,1,4.21,0.0903,0.2289,93,5.323,0.08,13.85,21.33,0,0,0,0
PDF_00982,0,1,20.07,0,1,0,1,0.0,0.0,0.0726,86,4.443,1.58,30.49,23.75,0,0,0,0
PDF_00983,1,1,4.99,0,0,0,0,8.1,0.0418,0.1665,91,5.27,10.28,0.94,0.0,0,0,0,0
PDF_00984,1,1,5.77,0,0,1,0,0.0,0.0461,0.1396,65,5.722,0.0,11.31,0.0,0,0,0,0
PDF_00985,1,1,32.06,1,4,0,0,7.2,0.2106,0.4251,131,6.241,20.93,35.64,48.48,1,0,0,0
PDF_00986,1,1,0.0,2,0,0,0,0.0,0.0885,0.296,20,5.368,0.0,13.71,49.22,1,1,0,0
PDF_00987,0,1,5.69,0,1,1,0,0.0,0.0156,0.1767,70,5.05,0.0,0.0,13.18,0,1,0,0
PDF_00988,0,2,1.56,3,5,0,0,3.65,0.1861,0.3985,120,6.218,0.0,20.62,56.67,1,0,0,0
PDF_00989,3,1,23.47,2,0,1,0,0.0,0.0692,0.1966,76,5.61,0.0,0.0,1.45,0,1,0,0
PDF_00990,1,1,0.0,2,0,0,0,0.0,0.0769,0.3029,85,4.676,0.0,0.0,41.73,1,0,0,0
PDF_00991,0,1,0.0,0,0,0,0,0.0,0.0456,0.0899,104,5.933,0.0,0.0,6.36,0,0,0,0
PDF_00992,1,1,24.73,0,2,0,0,9.29,0.1454,0.1341,76,5.538,5.17,3.9,0.76,0,1,0,0
PDF_00993,0,2,53.38,4,6,1,0,16.89,0.1508,0.132,120,5.515,31.25,55.87,24.64,0,1,0,0
PDF_00994,0,1,35.35,2,4,0,0,27.51,0.0828,0.1691,76,5.677,27.57,11.01,16.97,0,1,0,0
PDF_00995,0,1,14.61,1,0,0,0,0.0,0.1534,0.1603,121,4.922,0.0,27.7,11.91,0,0,0,0
PDF_00996,1,2,0.0,1,4,1,0,0.0,0.0606,0.2083,21,4.325,0.0,0.0,29.62,1,0,0,0
PDF_00997,1,1,9.74,2,3,0,0,2.63,0.0891,0.082,55,5.802,19.98,13.18,19.56,0,0,0,0
PDF_00998,0,2,25.44,0,1,0,0,24.8,0.1242,0.1337,100,4.904,1.35,6.35,19.04,0,1,0,0
PDF_00999,2,2,41.32,3,5,1,0,31.66,0.2846,0.4284,155,6.514,10.17,32.93,74.25,1,1,0,0
PDF_01000,0,2,26.55,2,0,0,0,0.0,0.2374,0.2883,112,5.883,10.26,4.59,66.98,1,0,0,0
PDF_01001,1,1,0.0,4,0,1,0,0.0,0.1255,0.3334,126,5.536,0.0,4.37,48.67,1,0,0,0
PDF_01002,1,1,14.77,0,1,1,0,1.91,0.2818,0.4095,155,5.408,13.13,12.97,36.27,1,0,0,0
PDF_01003,2,1,0.0,2,1,1,0,0.0,0.0,0.0531,15,5.153,0.0,0.0,0.0,0,0,0,0
PDF_01004,0,2,7.59,0,0,1,0,23.84,0.0504,0.1439,45,5.827,13.62,14.76,12.76,0,0,0,0
PDF_01005,0,1,20.68,0,1,0,0,0.0,0.1681,0.2559,141,5.035,10.32,7.31,64.6,1,0,0,0
PDF_01006,1,1,11.15,1,2,0,1,0.0,0.0812,0.179,100,5.399,0.0,0.0,0.0,0,0,0,0
PDF_01007,1,2,2.15,1,0,2,0,0.0,0.0309,0.1658,81,6.164,0.0,0.0,0.66,0,1,0,0
PDF_01008,1,1,38.56,3,3,1,0,4.92,0.1974,0.2224,116,4.846,38.99,62.73,27.14,0,0,0,0
PDF_01009,0,2,20.01,2,4,0,0,16.94,0.1598,0.141,114,5.209,17.09,39.57,0.0,0,0,0,0
PDF_01010,0,1,24.33,0,2,1,0,8.63,0.0602,0.1037,61,5.88,3.81,13.94,18.45,0,0,0,0
PDF_01011,1,2,14.15,2,0,0,0,11.64,0.1877,0.4061,185,6.432,21.16,40.78,80.19,1,0,0,0
PDF_01012,0,2,12.89,1,0,0,0,11.72,0.0637,0.2053,122,6.504,0.0,0.0,7.06,0,0,0,0
PDF_01013,0,1,26.56,2,1,0,0,0.0,0.1043,0.0765,96,4.415,0.0,16.59,30.99,0,0,0,0
PDF_01014,1,1,15.36,5,0,0,1,0.0,0.2163,0.4132,70,5.936,2.59,10.09,66.77,1,0,0,0
PDF_01015,0,2,28.31,3,3,0,0,18.02,0.1907,0.3397,133,5.09,26.16,48.84,66.76,1,1,0,0
PDF_01016,0,1,0.9,0,4,0,0,0.0,0.0917,0.2587,73,4.96,0.0,0.0,50.57,1,0,0,0
PDF_01017,0,2,35.93,0,4,0,0,30.95,0.2345,0.0858,101,5.805,2.62,2.66,17.07,0,0,0,0
PDF_01018,1,1,24.0,0,6,1,0,3.97,0.1282,0.091,120,4.794,33.14,44.08,9.94,0,1,0,0
PDF_01019,0,2,20.69,3,1,0,0,7.03,0.1086,0.099,110,6.549,23.86,8.54,19.16,0,0,0,0
PDF_01020,1,1,10.94,0,2,1,0,0.0,0.2675,0.1597,65,5.314,7.09,19.83,0.0,0,0,0,0
PDF_01021,0,1,0.0,2,2,0,0,0.0,0.1265,0.2253,78,4.513,0.0,0.0,13.93,1,0,0,0
PDF_01022,0,2,15.93,1,0,0,0,7.76,0.1271,0.1841,73,5.784,30.88,28.97,15.09,0,1,0,0
PDF_01023,2,3,0.0,2,0,0,0,0.0,0.1373,0.2666,78,4.557,0.0,0.0,35.33,1,0,0,0
PDF_01024,1,2,35.41,1,0,1,0,13.61,0.1603,0.1018,118,4.573,16.47,25.96,3.98,0,0,0,0
PDF_01025,0,2,17.18,1,0,0,0,0.0,0.1459,0.3886,164,5.227,14.05,7.28,61.48,1,0,0,0
PDF_01026,0,1,5.72,0,0,0,0,9.69,0.0258,0.1531,33,4.881,17.85,11.03,0.0,0,1,0,0
PDF_01027,0,1,0.0,2,0,1,1,0.0,0.0832,0.2798,50,4.901,0.0,0.0,32.0,1,0,0,0
PDF_01028,2,1,32.45,0,0,0,0,1.26,0.0686,0.0687,103,6.109,9.84,20.68,19.74,0,0,0,0
PDF_01029,1,1,0.0,2,0,0,0,0.0,0.003,0.0271,38,5.284,3.43,0.0,0.0,0,1,0,0
PDF_01030,0,1,3.54,0,0,2,0,18.16,0.0388,0.1501,120,4.943,8.29,15.67,25.13,0,0,0,0
PDF_01031,0,1,0.19,0,3,1,0,0.0,0.1286,0.1352,69,5.429,0.02,0.0,4.55,0,0,0,0
PDF_01032,1,1,3.76,1,0,0,0,0.0,0.0597,0.1544,25,5.358,0.0,21.86,0.0,0,0,0,0
PDF_01033,0,1,0.0,0,2,0,0,25.29,0.2203,0.3072,116,5.979,0.0,13.71,64.06,1,0,0,0
PDF_01034,2,1,41.01,5,0,0,0,15.67,0.3538,0.3987,141,6.088,33.78,35.83,65.49,1,0,0,0
PDF_01035,2,1,0.0,0,0,0,0,0.0,0.0847,0.2004,64,5.472,0.0,0.0,43.07,1,1,0,0
PDF_01036,1,1,0.0,0,1,0,0,0.0,0.0122,0.1262,50,4.702,0.0,0.0,4.03,0,0,0,0
PDF_01037,0,1,0.0,2,0,1,0,0.0,0.1097,0.1806,65,5.551,7.42,3.9,20.96,0,0,0,0
PDF_01038,2,2,58.35,6,5,2,0,41.71,0.1898,0.1908,170,6.655,34.4,74.44,30.87,0,1,0,0
PDF_01039,1,2,25.37,3,3,0,0,3.83,0.1447,0.184,134,5.454,23.11,32.51,24.54,0,0,0,0
PDF_01040,0,2,20.44,0,0,0,0,14.68,0.1409,0.1873,75,5.4,1.24,11.92,23.19,0,0,0,0
PDF_01041,1,2,0.0,4,0,0,0,0.0,0.0085,0.017,25,4.679,0.0,0.0,0.0,0,1,0,0
PDF_01042,0,2,0.0,1,0,2,0,0.0,0.1434,0.4412,111,5.279,5.95,0.0,60.4,1,1,0,0
PDF_01043,2,1,2.07,1,0,0,0,0.0,0.1754,0.3711,92,5.268,20.47,0.0,50.07,1,0,0,0
PDF_01044,0,1,4.96,2,2,0,0,0.0,0.0607,0.045,79,4.169,10.45,1.08,7.22,0,0,0,0
PDF_01045,0,1,7.44,0,0,1,0,0.0,0.0425,0.0494,77,3.584,1.35,2.18,0.0,0,0,0,0
PDF_01046,0,1,33.78,0,0,1,0,16.08,0.2382,0.2712,196,5.303,12.47,0.91,62.19,1,0,0,0
PDF_01047,1,3,16.62,0,6,1,0,1.76,0.2918,0.3869,165,5.014,12.42,18.2,68.0,1,0,0,0
PDF_01048,2,1,47.21,1,0,0,1,0.33,0.1643,0.405,100,6.076,23.75,15.93,66.75,1,0,0,0
PDF_01049,1,1,49.93,3,0,1,0,6.74,0.2182,0.372,128,5.261,29.99,30.59,75.0,1,0,0,0
PDF_01050,0,1,0.0,2,0,0,0,0.0,0.0,0.0358,68,5.098,0.0,0.0,5.17,0,0,0,0
PDF_01051,0,2,0.0,0,3,0,0,0.0,0.135,0.3419,62,5.319,0.0,0.0,44.11,1,0,0,0
PDF_01052,0,1,0.0,5,2,0,0,0.0,0.0,0.1463,18,5.745,0.0,0.0,0.0,0,1,0,0
PDF_01053,1,1,15.01,2,3,0,0,0.0,0.2623,0.3296,105,4.505,0.0,20.62,60.08,1,1,0,0
PDF_01054,0,1,10.18,0,3,1,0,8.06,0.0119,0.1913,80,5.985,32.98,32.01,6.23,0,0,0,0
PDF_01055,1,3,25.92,4,8,2,0,30.68,0.2202,0.2754,83,5.819,23.25,23.78,29.34,0,0,0,0
PDF_01056,0,2,6.81,4,0,0,0,21.18,0.1996,0.3518,82,5.313,24.44,8.19,71.71,1,1,0,0
PDF_01057,1,1,42.23,2,2,2,0,12.53,0.2484,0.2949,107,5.902,27.31,31.31,48.95,1,0,0,0
PDF_01058,1,4,47.38,5,3,2,0,37.84,0.3066,0.3861,181,6.021,43.68,70.12,80.17,1,1,0,0
PDF_01059,1,1,17.62,0,2,1,0,13.39,0.1036,0.1251,129,4.997,34.52,29.66,42.55,0,0,0,0
PDF_01060,1,3,19.8,1,0,0,0,6.5,0.0695,0.1461,80,5.701,0.0,0.0,1.1,0,1,0,0
PDF_01061,0,1,15.31,2,2,1,0,15.05,0.2502,0.3419,91,5.999,29.86,10.71,63.36,1,0,0,0
PDF_01062,2,1,0.0,0,1,1,0,0.0,0.1193,0.3248,60,4.653,0.0,0.0,36.26,1,0,0,0
PDF_01063,1,2,25.15,3,1,1,0,27.95,0.1804,0.1909,106,5.496,16.27,30.64,48.73,0,1,0,0
PDF_01064,0,2,0.0,0,1,0,0,0.0,0.1092,0.0988,58,5.585,0.0,9.8,2.11,0,0,0,0
PDF_01065,0,1,16.35,3,8,1,0,12.1,0.1266,0.3369,159,5.13,15.79,2.24,63.93,1,0,0,0
PDF_01066,1,1,0.0,0,0,0,0,0.0,0.1681,0.2246,88,3.712,0.0,19.04,24.37,1,0,0,0
PDF_01067,1,3,0.37,0,3,0,0,0.0,0.0265,0.0633,115,5.839,17.12,47.7,0.0,0,0,0,0
PDF_01068,0,2,13.3,0,1,0,0,0.0,0.1661,0.1635,71,6.005,0.33,4.97,2.74,0,0,0,0
PDF_01069,1,1,27.12,0,1,1,0,1.44,0.0853,0.1242,85,5.825,11.16,17.96,30.09,0,1,0,0
PDF_01070,0,1,0.87,1,0,1,0,16.81,0.1434,0.3235,83,4.679,11.17,12.54,53.82,1,0,0,0
PDF_01071,0,1,24.54,3,0,0,0,19.59,0.1671,0.0926,133,4.533,9.26,19.65,16.5,0,0,0,0
PDF_01072,0,1,20.09,2,0,0,0,15.41,0.1721,0.3747,145,6.119,16.16,5.24,54.85,1,0,0,0
PDF_01073,0,1,6.9,3,0,0,0,6.82,0.0693,0.043,114,5.335,3.45,9.03,18.2,0,0,0,0
PDF_01074,0,1,0.0,0,1,3,0,0.0,0.0934,0.2891,45,5.0,1.45,0.0,40.78,1,1,0,0
PDF_01075,0,2,20.91,3,2,0,0,0.0,0.2187,0.2427,117,6.291,26.2,42.13,59.17,1,0,0,0
PDF_01076,0,1,0.0,0,0,0,0,2.38,0.0604,0.0921,105,5.016,9.13,22.31,24.22,0,1,0,0
PDF_01077,0,1,5.28,2,0,0,0,9.34,0.0946,0.0688,98,5.933,0.0,0.0,2.2,0,1,0,0
PDF_01078,1,1,8.94,1,4,0,0,14.95,0.1178,0.2038,65,5.701,0.0,41.73,19.55,0,0,0,0
PDF_01079,1,1,16.48,5,2,0,0,0.0,0.095,0.089,66,5.252,16.09,0.0,8.24,0,1,0,0
PDF_01080,0,1,8.73,3,0,1,0,0.0,0.0555,0.1336,62,5.334,0.0,0.0,14.41,0,0,0,0
PDF_01081,1,1,7.53,1,3,0,0,5.67,0.0169,0.1488,125,5.297,9.3,0.0,0.0,0,0,0,0
PDF_01082,2,1,0.0,2,3,0,0,9.75,0.0719,0.0888,117,6.117,17.95,0.0,4.96,0,0,0,0
PDF_01083,0,2,16.62,1,3,0,0,13.3,0.1306,0.0715,121,7.154,22.77,10.78,17.49,0,0,0,0
PDF_01084,1,2,22.62,5,2,1,0,3.06,0.1734,0.3784,77,5.73,4.03,18.66,53.32,1,0,0,0
PDF_01085,1,1,39.66,0,1,0,0,0.0,0.0365,0.135,87,5.11,19.01,0.0,0.0,0,0,0,0
PDF_01086,0,1,3.83,0,3,0,0,0.0,0.0518,0.105,96,5.108,0.0,0.0,8.28,0,0,0,0
PDF_01087,0,2,48.27,3,3,0,0,10.9,0.1211,0.1146,107,5.436,13.82,22.01,5.19,0,0,0,0
PDF_01088,0,1,5.07,0,2,0,0,0.0,0.0648,0.1474,130,5.044,0.0,0.0,7.04,0,1,0,0
PDF_01089,1,1,15.86,3,0,0,0,7.35,0.1825,0.3346,42,5.386,12.67,6.22,50.76,1,1,0,0
PDF_01090,0,2,16.64,4,0,0,0,0.0,0.1283,0.2873,143,5.502,0.33,0.0,44.87,1,1,0,0
PDF_01091,0,2,27.16,3,1,1,0,19.55,0.1095,0.0307,109,5.478,36.81,19.4,0.0,0,1,0,0
PDF_01092,1,2,5.73,3,1,0,0,0.0,0.0601,0.0913,69,4.779,0.0,4.65,4.17,0,1,0,0
PDF_01093,2,1,38.22,6,0,0,0,18.68,0.1157,0.0449,127,5.269,24.19,39.88,23.15,0,0,0,0
PDF_01094,0,1,10.12,2,2,0,0,1.81,0.0911,0.1356,102,5.416,0.0,0.0,11.71,0,0,0,0
PDF_01095,0,1,16.08,1,3,1,0,0.0,0.0815,0.3089,86,5.7,0.0,0.0,62.3,1,0,0,0
PDF_01096,2,1,31.15,3,0,1,0,42.51,0.2454,0.3952,130,5.641,31.88,24.31,52.67,1,1,0,0
PDF_01097,1,1,14.34,0,2,0,0,4.39,0.1759,0.1468,109,6.414,0.0,22.79,0.0,0,1,0,0
PDF_01098,1,1,0.0,2,3,0,0,0.0,0.0,0.1008,49,5.173,0.0,8.2,0.98,0,1,0,0
PDF_01099,2,1,32.24,1,0,1,0,0.0,0.1153,0.1557,122,5.751,6.35,30.18,18.7,0,0,0,0
PDF_01100,1,1,0.0,2,2,0,0,0.0,0.0,0.0582,63,4.634,2.67,0.0,3.7,0,0,0,0
PDF_01101,1,1,0.0,2,0,0,0,0.0,0.0613,0.243,17,3.857,0.0,0.0,31.34,1,0,0,0
PDF_01102,0,2,14.68,0,3,0,0,0.0,0.0675,0.0992,91,5.185,17.93,8.01,22.5,0,0,0,0
PDF_01103,0,1,11.82,6,0,0,0,0.0,0.1259,0.1723,108,6.121,7.48,8.25,15.91,0,0,0,0
PDF_01104,0,1,20.92,1,5,0,0,3.82,0.0529,0.1039,123,6.443,7.13,33.27,0.0,0,0,0,0
PDF_01105,1,1,46.39,3,5,1,0,8.68,0.2163,0.4256,133,5.621,31.23,48.65,72.08,1,1,0,0
PDF_01106,0,1,0.0,0,0,0,0,0.0,0.034,0.0562,70,5.628,0.69,0.0,0.0,0,0,0,0
PDF_01107,1,1,6.54,0,2,2,0,0.0,0.0167,0.0387,92,5.46,0.0,14.81,1.17,0,0,0,0
PDF_01108,0,1,0.0,2,2,1,0,12.93,0.1765,0.2615,55,5.004,11.97,0.0,38.0,1,1,0,0
PDF_01109,1,2,25.16,2,2,1,0,3.29,0.068,0.1521,86,5.848,10.4,35.09,0.0,0,0,0,0
PDF_01110,1,1,2.81,1,0,0,0,4.91,0.1141,0.3214,32,6.586,0.0,35.27,59.46,1,0,0,0
PDF_01111,0,1,27.36,6,0,1,0,20.61,0.0719,0.3616,75,5.041,10.76,2.01,52.34,1,0,0,0
PDF_01112,1,2,37.02,1,2,0,0,10.91,0.2206,0.3344,138,4.971,13.29,24.09,58.29,1,0,0,0
PDF_01113,0,3,47.63,4,1,2,0,39.76,0.2167,0.3901,160,5.197,42.92,39.76,62.82,1,1,0,0
PDF_01114,0,1,7.57,0,2,0,0,30.25,0.1658,0.3834,113,5.085,0.0,0.0,63.6,1,1,0,0
PDF_01115,1,1,0.26,0,0,1,0,0.0,0.0594,0.2862,63,5.29,0.0,0.0,39.3,1,0,0,0
PDF_01116,1,2,0.0,0,0,0,0,0.0,0.0,0.0423,44,5.761,0.0,0.0,3.64,0,0,0,0
PDF_01117,1,2,0.0,2,2,0,0,0.0,0.0727,0.269,104,5.942,0.0,0.0,43.37,1,0,0,0
PDF_01118,1,2,0.0,0,3,0,0,0.0,0.0,0.093,43,4.665,0.0,0.0,0.0,0,0,0,0
PDF_01119,0,1,49.93,3,2,0,0,32.43,0.2688,0.3451,167,6.75,25.69,20.94,54.19,1,1,0,0
PDF_01120,0,1,37.48,1,4,0,0,26.99,0.1322,0.141,119,5.111,0.23,39.02,18.27,0,0,0,0
PDF_01121,1,1,25.67,0,0,0,0,20.24,0.196,0.3247,102,5.414,18.12,24.64,70.12,1,1,0,0
PDF_01122,1,1,13.11,0,1,1,0,20.03,0.2256,0.3808,85,5.334,3.32,7.14,51.5,1,1,0,0
PDF_01123,0,1,5.41,3,0,0,0,0.0,0.1283,0.2242,63,5.344,1.73,0.0,58.17,1,0,0,0
PDF_01124,2,2,39.56,6,5,1,0,20.79,0.155,0.2563,152,5.524,32.89,55.28,24.91,0,0,0,0
PDF_01125,0,1,10.82,2,0,0,0,0.0,0.0505,0.0623,40,6.172,0.3,25.56,0.0,0,1,0,0
PDF_01126,1,1,2.44,2,0,1,0,0.0,0.0,0.0,66,4.857,0.0,0.0,0.0,0,1,0,0
PDF_01127,1,2,0.0,3,0,0,0,4.52,0.0063,0.0861,110,5.622,0.0,9.21,0.0,0,0,0,0
PDF_01128,1,1,4.17,0,0,1,0,0.0,0.1555,0.3062,71,5.622,1.69,10.69,48.69,1,0,0,0
PDF_01129,1,1,0.0,4,2,0,0,0.0,0.0331,0.1151,28,4.566,0.0,0.0,0.0,0,0,0,0
PDF_01130,2,2,19.79,3,2,0,0,20.42,0.1761,0.1635,147,5.207,25.03,36.43,27.47,0,1,0,0
PDF_01131,0,2,24.68,0,1,0,0,4.99,0.0647,0.0632,27,5.884,0.0,0.0,0.76,0,0,0,0
PDF_01132,3,1,36.26,4,3,2,1,0.0,0.1671,0.1738,88,5.946,19.59,43.44,9.48,0,0,0,0
PDF_01133,0,2,35.33,3,2,0,0,30.54,0.275,0.3423,131,5.78,41.49,36.96,61.59,1,0,0,0
PDF_01134,1,1,25.75,0,2,0,0,10.82,0.2092,0.2796,109,5.813,11.28,11.8,65.9,1,0,0,0
PDF_01135,2,2,13.56,2,1,0,0,3.67,0.2547,0.3833,141,6.191,7.04,30.14,60.98,1,0,0,0
PDF_01136,2,1,0.0,0,1,1,0,0.0,0.0,0.0108,54,3.99,0.0,0.0,0.0,0,0,0,0
PDF_01137,0,1,26.41,3,1,2,0,0.0,0.1048,0.1833,110,6.776,27.97,36.03,17.5,0,0,0,0
PDF_01138,1,1,11.45,3,1,0,0,0.72,0.1233,0.0987,104,5.085,0.0,22.19,4.58,0,0,0,0
PDF_01139,1,1,11.63,1,2,0,0,0.0,0.0,0.0832,42,4.05,0.0,0.0,2.81,0,0,0,0
PDF_01140,0,1,0.0,1,4,0,0,0.0,0.0919,0.0878,107,5.129,6.94,11.87,19.24,0,0,0,0
PDF_01141,0,1,0.0,0,0,0,0,2.12,0.0856,0.1542,70,5.256,19.8,0.75,16.06,0,0,0,0
PDF_01142,1,1,0.0,0,0,0,0,0.0,0.0,0.084,12,5.695,0.0,9.64,0.0,0,0,0,0
PDF_01143,1,1,30.21,4,1,0,0,6.02,0.308,0.3367,125,5.042,30.93,15.57,65.65,1,1,0,0
PDF_01144,0,1,1.55,0,0,0,0,0.0,0.1918,0.2825,93,6.111,8.45,0.0,64.07,1,0,0,0
PDF_01145,3,1,22.84,0,1,0,0,5.5,0.171,0.3301,114,4.153,0.0,27.55,54.95,1,0,0,0
PDF_01146,0,1,10.92,3,0,0,0,15.33,0.1511,0.3707,113,5.409,13.84,15.8,67.32,1,0,0,0
PDF_01147,1,2,24.05,3,3,1,0,24.23,0.153,0.0769,121,7.246,15.15,28.81,10.28,0,0,0,0
PDF_01148,2,3,21.94,1,1,0,0,9.68,0.1985,0.2807,163,6.174,41.07,27.3,68.26,1,1,0,0
PDF_01149,0,1,7.74,1,1,0,0,2.9,0.1506,0.3497,80,5.165,9.52,0.0,59.73,1,0,0,0
PDF_01150,0,1,0.0,3,0,0,0,0.0,0.1015,0.3829,88,5.796,4.69,0.0,36.94,1,1,0,0
PDF_01151,1,1,0.0,0,2,0,0,0.0,0.1482,0.3635,68,5.761,19.45,0.0,41.15,1,0,0,0
PDF_01152,1,1,17.48,0,0,1,0,0.0,0.1615,0.2919,127,5.786,5.69,16.2,58.21,1,0,0,0
PDF_01153,1,1,0.0,2,1,0,0,0.0,0.0,0.0753,21,5.517,0.0,0.0,0.0,0,0,0,0
PDF_01154,1,1,0.0,3,1,1,0,10.42,0.2067,0.3049,86,3.825,0.0,24.63,42.66,1,1,0,0
PDF_01155,0,1,0.0,0,3,0,0,0.0,0.0,0.113,49,3.903,0.0,0.0,0.53,0,1,0,0
PDF_01156,0,1,15.0,0,1,1,0,0.0,0.1287,0.0686,62,4.866,0.58,17.31,0.0,0,0,0,0
PDF_01157,0,1,13.71,0,1,0,0,0.86,0.1992,0.2994,119,5.996,3.48,0.0,51.28,1,0,0,0
PDF_01158,1,1,31.21,5,4,1,0,5.18,0.1544,0.121,85,5.177,23.09,44.08,23.2,0,0,0,0
PDF_01159,0,1,10.51,0,0,0,0,0.0,0.0526,0.1061,51,5.208,0.0,0.0,0.0,0,1,0,0
PDF_01160,1,2,3.71,1,2,2,0,4.39,0.0755,0.0689,79,5.78,3.1,0.0,20.99,0,1,0,0
PDF_01161,1,1,3.52,1,2,0,0,2.3,0.0428,0.2058,67,5.184,0.0,13.58,0.42,0,0,0,0
PDF_01162,1,2,8.49,0,0,1,0,7.95,0.0652,0.2558,79,4.931,10.88,8.92,4.84,0,0,0,0
PDF_01163,0,1,0.0,0,0,0,0,0.0,0.0125,0.0966,88,6.044,0.0,0.0,0.0,0,0,0,0
PDF_01164,1,1,17.64,0,2,0,0,0.0,0.0034,0.1197,143,6.636,2.25,0.46,3.94,0,0,0,0
PDF_01165,1,2,3.06,2,0,0,0,3.32,0.0578,0.1037,69,4.907,19.14,0.0,0.0,0,0,0,0
PDF_01166,1,1,25.48,0,0,0,0,22.82,0.0783,0.0238,85,5.564,25.46,24.4,23.03,0,1,0,0
PDF_01167,0,1,25.34,2,2,1,0,15.02,0.2278,0.1896,68,5.138,22.78,15.09,0.0,0,1,0,0
PDF_01168,0,1,23.89,1,0,0,0,9.12,0.2661,0.2846,126,6.233,0.0,22.09,58.81,1,0,0,0
PDF_01169,0,1,0.0,0,2,0,0,0.0,0.0,0.0279,76,6.205,0.0,0.0,21.26,0,0,0,0
PDF_01170,0,1,0.44,1,1,1,0,0.0,0.203,0.2321,168,4.869,0.0,7.56,42.27,1,0,0,0
PDF_01171,1,1,0.0,0,3,1,0,0.0,0.1452,0.3337,31,5.433,0.0,0.0,45.75,1,0,0,0
PDF_01172,2,2,51.98,4,7,1,0,36.25,0.2133,0.2268,149,6.773,32.98,60.43,36.19,0,0,0,0
PDF_01173,1,2,0.0,3,0,0,0,0.0,0.078,0.1204,22,6.217,0.0,0.0,0.0,0,0,0,0
PDF_01174,1,1,5.47,0,0,0,0,0.0,0.0796,0.0788,77,4.725,0.0,0.0,0.0,0,0,0,0
PDF_01175,0,1,23.77,2,3,0,0,8.69,0.0853,0.1368,92,6.092,0.0,22.77,4.71,0,1,0,0
PDF_01176,2,2,28.72,3,2,1,0,12.22,0.1875,0.1321,99,5.925,7.24,21.4,7.49,0,0,0,0
PDF_01177,0,1,0.0,2,1,0,0,0.0,0.0077,0.044,60,3.901,0.0,0.0,9.81,0,0,0,0
PDF_01178,1,1,6.47,2,0,1,0,4.15,0.1446,0.3341,114,5.028,9.59,41.45,49.4,1,0,0,0
PDF_01179,0,3,25.45,1,4,1,0,17.23,0.131,0.2012,107,6.174,33.14,38.76,0.21,0,0,0,0
PDF_01180,0,1,20.91,5,2,0,0,0.0,0.0304,0.0893,94,4.636,4.22,17.57,13.02,0,0,0,0
PDF_01181,0,1,12.56,2,1,0,0,0.0,0.2837,0.3705,74,5.705,0.0,20.69,41.84,1,0,0,0
PDF_01182,0,1,1.5,5,1,0,0,0.0,0.0249,0.0777,43,5.56,0.0,13.18,15.0,0,0,0,0
PDF_01183,2,2,22.96,5,3,0,0,6.88,0.0717,0.0829,59,6.074,0.0,21.24,12.02,0,1,0,0
PDF_01184,0,1,11.68,0,2,1,0,0.0,0.06,0.1252,69,6.669,11.06,30.21,15.71,0,0,0,0
PDF_01185,0,2,0.0,1,1,0,0,0.0,0.0,0.0749,58,5.299,0.0,0.0,2.99,0,1,0,0
PDF_01186,0,2,0.0,3,0,1,0,0.0,0.2014,0.3233,108,5.842,1.55,6.24,63.41,1,0,0,0
PDF_01187,2,1,16.66,0,4,0,0,16.49,0.2291,0.3677,113,5.693,26.15,30.48,56.51,1,0,0,0
PDF_01188,0,1,12.84,5,2,1,0,0.0,0.0744,0.0952,123,5.33,30.67,12.45,11.18,0,0,0,0
PDF_01189,0,1,0.0,2,1,1,0,0.0,0.0144,0.0613,55,5.191,0.0,0.0,10.04,0,0,0,0
PDF_01190,0,1,13.4,1,0,0,0,5.41,0.1874,0.3981,82,5.902,33.47,11.92,54.86,1,0,0,0
PDF_01191,0,2,24.34,0,2,0,0,27.32,0.1802,0.1832,79,5.356,34.43,45.39,20.13,0,0,0,0
PDF_01192,2,1,8.05,0,2,0,0,14.17,0.0274,0.1118,66,4.385,0.0,15.16,15.08,0,0,0,0
PDF_01193,0,1,0.0,0,1,0,0,0.0,0.0385,0.119,117,6.129,0.0,5.95,17.2,0,0,0,0
PDF_01194,0,1,25.39,5,1,1,0,18.09,0.1544,0.0434,113,4.958,18.89,7.33,15.06,0,0,0,0
PDF_01195,1,1,13.03,0,5,0,0,8.25,0.2242,0.3391,138,5.839,28.97,7.68,69.17,1,0,0,0
PDF_01196,1,1,10.68,2,3,0,0,16.12,0.0907,0.1545,98,5.479,10.19,24.26,0.0,0,1,0,0
PDF_01197,0,2,0.0,3,4,1,0,0.0,0.0,0.0,64,6.132,2.53,0.0,4.97,0,1,0,0
PDF_01198,2,1,21.99,3,4,1,0,17.0,0.2005,0.3408,124,5.674,7.08,30.56,60.56,1,0,0,0
PDF_01199,1,1,42.55,2,6,0,0,0.0,0.2865,0.3321,164,5.531,24.51,39.2,53.72,1,1,0,0
PDF_01200,0,2,20.14,0,0,0,0,6.18,0.0927,0.1251,81,6.085,0.0,11.09,10.0,0,1,0,0
PDF_01201,1,1,13.93,2,2,1,0,0.0,0.0655,0.0996,110,5.923,18.09,25.27,0.0,0,0,0,0
PDF_01202,0,1,0.0,0,3,0,0,0.0,0.0352,0.1042,106,5.151,0.0,9.94,3.72,0,1,0,0
PDF_01203,0,1,0.0,0,0,0,0,0.0,0.1167,0.1672,90,4.769,0.0,10.53,0.0,0,0,0,0
PDF_01204,0,2,30.32,4,0,0,0,15.49,0.1103,0.2452,124,5.514,0.0,1.12,0.0,0,0,0,0
PDF_01205,1,1,34.45,5,8,1,0,18.09,0.1725,0.0735,120,5.227,32.02,26.02,8.39,0,0,0,0
PDF_01206,0,2,41.95,3,2,0,0,18.05,0.3301,0.3848,156,6.702,27.0,34.72,79.77,1,0,0,0
PDF_01207,1,1,8.12,2,2,0,0,0.0,0.0731,0.0169,67,5.146,0.0,6.09,4.83,0,0,0,0
PDF_01208,0,1,1.17,0,1,0,0,0.0,0.1543,0.2602,134,5.064,13.0,0.0,44.86,1,0,0,0
PDF_01209,2,3,40.36,4,0,1,0,13.49,0.2388,0.2811,156,4.75,10.19,31.33,78.98,1,0,0,0
PDF_01210,0,1,0.0,0,2,1,0,0.0,0.1138,0.1342,57,5.224,0.0,0.0,0.0,0,0,0,0
PDF_01211,0,2,2.68,2,0,0,0,6.13,0.0369,0.1221,48,4.571,0.0,12.76,3.11,0,1,0,0
PDF_01212,2,2,3.58,1,2,0,0,13.18,0.0179,0.1336,111,4.967,0.0,32.86,0.0,0,0,0,0
PDF_01213,0,1,0.0,0,1,0,0,0.0,0.0,0.1119,103,4.712,0.0,0.0,0.0,0,0,0,0
PDF_01214,2,1,11.28,6,0,1,0,13.29,0.0612,0.0886,124,6.262,33.76,45.31,18.0,0,0,0,0
PDF_01215,1,2,66.23,4,5,1,0,35.35,0.2454,0.139,106,5.393,47.45,59.69,0.0,0,0,0,0
PDF_01216,1,1,37.74,3,5,1,0,34.29,0.0495,0.1468,95,5.997,28.38,25.55,7.95,0,1,0,0
PDF_01217,0,1,30.61,7,2,2,0,14.59,0.1579,0.1369,103,5.704,24.12,28.54,9.88,0,0,0,0
PDF_01218,0,1,0.0,2,0,0,0,0.0,0.0969,0.01,79,5.193,0.0,2.31,4.46,0,0,0,0
PDF_01219,0,2,25.81,6,2,0,0,14.17,0.3166,0.4589,124,5.685,21.51,23.85,60.01,1,0,0,0
PDF_01220,0,1,0.0,0,2,0,0,9.97,0.0541,0.0359,88,4.598,0.0,25.33,2.83,0,1,0,0
PDF_01221,1,1,15.84,0,1,0,0,0.0,0.1669,0.0546,49,6.0,1.57,2.3,7.6,0,1,0,0
PDF_01222,0,2,13.09,0,1,0,0,0.0,0.1547,0.2987,88,5.637,0.0,0.0,41.8,1,0,0,0
PDF_01223,0,1,0.0,0,3,0,0,0.0,0.0029,0.1269,57,4.654,0.0,0.0,0.0,0,1,0,0
PDF_01224,1,1,0.0,0,0,0,0,0.0,0.2058,0.275,82,5.592,1.59,0.0,42.77,1,1,0,0
PDF_01225,2,1,25.28,3,2,1,0,9.8,0.0588,0.1668,139,4.777,26.49,29.23,15.92,0,0,0,0
PDF_01226,1,1,0.0,0,1,0,0,0.0,0.0,0.1581,63,5.422,7.53,2.44,3.1,0,0,0,0
PDF_01227,1,2,37.07,7,3,0,0,21.94,0.1168,0.1138,162,5.657,31.86,31.23,13.33,0,1,0,0
PDF_01228,0,1,4.57,2,4,0,0,2.46,0.0858,0.1092,74,5.167,19.0,0.0,12.54,0,0,0,0
PDF_01229,1,1,38.09,6,3,1,0,20.34,0.2067,0.3147,122,5.785,19.77,47.96,48.76,1,0,0,0
PDF_01230,0,2,28.88,5,1,0,1,19.36,0.1178,0.187,121,4.95,4.19,3.45,6.13,0,1,0,0
PDF_01231,1,1,4.81,4,1,0,0,0.0,0.1142,0.1643,87,5.679,0.0,18.44,5.5,0,0,0,0
PDF_01232,2,1,0.0,1,0,0,0,24.92,0.1126,0.3583,125,4.488,5.17,6.66,51.46,1,1,0,0
PDF_01233,1,2,19.49,0,3,0,1,32.2,0.2222,0.3095,127,5.539,16.73,17.8,81.64,1,0,0,0
PDF_01234,2,1,43.39,2,1,0,1,0.0,0.1257,0.1393,139,6.594,30.44,33.76,13.89,0,0,0,0
PDF_01235,0,1,36.06,2,0,1,0,10.08,0.157,0.1829,86,6.217,28.22,12.15,9.82,0,0,0,0
PDF_01236,0,1,17.25,0,0,0,0,0.0,0.176,0.2248,73,5.207,0.0,8.95,54.66,1,0,0,0
PDF_01237,1,1,58.38,3,1,2,0,13.11,0.2986,0.2931,134,5.266,38.1,35.95,69.8,1,0,0,0
PDF_01238,0,3,12.44,0,1,0,0,9.64,0.0677,0.127,95,5.356,0.0,6.66,15.95,0,0,0,0
PDF_01239,0,2,2.91,0,0,2,0,0.0,0.1509,0.3191,165,5.325,34.3,16.09,65.75,1,0,0,0
PDF_01240,0,1,0.0,2,5,0,0,0.0,0.0,0.069,33,4.67,0.0,0.0,0.0,0,0,0,0
PDF_01241,0,2,8.04,2,0,0,0,1.25,0.1065,0.1205,56,5.169,5.54,27.4,13.37,0,0,0,0
PDF_01242,0,2,22.02,1,1,1,0,24.9,0.1071,0.0919,87,5.704,28.44,0.0,8.09,0,0,0,0
PDF_01243,1,1,34.42,2,7,0,0,0.0,0.1003,0.2239,77,7.312,25.05,34.9,0.0,0,0,0,0
PDF_01244,1,2,0.83,0,0,1,0,0.0,0.2005,0.3096,103,4.662,8.39,21.25,48.06,1,0,0,0
PDF_01245,1,1,0.0,0,3,0,0,0.0,0.1394,0.3273,41,5.651,0.0,0.0,69.23,1,0,0,0
PDF_01246,0,1,24.46,0,0,0,0,5.46,0.1824,0.3448,130,4.942,0.0,29.29,67.17,1,0,0,0
PDF_01247,0,1,0.0,0,1,0,0,0.0,0.1178,0.2896,71,4.38,0.0,24.47,57.38,1,0,0,0
PDF_01248,2,2,34.08,7,3,0,0,0.0,0.1504,0.0778,101,5.17,30.02,22.31,30.58,0,0,0,0
PDF_01249,0,1,21.34,1,1,1,0,8.26,0.0812,0.1241,55,4.76,14.01,0.0,11.2,0,0,0,0
PDF_01250,1,2,13.81,2,1,0,0,0.0,0.0744,0.1106,74,5.449,29.38,7.66,20.15,0,0,0,0
PDF_01251,1,1,50.22,2,1,1,0,0.0,0.1119,0.1465,58,6.739,36.04,27.7,24.17,0,0,0,0
PDF_01252,1,1,14.4,1,4,0,0,0.0,0.2508,0.2264,140,5.034,38.94,0.0,70.56,1,0,0,0
PDF_01253,0,1,26.13,0,0,1,0,9.58,0.0991,0.0897,74,4.894,0.62,30.13,0.0,0,1,0,0
PDF_01254,0,1,21.87,3,1,0,0,14.41,0.1721,0.1714,114,5.23,19.15,34.35,16.17,0,0,0,0
PDF_01255,0,1,0.0,2,3,0,0,0.0,0.0269,0.1654,32,5.22,0.0,0.0,0.0,0,0,0,0
PDF_01256,1,1,0.0,3,0,0,0,0.0,0.0171,0.1586,36,4.954,0.0,0.0,0.0,0,0,0,0
PDF_01257,0,2,0.0,3,0,0,0,0.0,0.1118,0.2901,86,5.492,0.0,0.0,42.07,1,0,0,0
PDF_01258,0,2,3.44,3,0,1,0,0.0,0.0507,0.0377,43,5.409,0.0,8.09,0.0,0,0,0,0
PDF_01259,0,1,0.0,2,1,0,0,0.0,0.0895,0.2696,71,4.909,0.0,0.0,60.55,1,0,0,0
PDF_01260,0,1,10.32,0,1,0,0,12.67,0.2224,0.3727,89,5.212,0.0,5.39,54.23,1,0,0,0
PDF_01261,1,1,21.29,6,2,0,0,0.0,0.2332,0.2986,133,5.781,20.86,28.0,62.29,1,0,0,0
PDF_01262,3,1,2.41,0,2,0,0,17.88,0.2575,0.2986,97,5.361,11.43,33.8,61.96,1,0,0,0
PDF_01263,0,2,9.76,0,3,2,0,17.6,0.2419,0.2448,105,4.655,10.73,3.5,54.14,1,0,0,0
PDF_01264,0,2,27.89,4,3,0,0,0.0,0.2023,0.1705,154,6.205,12.24,60.9,23.61,0,1,0,0
PDF_01265,0,1,3.3,1,1,0,0,0.0,0.1601,0.27,72,4.875,5.02,7.41,52.19,1,0,0,0
PDF_01266,0,2,16.4,0,2,0,0,0.94,0.059,0.1474,38,4.719,0.0,2.55,14.23,0,0,0,0
PDF_01267,0,2,20.52,3,0,0,0,2.78,0.1438,0.1346,87,6.673,0.78,18.72,18.97,0,0,0,0
PDF_01268,1,2,13.09,5,5,2,0,35.9,0.1683,0.1661,99,6.229,0.0,36.38,35.57,0,1,0,0
PDF_01269,0,1,24.59,2,0,0,0,0.0,0.2075,0.3356,129,5.69,15.12,16.14,30.77,1,0,0,0
PDF_01270,1,3,41.78,6,5,0,0,21.18,0.3048,0.4312,132,6.781,48.25,35.86,89.59,1,0,0,0
PDF_01271,0,2,1.52,3,1,0,0,11.81,0.1032,0.1006,119,5.554,4.22,19.69,3.85,0,1,0,0
PDF_01272,1,1,29.74,7,4,0,0,4.2,0.2366,0.3795,127,5.699,0.0,29.71,56.9,1,0,0,0
PDF_01273,0,1,9.02,2,1,0,0,11.79,0.0468,0.1438,71,4.697,0.0,0.0,0.2,0,1,0,0
PDF_01274,0,2,26.14,1,2,0,0,0.0,0.1455,0.0852,98,4.245,10.67,27.18,6.12,0,0,0,0
PDF_01275,0,1,19.04,3,5,0,0,0.0,0.0908,0.0407,54,5.679,0.0,0.0,13.14,0,0,0,0
PDF_01276,1,3,54.77,3,3,2,1,27.57,0.3293,0.3798,128,5.703,18.9,40.57,79.92,1,1,0,0
PDF_01277,0,1,29.23,6,3,1,0,13.74,0.1057,0.1384,157,4.852,17.32,11.76,7.36,0,0,0,0
PDF_01278,1,1,37.47,4,2,0,0,42.37,0.1562,0.1895,92,6.251,12.54,3.63,0.0,0,0,0,0
PDF_01279,0,2,2.3,0,0,0,0,0.0,0.1699,0.3278,57,5.771,2.92,17.26,27.45,1,0,0,0
PDF_01280,1,1,3.47,0,1,0,0,0.0,0.0,0.1177,85,4.982,4.36,0.0,2.87,0,0,0,0
PDF_01281,1,1,0.0,0,1,0,0,10.16,0.0645,0.1406,56,5.241,0.0,4.71,0.0,0,0,0,0
PDF_01282,1,2,41.4,4,4,1,0,30.0,0.1632,0.1938,121,6.19,47.08,42.78,8.72,0,0,0,0
PDF_01283,1,1,0.0,2,4,0,0,0.0,0.0,0.1258,35,5.247,0.0,0.0,0.0,0,0,0,0
PDF_01284,1,1,0.25,0,2,0,0,0.0,0.1077,0.3236,108,5.048,0.0,0.0,46.84,1,0,0,0
PDF_01285,1,2,26.3,3,4,1,0,0.0,0.0685,0.1068,139,5.703,12.84,31.3,21.61,0,1,0,0
PDF_01286,2,2,56.38,8,7,0,0,34.06,0.2599,0.2082,157,7.843,45.25,56.96,44.15,0,0,0,0
PDF_01287,0,1,0.0,1,1,0,0,0.0,0.0,0.0881,13,5.674,0.0,0.0,0.0,0,1,0,0
PDF_01288,1,1,8.14,0,2,0,0,0.0,0.1611,0.3786,126,4.916,20.06,13.84,62.72,1,0,0,0
PDF_01289,2,1,60.66,6,4,1,0,49.74,0.2517,0.2103,144,6.99,40.13,82.46,38.35,0,0,0,0
PDF_01290,0,1,20.66,1,0,0,0,0.0,0.1337,0.3089,127,5.828,15.86,25.57,58.53,1,0,0,0
PDF_01291,1,1,33.38,3,0,2,0,11.04,0.1405,0.2304,101,5.743,20.1,14.06,10.45,0,0,0,0
PDF_01292,1,1,9.43,1,2,0,0,0.0,0.1017,0.3888,90,5.985,1.03,0.0,60.26,1,0,0,0
PDF_01293,2,3,24.35,3,3,1,0,0.0,0.0835,0.1521,89,5.359,30.84,30.55,20.25,0,0,0,0
PDF_01294,0,2,43.85,0,6,0,0,33.25,0.1401,0.0624,132,6.179,20.55,40.85,32.04,0,0,0,0
PDF_01295,0,1,0.0,0,0,1,0,0.0,0.1549,0.1231,54,5.1,0.0,0.0,10.24,0,0,0,0
PDF_01296,0,1,10.61,0,5,0,0,0.0,0.0467,0.0537,68,4.894,14.72,19.01,15.02,0,0,0,0
PDF_01297,0,1,0.0,2,1,1,0,0.0,0.0314,0.0308,85,5.231,0.0,0.18,0.0,0,0,0,0
PDF_01298,0,1,19.32,3,3,1,0,7.38,0.0966,0.1542,91,5.489,6.92,14.79,20.62,0,0,0,0
PDF_01299,0,2,20.54,0,2,0,0,0.0,0.0534,0.0816,40,4.732,21.0,10.34,25.6,0,0,0,0
PDF_01300,1,1,8.05,1,0,0,0,18.78,0.0709,0.1046,55,6.461,0.0,2.04,0.0,0,0,0,0
PDF_01301,0,1,26.26,2,2,1,0,26.76,0.2619,0.2891,60,6.125,14.22,27.87,68.85,1,0,0,0
PDF_01302,0,3,0.25,1,4,1,0,0.0,0.0,0.0886,15,4.256,5.44,0.0,5.4,0,0,0,0
PDF_01303,0,2,27.96,4,3,1,0,5.78,0.1577,0.2053,111,5.263,35.3,44.31,16.73,0,0,0,0
PDF_01304,1,2,7.24,4,0,1,0,30.83,0.0695,0.1293,70,5.095,18.44,31.32,11.9,0,1,0,0
PDF_01305,0,1,13.51,3,0,1,0,18.52,0.1338,0.3769,100,5.317,0.0,18.74,56.95,1,0,0,0
PDF_01306,0,1,38.11,0,0,1,0,5.02,0.058,0.1957,104,5.978,22.53,29.04,3.38,0,0,0,0
PDF_01307,0,2,38.66,5,2,0,0,22.32,0.1739,0.1406,97,5.399,17.86,14.19,16.69,0,0,0,0
PDF_01308,2,1,0.89,0,1,0,0,9.53,0.1452,0.3447,52,5.512,0.0,24.86,62.09,1,0,0,0
PDF_01309,1,3,5.93,0,1,0,0,0.0,0.1396,0.1849,115,5.625,6.1,8.72,8.62,0,0,0,0
PDF_01310,1,3,14.42,1,4,0,0,2.45,0.2263,0.3256,88,4.992,10.33,10.68,47.6,1,0,0,0
PDF_01311,1,1,0.0,2,3,0,0,0.0,0.0167,0.1676,44,5.572,0.0,0.0,5.67,0,1,0,0
PDF_01312,1,1,14.63,2,2,0,0,3.26,0.0912,0.09,115,4.69,4.45,13.47,15.25,0,0,0,0
PDF_01313,1,1,0.0,2,0,0,0,0.43,0.1132,0.3487,127,4.578,0.0,0.0,40.74,1,1,0,0
PDF_01314,0,2,0.0,0,0,1,0,0.0,0.0198,0.1271,56,5.74,6.56,0.0,7.56,0,0,0,0
PDF_01315,0,2,35.14,6,6,0,0,49.84,0.1675,0.1421,140,6.482,18.0,25.52,44.49,0,1,0,0
PDF_01316,1,1,64.48,5,1,1,0,6.53,0.0981,0.2163,126,6.662,26.08,37.33,23.05,0,1,0,0
PDF_01317,0,1,0.0,5,0,0,0,0.0,0.0341,0.0902,75,5.486,0.0,0.0,0.0,0,0,0,0
PDF_01318,1,1,12.19,3,3,0,0,17.61,0.0902,0.1508,32,5.323,23.01,32.95,4.91,0,0,0,0
PDF_01319,0,1,0.0,0,0,0,0,0.0,0.0551,0.044,81,4.541,2.03,0.0,14.18,0,0,0,0
PDF_01320,1,1,0.0,0,0,1,0,0.0,0.1737,0.3081,99,6.017,0.0,19.47,41.62,1,0,0,0
PDF_01321,1,3,13.31,4,0,1,0,0.01,0.1239,0.3243,69,5.249,15.86,6.27,58.05,1,0,0,0
PDF_01322,0,1,33.97,3,5,0,0,10.75,0.2341,0.3757,114,5.593,0.0,10.37,70.49,1,1,0,0
PDF_01323,1,2,39.94,1,1,1,0,36.73,0.2873,0.3389,67,5.402,25.23,37.12,57.46,1,0,0,0
PDF_01324,2,2,32.77,5,0,0,0,7.04,0.1024,0.2205,79,5.642,24.26,37.86,14.54,0,0,0,0
PDF_01325,0,1,0.0,0,0,0,0,0.0,0.1238,0.3714,72,5.58,0.0,0.0,28.96,1,0,0,0
PDF_01326,0,1,20.79,4,4,1,0,0.0,0.1528,0.2901,154,5.638,30.31,52.18,52.94,1,0,0,0
PDF_01327,0,1,21.84,2,0,0,0,2.4,0.0877,0.2456,135,5.633,20.02,16.94,16.04,0,1,0,0
PDF_01328,0,1,11.04,0,0,0,0,18.44,0.0906,0.1665,57,5.961,2.52,2.06,22.09,0,0,0,0
PDF_01329,1,1,0.0,1,0,0,0,0.0,0.1189,0.2558,21,5.016,0.0,7.93,38.38,1,0,0,0
PDF_01330,0,1,6.65,1,1,1,1,0.0,0.0807,0.1015,71,5.488,0.0,25.65,8.73,0,0,0,0
PDF_01331,0,1,0.0,3,1,0,0,0.66,0.1055,0.2721,60,5.497,0.0,0.0,36.43,1,1,0,0
PDF_01332,1,2,15.35,6,6,0,0,21.99,0.104,0.1657,84,5.227,14.23,28.65,25.04,0,1,0,0
PDF_01333,1,2,0.0,1,2,0,0,0.0,0.1714,0.3779,74,5.376,9.36,0.0,57.99,1,1,0,0
PDF_01334,0,2,7.52,0,2,0,0,0.0,0.0013,0.1104,61,5.483,0.0,0.0,0.0,0,0,0,0
PDF_01335,0,2,36.38,2,1,1,0,0.42,0.2145,0.3726,178,5.331,18.82,11.85,66.06,1,0,0,0
PDF_01336,0,1,0.0,0,0,0,0,0.0,0.1203,0.2901,74,5.103,0.0,0.0,29.4,1,0,0,0
PDF_01337,0,1,4.27,2,3,0,0,0.0,0.1089,0.304,78,6.433,0.0,0.0,54.07,1,0,0,0
PDF_01338,0,1,14.25,1,0,0,0,0.0,0.2815,0.4143,146,3.824,19.11,19.39,72.91,1,1,0,0
PDF_01339,0,1,0.0,1,0,0,0,0.0,0.0,0.0893,51,4.887,0.39,0.0,0.0,0,0,0,0
PDF_01340,1,1,43.38,1,3,0,0,4.53,0.3251,0.3333,171,5.404,24.84,21.83,69.41,1,0,0,0
PDF_01341,1,1,0.0,1,0,0,0,19.54,0.0679,0.171,74,5.676,2.28,0.0,5.95,0,1,0,0
PDF_01342,1,1,15.33,0,0,0,0,13.85,0.1136,0.0677,74,5.215,20.97,15.58,14.43,0,1,0,0
PDF_01343,0,2,38.5,4,3,0,0,32.63,0.1486,0.0741,123,6.304,30.58,29.98,13.81,0,0,0,0
PDF_01344,1,1,21.92,0,0,0,0,21.82,0.1523,0.3185,105,4.567,14.41,9.57,38.45,1,1,0,0
PDF_01345,2,1,50.41,1,1,1,0,37.7,0.1589,0.1628,125,6.458,0.0,24.16,22.82,0,1,0,0
PDF_01346,0,3,0.0,0,0,0,0,0.0,0.1302,0.3485,61,5.534,11.48,0.0,39.06,1,1,0,0
PDF_01347,1,1,0.0,1,1,0,0,0.0,0.0621,0.1751,93,5.787,0.0,0.0,14.02,0,0,0,0
PDF_01348,0,2,9.34,3,0,0,0,0.0,0.0,0.063,65,5.737,18.66,0.0,7.36,0,0,0,0
PDF_01349,0,1,23.6,4,2,1,0,6.13,0.1306,0.2404,96,5.96,16.14,12.76,34.19,0,1,0,0
PDF_01350,1,1,0.0,1,0,1,0,18.96,0.2081,0.3776,147,5.521,12.09,34.66,60.69,1,1,0,0
PDF_01351,2,1,30.36,0,1,0,0,4.85,0.0774,0.0506,116,6.622,0.0,24.54,5.91,0,0,0,0
PDF_01352,2,1,0.0,3,0,0,0,9.23,0.0,0.1526,88,4.775,0.61,0.0,0.0,0,1,0,0
PDF_01353,0,1,14.65,2,2,2,0,0.0,0.1624,0.311,119,4.89,0.0,10.24,64.62,1,1,0,0
PDF_01354,0,1,0.0,2,0,0,0,0.0,0.0,0.0284,5,5.249,0.0,0.0,0.0,0,1,0,0
PDF_01355,1,2,43.06,5,2,0,0,28.85,0.1594,0.2166,105,5.667,22.85,46.63,23.04,0,0,0,0
PDF_01356,1,1,39.65,3,4,2,0,21.54,0.0948,0.1144,155,5.605,25.67,35.79,25.81,0,1,0,0
PDF_01357,0,1,10.28,1,2,0,0,6.68,0.1789,0.1437,89,4.797,26.31,34.59,17.88,0,0,0,0
PDF_01358,0,4,52.28,4,2,0,0,35.84,0.2254,0.1222,158,5.904,3.56,50.29,22.11,0,1,0,0
PDF_01359,0,1,0.0,2,0,1,1,0.0,0.0,0.0683,16,6.111,0.0,0.0,0.0,0,0,0,0
PDF_01360,1,2,33.97,2,3,0,0,11.64,0.0584,0.145,105,5.945,0.0,46.44,22.75,0,1,0,0
PDF_01361,2,1,27.41,1,4,0,0,13.62,0.1102,0.1544,100,5.74,32.21,35.52,18.66,0,1,0,0
PDF_01362,1,1,33.38,0,2,0,0,10.9,0.1011,0.1663,43,6.008,0.0,13.38,6.3,0,1,0,0
PDF_01363,0,1,0.0,0,3,2,0,0.0,0.0386,0.0598,55,5.12,0.19,0.0,11.5,0,0,0,0
PDF_01364,1,1,0.0,0,0,1,0,0.0,0.0,0.0743,5,5.595,0.0,0.0,0.0,0,0,0,0
PDF_01365,0,1,1.46,0,0,0,0,7.31,0.1861,0.3435,158,6.023,12.18,19.01,49.45,1,1,0,0
PDF_01366,1,1,0.0,0,0,0,0,0.0,0.1989,0.3236,89,5.79,7.28,0.0,34.96,1,0,0,0
PDF_01367,1,1,23.78,4,5,0,0,27.65,0.1248,0.0764,130,5.737,22.2,28.43,20.43,0,0,0,0
PDF_01368,2,3,68.11,7,4,2,0,51.2,0.2841,0.2579,175,5.442,45.76,75.17,33.08,0,0,0,0
PDF_01369,0,1,17.46,3,5,0,0,0.0,0.0113,0.0791,97,5.924,26.09,11.5,3.83,0,0,0,0
PDF_01370,0,1,21.14,5,0,0,0,21.2,0.24,0.3034,156,6.114,33.35,20.69,67.89,1,1,0,0
PDF_01371,0,1,10.79,3,0,0,0,8.42,0.0839,0.2113,95,4.687,0.0,0.0,27.62,1,1,0,0
PDF_01372,2,2,33.34,0,2,2,0,18.8,0.2596,0.3001,113,5.577,27.12,65.26,74.33,1,0,0,0
PDF_01373,1,1,28.73,1,0,1,0,5.7,0.1606,0.2862,86,4.798,0.0,3.85,68.81,1,0,0,0
PDF_01374,0,1,0.0,0,0,1,0,0.0,0.1188,0.0,63,5.163,0.0,1.54,8.75,0,0,0,0
PDF_01375,0,1,17.35,0,0,0,0,14.34,0.1905,0.3485,83,5.519,0.0,3.67,53.94,1,0,0,0
PDF_01376,2,1,25.45,3,4,1,0,10.2,0.0747,0.1442,110,5.205,21.38,13.59,25.75,0,0,0,0
PDF_01377,1,1,13.04,0,0,0,0,0.0,0.0495,0.0973,52,6.459,0.09,0.0,0.0,0,1,0,0
PDF_01378,0,1,0.0,0,1,0,0,0.0,0.0044,0.093,60,5.957,0.0,0.0,12.5,0,1,0,0
PDF_01379,0,1,16.3,4,0,1,0,25.28,0.1064,0.1491,100,5.635,0.0,23.24,7.33,0,1,0,0
PDF_01380,1,2,0.0,0,0,1,0,0.0,0.0,0.0487,72,4.888,0.0,0.0,0.0,0,1,0,0
PDF_01381,1,2,3.91,0,4,0,0,0.0,0.057,0.1416,85,4.448,11.2,0.0,4.35,0,0,0,0
PDF_01382,0,1,3.32,0,1,0,0,14.17,0.1673,0.3432,107,4.634,10.0,0.0,46.33,1,0,0,0
PDF_01383,1,1,18.29,0,0,1,0,0.0,0.1565,0.3229,134,4.557,11.89,28.68,66.37,1,0,0,0
PDF_01384,2,3,47.69,4,5,1,0,36.74,0.3029,0.4596,141,4.876,29.72,27.11,58.93,1,1,0,0
PDF_01385,1,2,29.64,2,0,1,0,42.93,0.149,0.1826,81,5.123,20.0,16.62,8.3,0,0,0,0
PDF_01386,1,2,9.01,1,3,0,0,0.0,0.1219,0.282,30,4.858,0.0,0.0,36.9,1,0,0,0
PDF_01387,1,1,17.18,0,3,0,0,0.0,0.1783,0.3349,81,4.954,19.75,0.0,54.82,1,0,0,0
PDF_01388,1,2,49.98,7,6,1,0,26.82,0.1438,0.1198,143,5.076,29.0,50.19,28.72,0,0,0,0
PDF_01389,1,1,15.7,3,4,0,0,5.02,0.0965,0.0918,104,6.003,2.07,24.64,14.95,0,0,0,0
PDF_01390,0,2,0.0,0,0,0,0,0.0,0.0,0.001,5,4.762,0.0,0.0,0.0,0,0,0,0
PDF_01391,0,1,31.46,0,1,0,0,5.82,0.1894,0.3424,111,5.291,7.29,24.64,64.23,1,0,0,0
PDF_01392,0,1,33.73,0,3,0,0,0.0,0.128,0.0587,103,5.623,3.57,0.0,11.39,0,0,0,0
PDF_01393,1,2,64.12,4,6,1,0,36.32,0.1866,0.2103,151,6.324,21.34,71.84,25.46,0,0,0,0
PDF_01394,0,2,13.03,5,4,1,0,0.0,0.1731,0.2817,104,5.784,8.61,5.94,49.39,1,0,0,0
PDF_01395,0,2,39.6,3,0,0,0,4.55,0.2403,0.3355,121,5.7,0.3,41.77,51.67,1,0,0,0
PDF_01396,0,2,0.0,0,0,0,0,0.0,0.0984,0.1992,64,4.809,8.99,14.96,49.84,1,0,0,0
PDF_01397,1,1,0.0,1,0,0,0,0.0,0.054,0.2581,87,5.307,0.0,0.0,51.19,1,0,0,0
PDF_01398,0,1,14.09,1,4,1,0,0.0,0.0553,0.2204,90,4.764,22.63,13.13,6.99,0,0,0,0
PDF_01399,0,2,11.15,0,0,1,0,20.86,0.0468,0.1031,62,6.325,39.35,0.0,15.74,0,0,0,0
PDF_01400,1,1,35.45,2,0,1,0,0.04,0.2463,0.4658,158,5.802,28.0,12.26,59.76,1,0,0,0
PDF_01401,1,2,11.92,1,1,1,0,3.08,0.0821,0.164,81,6.27,0.0,0.97,0.0,0,0,0,0
PDF_01402,0,1,22.06,0,3,0,0,0.0,0.1448,0.1371,124,4.977,16.61,15.19,13.1,0,0,0,0
PDF_01403,0,1,6.22,0,0,0,0,11.24,0.2556,0.3933,132,4.627,4.22,32.28,61.44,1,0,0,0
PDF_01404,0,1,15.08,3,2,0,0,0.0,0.1552,0.3784,78,4.66,2.91,7.69,48.11,1,0,0,0
PDF_01405,0,1,0.0,0,0,1,0,0.0,0.0794,0.2769,70,5.19,0.0,0.0,47.53,1,1,0,0
PDF_01406,0,1,0.0,0,0,0,0,6.45,0.0211,0.1274,98,6.493,0.0,0.0,3.11,0,1,0,0
PDF_01407,0,1,0.0,1,1,0,0,17.65,0.1941,0.336,63,5.189,0.0,0.0,52.11,1,0,0,0
PDF_01408,1,2,20.62,3,0,0,0,5.28,0.188,0.2966,141,5.806,3.95,47.41,47.95,1,1,0,0
PDF_01409,0,1,0.0,1,4,0,0,0.0,0.0198,0.1266,48,5.746,0.0,4.44,0.0,0,1,0,0
PDF_01410,0,1,0.0,1,0,0,0,0.0,0.0005,0.1311,74,3.555,8.3,2.75,0.37,0,0,0,0
PDF_01411,1,1,35.73,3,5,0,0,5.93,0.1174,0.1974,89,5.196,27.55,18.14,19.15,0,0,0,0
PDF_01412,1,1,0.0,0,0,0,0,0.0,0.0195,0.0711,62,4.122,0.0,0.0,7.12,0,0,0,0
PDF_01413,0,1,0.0,0,1,0,0,0.0,0.0299,0.0476,83,5.01,0.0,0.0,0.0,0,0,0,0
PDF_01414,1,2,22.31,1,0,0,0,34.94,0.0947,0.1542,64,5.881,2.4,7.38,0.0,0,1,0,0
PDF_01415,0,1,0.0,0,0,0,0,0.0,0.0552,0.0975,101,4.794,0.0,0.0,0.32,0,0,0,0
PDF_01416,1,1,15.47,0,0,0,1,0.0,0.1496,0.3151,91,5.095,18.95,29.28,51.77,1,0,0,0
PDF_01417,1,1,0.0,0,2,0,0,6.23,0.0666,0.1471,68,5.772,1.28,14.96,14.77,0,1,0,0
PDF_01418,0,1,0.0,0,0,1,0,0.0,0.0177,0.2185,22,4.083,0.0,0.0,43.07,1,1,0,0
PDF_01419,0,1,0.0,3,1,0,0,0.0,0.0117,0.0042,11,4.72,0.0,0.0,0.0,0,0,0,0
PDF_01420,1,1,0.0,3,1,0,0,0.0,0.0,0.0684,70,5.556,0.0,0.0,15.14,0,0,0,0
PDF_01421,0,1,12.25,1,0,0,0,0.0,0.0772,0.1273,88,5.33,0.0,4.87,4.57,0,0,0,0
PDF_01422,0,1,2.51,0,0,0,0,0.12,0.0366,0.1157,62,5.022,14.04,14.95,12.51,0,0,0,0
PDF_01423,1,1,0.0,3,1,1,0,0.0,0.0593,0.0853,57,5.149,0.0,6.16,0.0,0,0,0,0
PDF_01424,0,1,0.0,2,5,0,0,0.0,0.1477,0.3591,62,5.467,0.0,0.0,50.36,1,0,0,0
PDF_01425,1,2,0.0,0,0,0,0,0.0,0.0,0.1531,95,4.299,0.0,3.55,2.93,0,0,0,0
PDF_01426,0,1,6.97,0,3,0,0,0.0,0.0633,0.1399,38,4.931,0.0,9.96,7.93,0,1,0,0
PDF_01427,0,1,0.0,0,3,0,0,0.0,0.0,0.1105,62,6.177,0.0,0.0,0.0,0,0,0,0
PDF_01428,1,3,38.32,5,6,2,0,13.84,0.1268,0.1444,126,5.98,41.86,42.38,17.57,0,0,0,0
PDF_01429,1,1,5.5,0,3,1,0,0.0,0.0816,0.0256,82,5.83,0.0,0.0,0.0,0,0,0,0
PDF_01430,1,2,0.0,2,1,0,0,0.0,0.0152,0.1734,50,5.407,15.33,0.0,0.0,0,0,0,0
PDF_01431,0,1,11.75,0,0,1,0,13.67,0.0934,0.1406,101,5.416,3.98,7.16,3.96,0,1,0,0
PDF_01432,1,1,30.71,0,1,0,0,10.41,0.0739,0.0994,146,6.43,19.88,26.35,18.93,0,0,0,0
PDF_01433,0,3,23.05,0,5,0,0,0.62,0.1688,0.1651,100,6.07,33.52,47.3,33.91,0,0,0,0
PDF_01434,1,1,2.79,3,0,0,0,0.0,0.0,0.1033,99,4.684,0.0,9.05,0.55,0,0,0,0
PDF_01435,0,1,0.0,6,0,1,0,17.71,0.1792,0.2256,83,5.787,0.0,0.0,45.95,1,1,0,0
PDF_01436,0,2,0.0,1,0,0,0,0.0,0.0179,0.3163,82,4.518,0.0,0.0,60.8,1,1,0,0
PDF_01437,3,3,51.55,2,3,2,0,21.48,0.2013,0.2451,76,5.464,27.98,41.47,26.37,0,0,0,0
PDF_01438,0,1,19.2,1,0,0,0,0.0,0.0138,0.1094,65,5.557,9.95,0.0,0.0,0,1,0,0
PDF_01439,0,2,21.03,6,0,1,0,13.36,0.094,0.1196,121,5.074,10.91,15.72,15.78,0,0,0,0
PDF_01440,0,1,11.32,0,0,0,0,8.49,0.029,0.0715,65,5.697,0.0,0.0,9.55,0,0,0,0
PDF_01441,2,2,0.0,1,3,0,0,0.0,0.0101,0.1447,18,5.342,0.72,0.0,0.44,0,0,0,0
PDF_01442,1,1,33.03,3,2,2,0,25.4,0.1249,0.1577,137,7.057,29.08,37.93,6.05,0,0,0,0
PDF_01443,1,3,28.96,6,0,0,0,0.0,0.1649,0.1912,82,4.948,5.02,37.46,7.66,0,0,0,0
PDF_01444,1,1,28.52,3,4,0,0,0.0,0.1619,0.1357,97,6.552,15.38,12.18,6.67,0,0,0,0
PDF_01445,1,2,36.13,6,9,1,0,25.3,0.2491,0.3706,210,5.844,29.96,64.73,60.09,1,0,0,0
PDF_01446,0,2,21.27,5,0,0,0,5.85,0.1916,0.2846,93,5.616,8.36,27.09,54.85,1,0,0,0
PDF_01447,1,2,0.0,0,0,0,0,0.0,0.0825,0.0966,49,6.09,0.0,0.0,0.0,0,0,0,0
PDF_01448,0,1,0.0,5,0,0,0,14.57,0.0,0.1037,5,4.074,0.0,0.0,0.0,0,0,0,0
PDF_01449,1,2,0.0,1,0,0,0,0.0,0.1362,0.2464,103,5.854,0.0,8.7,48.41,1,0,0,0
PDF_01450,0,1,7.3,2,1,1,1,8.13,0.0963,0.0962,44,4.268,0.25,0.0,11.71,0,1,0,0
PDF_01451,0,1,11.83,2,2,0,0,0.0,0.0258,0.163,28,5.369,16.61,16.49,11.91,0,1,0,0
PDF_01452,0,1,27.54,1,1,0,0,3.0,0.2157,0.3286,160,6.411,18.53,51.62,75.63,1,1,0,0
PDF_01453,0,1,10.49,0,5,0,0,0.0,0.2396,0.4103,52,6.003,1.08,0.0,57.34,1,0,0,0
PDF_01454,0,2,0.0,0,5,0,0,15.25,0.1473,0.0511,67,6.18,17.32,22.52,13.02,0,0,0,0
PDF_01455,2,2,12.87,1,7,0,0,18.85,0.2363,0.3331,156,5.834,26.06,40.12,63.32,1,1,0,0
PDF_01456,0,1,10.12,1,0,1,0,8.81,0.1789,0.3109,179,5.28,29.26,18.46,61.61,1,1,0,0
PDF_01457,1,1,20.6,2,2,0,0,12.46,0.227,0.3327,89,4.918,8.17,18.55,56.18,1,0,0,0
PDF_01458,1,2,30.04,2,2,0,0,11.02,0.0573,0.1313,98,5.564,29.45,29.67,15.13,0,1,0,0
PDF_01459,0,1,0.0,2,0,0,0,0.0,0.1324,0.0681,67,4.879,0.0,6.75,3.72,0,0,0,0
PDF_01460,0,2,0.95,0,2,0,1,0.0,0.1102,0.096,33,5.243,0.82,8.33,5.35,0,0,0,0
PDF_01461,0,1,17.97,3,0,0,0,22.26,0.2334,0.2547,79,5.318,7.35,6.05,56.8,1,0,0,0
PDF_01462,0,1,17.02,0,0,0,0,0.0,0.218,0.2742,103,4.561,10.84,21.45,51.04,1,0,0,0
PDF_01463,0,1,19.34,4,1,0,0,11.53,0.1457,0.2665,101,5.374,24.16,25.4,69.22,1,0,0,0
PDF_01464,1,1,0.0,0,0,0,0,0.0,0.0616,0.0355,67,4.941,0.0,0.0,0.0,0,1,0,0
PDF_01465,1,1,5.23,1,0,0,1,0.0,0.1534,0.212,130,5.618,11.77,24.8,66.24,1,0,0,0
PDF_01466,1,1,0.0,0,3,0,0,0.0,0.0,0.0447,5,4.574,0.0,0.0,0.92,0,0,0,0
PDF_01467,0,1,13.39,2,0,1,0,14.74,0.0424,0.1123,65,5.916,11.83,12.23,12.06,0,0,0,0
PDF_01468,0,3,0.0,3,4,0,0,3.78,0.0424,0.0673,43,3.904,0.0,5.99,10.79,0,1,0,0
PDF_01469,0,1,19.17,4,3,1,0,0.0,0.1103,0.0573,85,5.322,0.0,30.78,14.13,0,0,0,0
PDF_01470,1,1,28.53,1,3,0,0,18.65,0.2762,0.4232,108,5.485,19.18,35.75,48.43,1,1,0,0
PDF_01471,0,1,0.0,0,0,0,0,0.0,0.0487,0.1779,50,5.001,0.0,0.0,3.45,0,0,0,0
PDF_01472,0,1,37.81,2,3,0,0,24.48,0.207,0.3983,101,5.377,11.13,6.06,77.42,1,0,0,0
PDF_01473,0,1,0.0,0,0,1,0,0.0,0.0102,0.1043,10,4.61,0.0,10.39,0.0,0,0,0,0
PDF_01474,0,2,10.42,3,1,0,0,0.0,0.041,0.1673,60,5.38,0.0,0.0,0.0,0,0,0,0
PDF_01475,1,1,0.0,0,2,0,0,1.81,0.1573,0.2718,100,6.219,0.0,0.0,45.37,1,0,0,0
PDF_01476,1,1,0.0,0,0,0,0,0.0,0.1234,0.3055,40,5.526,8.06,0.0,40.99,1,0,0,0
PDF_01477,1,1,35.25,0,3,0,0,17.3,0.1063,0.143,109,4.492,2.52,4.75,18.48,0,1,0,0
PDF_01478,1,1,0.0,0,0,0,0,0.0,0.0,0.1208,39,4.655,0.0,0.0,0.0,0,1,0,0
PDF_01479,1,2,38.84,0,2,0,0,0.0,0.0898,0.119,87,5.078,21.83,16.41,2.08,0,0,0,0
PDF_01480,0,1,25.83,1,4,0,0,0.0,0.0657,0.1105,73,4.762,5.52,16.31,3.48,0,0,0,0
PDF_01481,0,1,17.68,2,0,2,1,10.96,0.1097,0.1731,110,4.823,0.0,14.01,24.7,0,0,0,0
PDF_01482,0,2,14.54,0,1,1,0,0.0,0.09,0.1355,102,5.46,0.0,0.0,5.82,0,0,0,0
PDF_01483,0,1,0.0,0,2,0,0,0.0,0.0,0.0253,36,5.605,0.0,0.0,0.0,0,1,0,0
PDF_01484,0,1,26.21,0,1,1,0,25.23,0.1372,0.1308,94,5.451,8.55,16.5,6.23,0,0,0,0
PDF_01485,2,1,6.21,2,0,0,0,0.0,0.0987,0.356,120,4.965,0.0,24.01,51.25,1,0,0,0
PDF_01486,0,1,11.4,0,3,1,0,17.47,0.0563,0.1871,103,5.821,24.32,0.0,16.28,0,0,0,0
PDF_01487,0,2,48.32,5,0,1,0,21.08,0.2817,0.2996,131,5.99,27.54,36.78,74.94,1,0,0,0
PDF_01488,0,2,14.7,0,0,0,1,0.0,0.1401,0.1216,108,6.005,0.43,19.9,4.91,0,0,0,0
PDF_01489,1,1,0.0,0,1,0,0,0.0,0.0,0.0819,38,5.417,1.98,7.18,2.19,0,1,0,0
PDF_01490,0,1,17.71,3,2,0,0,0.0,0.0746,0.075,98,5.202,0.0,9.08,13.21,0,1,0,0
PDF_01491,1,1,0.0,1,0,0,0,1.03,0.1363,0.2516,83,5.429,21.78,0.0,46.83,1,0,0,0
PDF_01492,0,2,0.0,1,0,0,0,0.0,0.0803,0.2429,122,5.734,0.0,0.0,39.46,1,0,0,0
PDF_01493,0,2,33.4,0,0,1,0,10.98,0.2753,0.4027,134,5.69,27.12,20.8,67.3,1,0,0,0
PDF_01494,1,2,41.52,3,3,1,0,3.88,0.2305,0.3629,88,5.345,15.78,0.0,62.56,1,0,0,0
PDF_01495,1,2,12.77,2,1,0,0,3.4,0.075,0.1004,133,4.87,15.85,3.98,15.3,0,0,0,0
PDF_01496,1,1,0.0,1,0,1,0,0.0,0.0706,0.0382,55,5.578,0.0,0.0,7.72,0,0,0,0
PDF_01497,0,2,12.3,1,0,0,0,0.0,0.1604,0.4408,113,5.632,14.8,2.06,62.4,1,0,0,0
PDF_01498,1,2,0.0,0,0,0,0,0.0,0.2089,0.3288,90,4.958,0.18,6.02,54.01,1,1,0,0
PDF_01499,0,2,20.68,5,2,0,0,9.24,0.0662,0.1099,123,6.182,0.0,23.38,20.18,0,0,0,0
PDF_01500,2,1,25.19,0,3,1,0,13.64,0.3073,0.293,54,4.767,0.0,33.48,53.75,1,0,0,0
PDF_01501,0,1,10.01,0,1,0,0,16.84,0.0866,0.0594,72,5.352,0.0,25.61,4.18,0,1,0,0
PDF_01502,0,1,0.0,0,0,0,0,0.0,0.0,0.0969,72,5.778,0.0,0.0,2.9,0,0,0,0
PDF_01503,0,2,17.27,0,1,1,0,9.33,0.24,0.4079,112,4.768,6.11,21.97,43.33,1,1,0,0
PDF_01504,2,1,4.49,1,0,0,0,0.0,0.1918,0.279,82,5.105,0.0,1.75,45.38,1,0,0,0
PDF_01505,0,2,11.08,2,0,0,0,9.81,0.0405,0.1378,78,5.034,0.43,19.75,7.76,0,1,0,0
PDF_01506,1,2,9.43,2,2,0,0,6.87,0.1541,0.4541,115,4.879,12.13,0.0,42.7,1,1,0,0
PDF_01507,2,1,39.96,4,4,0,0,0.0,0.192,0.2109,149,6.544,19.55,20.05,11.3,0,0,0,0
PDF_01508,0,2,19.2,2,2,2,0,31.44,0.2416,0.4323,175,6.05,14.05,37.52,76.64,1,0,0,0
PDF_01509,2,2,0.0,1,0,1,0,0.0,0.0067,0.1466,78,4.48,0.0,0.0,0.0,0,0,0,0
PDF_01510,1,2,15.92,5,1,1,0,0.0,0.0844,0.1145,87,5.668,0.7,23.74,21.16,0,1,0,0
PDF_01511,1,3,31.55,3,5,0,0,33.2,0.1072,0.1561,69,5.617,30.43,34.44,0.0,0,0,0,0
PDF_01512,0,1,18.47,3,1,0,0,16.99,0.1955,0.3318,115,5.637,14.15,34.54,68.42,1,0,0,0
PDF_01513,0,1,29.78,3,3,0,0,6.56,0.1405,0.1533,162,5.539,26.97,43.21,20.04,0,1,0,0
PDF_01514,0,1,7.26,2,3,1,0,0.0,0.0828,0.0835,113,5.823,4.0,0.0,0.55,0,0,0,0
PDF_01515,0,2,7.46,1,5,2,0,8.47,0.084,0.0934,120,5.682,12.75,3.74,0.0,0,0,0,0
PDF_01516,1,1,0.0,0,1,1,0,0.0,0.0829,0.1005,32,5.299,5.67,0.0,8.44,0,1,0,0
PDF_01517,0,1,32.24,4,3,0,0,20.45,0.1184,0.1038,110,6.021,24.17,33.58,18.37,0,0,0,0
PDF_01518,1,2,7.39,2,2,0,0,6.69,0.0408,0.0572,71,6.0,0.0,8.9,0.0,0,0,0,0
PDF_01519,2,1,20.64,0,0,0,0,2.82,0.1609,0.2868,94,4.153,16.96,5.88,57.08,1,0,0,0
PDF_01520,2,1,18.57,0,0,0,0,13.24,0.2026,0.3119,113,5.076,0.0,12.96,58.89,1,0,0,0
PDF_01521,0,2,0.0,0,2,0,0,0.0,0.0886,0.3191,62,5.294,0.0,0.0,31.12,1,1,0,0
PDF_01522,0,2,8.28,3,0,1,0,0.0,0.1987,0.3332,60,4.548,15.67,0.0,55.32,1,0,0,0
PDF_01523,0,1,0.0,0,0,1,0,0.0,0.0365,0.0191,54,6.185,0.0,0.0,0.0,0,0,0,0
PDF_01524,1,1,6.12,3,2,0,0,8.68,0.2053,0.358,160,6.69,16.39,25.28,69.18,1,0,0,0
PDF_01525,1,1,17.52,0,2,0,0,0.0,0.1016,0.1386,31,5.514,0.0,15.8,3.14,0,0,0,0
PDF_01526,0,1,14.53,2,0,0,0,0.0,0.0658,0.171,81,4.689,19.93,0.0,9.93,0,1,0,0
PDF_01527,1,1,0.0,2,2,0,0,0.0,0.0115,0.0987,58,4.728,0.0,0.0,17.25,0,1,0,0
PDF_01528,0,1,27.86,6,5,2,0,12.12,0.1492,0.1246,76,6.5,1.29,28.72,14.69,0,0,0,0
PDF_01529,2,2,47.99,3,2,0,0,20.54,0.2911,0.4245,162,4.945,46.32,64.89,63.47,1,0,0,0
PDF_01530,0,1,0.0,0,2,0,0,0.0,0.1164,0.283,90,4.725,0.0,0.0,61.58,1,0,0,0
PDF_01531,1,1,0.0,1,0,0,0,0.0,0.1541,0.3046,147,5.862,23.5,0.0,61.73,1,0,0,0
PDF_01532,0,1,4.38,3,1,1,0,0.0,0.0729,0.0261,31,4.336,0.0,20.45,0.0,0,0,0,0
PDF_01533,0,1,15.43,3,0,1,0,0.0,0.1779,0.3074,102,4.575,1.55,23.06,45.4,1,1,0,0
PDF_01534,1,1,0.0,2,3,1,0,0.0,0.1003,0.2407,36,6.026,0.0,0.0,44.21,1,0,0,0
PDF_01535,0,1,0.0,1,0,1,0,0.0,0.024,0.0481,76,6.46,0.0,0.0,0.0,0,0,0,0
PDF_01536,2,1,0.0,0,2,0,0,0.0,0.0,0.0,5,4.408,0.0,0.0,0.02,0,0,0,0
PDF_01537,0,2,0.0,0,0,2,0,0.0,0.0934,0.196,40,5.405,0.0,0.0,41.99,1,0,0,0
PDF_01538,1,2,0.51,0,0,1,0,0.0,0.0759,0.108,78,4.565,0.0,0.0,19.33,0,1,0,0
PDF_01539,0,2,13.89,0,0,0,0,0.0,0.2232,0.3377,140,5.257,0.0,20.3,63.32,1,0,0,0
PDF_01540,1,1,47.91,4,5,1,0,37.45,0.1297,0.1047,153,5.188,11.06,57.14,31.35,0,0,0,0
PDF_01541,0,1,9.91,2,2,0,0,0.0,0.179,0.218,81,4.876,0.0,12.71,56.35,1,0,0,0
PDF_01542,0,2,27.29,4,1,0,0,0.0,0.1254,0.1391,103,5.402,8.28,33.93,7.46,0,0,0,0
PDF_01543,0,2,17.32,0,0,0,0,0.0,0.0602,0.014,108,4.339,19.67,10.92,7.71,0,0,0,0
PDF_01544,0,2,0.0,1,0,0,0,0.0,0.0251,0.0908,53,4.978,0.0,0.0,0.0,0,0,0,0
PDF_01545,1,2,19.58,2,1,1,0,15.13,0.0906,0.1449,102,5.981,19.22,7.14,20.28,0,0,0,0
PDF_01546,1,1,15.42,0,2,1,0,0.0,0.0,0.0577,85,5.177,13.53,9.04,0.0,0,1,0,0
PDF_01547,0,1,20.15,1,1,0,0,0.0,0.1466,0.0608,112,4.909,28.76,17.15,7.2,0,0,0,0
PDF_01548,0,1,0.0,3,1,0,0,0.0,0.0303,0.0654,56,5.836,0.0,7.94,7.94,0,0,0,0
PDF_01549,0,1,42.29,4,2,1,0,37.41,0.1856,0.2695,118,6.413,29.23,33.5,28.56,0,0,0,0
PDF_01550,0,2,0.0,1,2,0,0,11.56,0.0498,0.1007,121,5.396,0.0,6.91,12.36,0,1,0,0
PDF_01551,0,1,25.35,2,1,0,0,0.0,0.1111,0.2928,120,5.506,28.18,23.99,60.26,1,1,0,0
PDF_01552,1,1,0.0,1,0,1,0,0.0,0.0036,0.0,57,5.219,0.0,0.0,13.08,0,0,0,0
PDF_01553,1,1,28.3,0,0,0,0,0.0,0.1399,0.1733,107,5.624,7.5,10.5,12.22,0,0,0,0
PDF_01554,1,2,11.01,0,0,1,0,0.0,0.1559,0.2799,98,5.792,0.0,0.0,65.69,1,0,0,0
PDF_01555,2,1,0.0,0,0,0,0,0.0,0.1505,0.3268,73,5.08,16.81,0.0,46.41,1,0,0,0
PDF_01556,0,2,26.14,3,1,0,1,0.0,0.0716,0.1514,81,5.596,0.0,10.92,3.43,0,0,0,0
PDF_01557,0,1,0.0,1,0,0,0,0.0,0.0,0.0458,69,4.948,0.0,0.0,0.0,0,0,0,0
PDF_01558,0,1,40.11,2,0,1,0,7.06,0.1897,0.3571,129,5.279,13.46,17.09,78.45,1,0,0,0
PDF_01559,1,2,36.99,4,1,0,0,10.11,0.323,0.4285,151,4.728,13.9,24.57,79.48,1,0,0,0
PDF_01560,1,1,9.38,0,0,0,0,0.0,0.0361,0.0961,78,5.605,10.49,5.43,4.96,0,1,0,0
PDF_01561,0,1,0.0,1,1,0,0,7.21,0.1006,0.0813,93,5.741,9.33,0.0,1.46,0,1,0,0
PDF_01562,0,2,35.53,4,0,1,0,6.57,0.0966,0.1506,104,6.115,9.25,16.9,26.49,0,0,0,0
PDF_01563,1,2,11.47,0,0,0,0,15.73,0.1632,0.2771,42,4.514,16.74,45.97,23.66,0,0,0,0
PDF_01564,2,1,11.52,0,3,1,0,2.13,0.0925,0.2065,77,4.642,4.68,13.22,0.0,0,0,0,0
PDF_01565,2,2,0.0,1,0,0,0,7.17,0.0355,0.1454,109,5.671,3.15,1.67,11.69,0,0,0,0
PDF_01566,0,1,18.75,1,0,0,0,0.0,0.1241,0.0839,61,4.448,0.0,0.0,0.0,0,0,0,0
PDF_01567,2,2,29.06,5,3,0,0,0.0,0.2164,0.363,148,5.934,20.97,14.96,61.38,1,0,0,0
PDF_01568,0,3,39.68,1,6,1,0,6.49,0.3104,0.4713,146,4.874,35.33,39.73,84.2,1,0,0,0
PDF_01569,0,1,0.0,0,0,0,0,0.0,0.1182,0.2867,125,5.795,0.24,13.09,47.49,1,0,0,0
PDF_01570,0,1,0.0,1,0,0,0,6.28,0.0138,0.0774,83,5.438,6.47,0.0,0.0,0,1,0,0
PDF_01571,1,1,0.0,2,0,0,0,0.0,0.1321,0.2875,111,4.321,0.0,5.91,47.95,1,0,0,0
PDF_01572,1,1,28.51,4,6,0,0,18.52,0.1288,0.0747,95,6.075,16.41,45.09,18.47,0,0,0,0
PDF_01573,1,1,5.14,3,1,0,0,0.0,0.0766,0.1487,100,5.092,23.76,30.3,3.29,0,0,0,0
PDF_01574,1,2,5.35,2,0,0,0,0.0,0.1748,0.3339,93,6.192,0.0,14.99,32.87,1,0,0,0
PDF_01575,0,1,11.38,1,0,0,0,0.0,0.2225,0.3539,130,5.731,4.86,10.85,66.0,1,0,0,0
PDF_01576,2,1,28.9,4,2,0,0,8.69,0.2513,0.3988,141,6.586,31.25,35.28,62.89,1,0,0,0
PDF_01577,0,1,0.0,2,0,0,0,0.0,0.0324,0.1409,63,5.08,0.0,0.0,0.0,0,1,0,0
PDF_01578,0,1,53.91,1,4,0,0,6.21,0.2133,0.3111,130,5.27,33.03,32.42,75.03,1,0,0,0
PDF_01579,0,1,0.0,0,2,0,0,0.0,0.0554,0.158,42,5.599,0.0,0.0,7.71,0,0,0,0
PDF_01580,0,1,24.41,0,3,0,0,9.29,0.1675,0.1531,143,5.297,27.1,26.87,4.84,0,0,0,0
PDF_01581,0,1,6.73,1,0,0,0,0.0,0.2389,0.3351,96,4.31,7.74,0.0,42.05,1,0,0,0
PDF_01582,1,2,22.19,5,0,0,0,0.0,0.0681,0.181,89,5.929,23.15,5.57,8.34,0,0,0,0
PDF_01583,0,2,34.86,2,2,0,0,12.12,0.1943,0.3406,135,5.92,22.14,48.83,33.24,1,1,0,0
PDF_01584,0,1,21.79,0,0,1,0,21.24,0.2155,0.4176,137,6.151,7.86,18.4,74.44,1,0,0,0
PDF_01585,0,1,0.0,0,1,1,0,2.16,0.1361,0.336,117,5.632,0.0,0.0,53.49,1,0,0,0
PDF_01586,1,2,45.03,4,0,1,0,19.06,0.2384,0.1427,118,6.424,22.54,90.46,28.75,0,0,0,0
PDF_01587,0,1,27.59,3,2,0,0,0.0,0.1459,0.1308,133,4.485,20.9,0.0,11.3,0,0,0,0
PDF_01588,0,1,8.08,3,2,0,0,6.25,0.1057,0.2066,42,5.883,14.58,10.23,17.01,0,0,0,0
PDF_01589,0,3,13.41,0,4,0,0,16.34,0.0114,0.1072,99,5.499,6.32,12.11,37.24,0,0,0,0
PDF_01590,0,1,41.82,2,2,0,0,11.09,0.3296,0.3836,86,5.479,14.12,8.07,63.75,1,0,0,0
PDF_01591,1,2,40.24,3,0,0,0,10.07,0.1556,0.2113,81,5.488,42.37,47.7,14.86,0,0,0,0
PDF_01592,1,2,37.82,0,1,1,0,0.0,0.1078,0.0972,66,6.522,35.93,31.64,26.5,0,0,0,0
PDF_01593,1,3,43.73,4,6,1,0,20.5,0.1002,0.1945,118,5.732,23.19,35.99,10.28,0,0,0,0
PDF_01594,0,2,44.1,3,2,1,0,37.67,0.0434,0.0964,142,6.224,0.0,41.61,13.16,0,0,0,0
PDF_01595,0,1,27.95,2,3,0,0,19.69,0.0792,0.1608,89,6.367,2.78,20.45,16.4,0,1,0,0
PDF_01596,0,2,29.82,0,3,0,0,33.03,0.1641,0.3007,86,5.589,6.68,12.68,62.13,1,0,0,0
PDF_01597,0,1,2.52,0,0,0,0,0.0,0.0278,0.0314,80,5.695,0.0,0.24,1.19,0,0,0,0
PDF_01598,0,2,0.0,0,1,1,0,0.0,0.0,0.0288,61,5.669,0.0,6.85,0.0,0,0,0,0
PDF_01599,0,2,0.0,3,0,1,0,0.0,0.03,0.0949,64,5.97,0.0,0.0,5.38,0,1,0,0
PDF_01600,1,2,73.31,5,2,0,0,38.73,0.3062,0.388,115,5.518,44.35,60.56,73.79,1,0,0,0
PDF_01601,0,1,5.53,3,4,0,0,0.0,0.1056,0.1734,104,4.887,0.49,0.0,9.74,0,0,0,0
PDF_01602,2,1,5.14,2,5,0,0,4.43,0.0049,0.1542,99,5.917,0.0,0.0,1.04,0,1,0,0
PDF_01603,0,1,21.71,4,3,0,0,0.0,0.2355,0.293,126,5.678,16.89,27.18,58.76,1,0,0,0
PDF_01604,0,1,0.0,0,0,1,0,0.0,0.0,0.0793,35,5.238,15.08,0.0,8.24,0,0,0,0
PDF_01605,1,1,0.0,0,0,0,0,4.7,0.1092,0.3017,119,5.303,0.0,22.03,63.95,1,0,0,0
PDF_01606,0,2,0.0,0,1,1,0,11.74,0.2726,0.2821,97,6.601,0.0,24.34,54.06,1,0,0,0
PDF_01607,0,1,40.87,2,5,0,0,29.16,0.243,0.159,115,5.226,33.36,23.68,29.99,0,1,0,0
PDF_01608,0,1,0.0,0,0,0,0,0.0,0.0,0.0327,83,5.874,0.0,0.0,0.0,0,1,0,0
PDF_01609,1,1,27.93,2,1,1,0,12.58,0.2698,0.3577,131,6.448,11.8,27.28,59.67,1,0,0,0
PDF_01610,1,1,0.0,2,0,1,0,0.0,0.163,0.3386,166,5.675,8.92,0.0,70.37,1,0,0,0
PDF_01611,1,1,25.87,2,4,0,0,1.16,0.0254,0.0855,99,4.435,0.0,0.0,10.99,0,0,0,0
PDF_01612,0,1,7.88,2,0,0,0,0.0,0.185,0.2508,112,5.913,13.23,21.17,52.55,1,1,0,0
PDF_01613,1,1,0.0,0,0,0,0,24.34,0.0,0.1181,88,5.266,0.0,0.0,3.83,0,0,0,0
PDF_01614,0,2,18.98,2,3,0,0,0.58,0.1606,0.3207,92,5.486,0.0,21.73,50.26,1,1,0,0
PDF_01615,0,2,16.11,6,3,0,0,0.0,0.1284,0.1032,142,4.141,22.5,4.61,12.73,0,0,0,0
PDF_01616,1,1,22.84,2,2,0,0,0.0,0.1188,0.1301,78,6.239,7.67,7.96,7.44,0,0,0,0
PDF_01617,1,1,29.77,5,5,2,0,0.0,0.1085,0.1691,152,6.046,37.6,28.37,32.16,0,0,0,0
PDF_01618,0,1,33.95,2,2,0,0,19.27,0.2209,0.3434,97,5.472,8.35,22.02,56.4,1,1,0,0
PDF_01619,0,1,7.52,4,1,0,0,2.43,0.0141,0.098,48,4.78,13.37,19.45,0.68,0,0,0,0
PDF_01620,2,1,3.18,0,3,1,0,0.0,0.0436,0.0999,78,5.813,0.0,8.64,7.09,0,0,0,0
PDF_01621,1,1,10.33,2,3,0,0,0.0,0.171,0.3522,86,5.413,12.23,0.0,50.78,1,0,0,0
PDF_01622,0,1,0.0,3,0,0,0,0.0,0.0188,0.1367,122,5.515,0.0,0.0,1.58,0,0,0,0
PDF_01623,0,1,0.0,2,0,0,0,0.0,0.0,0.0791,79,5.051,0.0,1.12,18.59,0,1,0,0
PDF_01624,0,1,0.0,1,3,0,0,0.0,0.0521,0.2434,25,3.908,0.0,0.0,27.34,1,1,0,0
PDF_01625,0,1,21.48,0,0,1,0,9.75,0.1389,0.1245,138,4.958,18.1,10.58,17.03,0,0,0,0
PDF_01626,0,1,0.0,0,0,0,0,0.0,0.066,0.2296,88,5.592,0.0,0.0,53.67,1,0,0,0
PDF_01627,0,1,18.61,4,0,0,0,22.83,0.1872,0.3689,101,5.608,0.0,20.57,53.5,1,1,0,0
PDF_01628,2,1,53.07,2,0,0,0,17.34,0.2029,0.1028,114,5.073,36.39,60.61,15.16,0,0,0,0
PDF_01629,1,1,12.66,3,1,0,0,0.0,0.1686,0.363,133,4.895,0.0,41.3,54.76,1,0,0,0
PDF_01630,0,1,5.39,4,0,0,0,6.45,0.0063,0.1512,50,5.552,3.71,0.0,9.48,0,0,0,0
PDF_01631,0,1,6.06,1,0,2,0,13.06,0.0512,0.0713,83,7.112,0.0,0.0,2.26,0,0,0,0
PDF_01632,1,1,15.85,0,3,0,0,2.08,0.1642,0.2353,97,5.067,18.8,0.0,54.58,1,1,0,0
PDF_01633,1,1,0.0,1,2,0,0,0.0,0.0721,0.0849,84,4.727,0.0,0.0,0.0,0,0,0,0
PDF_01634,0,1,30.74,3,0,0,0,8.45,0.1236,0.2715,115,6.032,5.14,40.57,54.99,1,1,0,0
PDF_01635,1,2,0.0,0,1,0,0,0.0,0.042,0.0659,81,5.159,0.0,0.0,0.0,0,0,0,0
PDF_01636,0,1,0.88,1,1,0,0,0.0,0.1373,0.122,71,4.222,7.07,27.43,7.71,0,0,0,0
PDF_01637,0,1,17.57,1,6,0,0,8.33,0.1087,0.0721,96,4.804,16.42,12.4,34.48,0,0,0,0
PDF_01638,1,2,29.92,0,3,1,0,18.93,0.2554,0.3687,120,5.048,0.0,34.29,52.56,1,0,0,0
PDF_01639,1,2,12.53,0,0,2,0,0.0,0.0706,0.113,89,5.996,30.82,3.69,18.74,0,1,0,0
PDF_01640,1,1,37.6,0,0,0,0,0.0,0.0971,0.1847,58,6.113,3.13,22.25,30.25,0,0,0,0
PDF_01641,0,1,5.3,1,3,1,1,0.0,0.1971,0.3665,136,5.457,40.01,8.97,46.92,1,0,0,0
PDF_01642,1,1,24.96,2,0,0,0,5.14,0.1525,0.3978,90,4.685,14.63,26.87,64.75,1,0,0,0
PDF_01643,1,1,1.07,0,2,0,0,1.42,0.1545,0.3028,55,5.498,0.0,0.0,45.23,1,1,0,0
PDF_01644,0,1,75.77,5,6,0,0,22.31,0.193,0.0527,186,6.316,59.54,44.59,49.39,0,0,0,0
PDF_01645,0,2,1.73,2,3,0,0,20.75,0.1626,0.2186,115,5.493,13.29,40.35,17.15,0,0,0,0
PDF_01646,0,1,23.0,1,2,0,0,18.95,0.0913,0.1122,20,5.001,0.2,14.07,4.45,0,1,0,0
PDF_01647,0,1,21.83,2,2,0,0,14.43,0.235,0.3617,97,5.744,2.85,0.0,44.36,1,1,0,0
PDF_01648,0,1,12.44,2,0,0,0,28.9,0.1481,0.3302,119,5.566,0.0,43.25,67.3,1,0,0,0
PDF_01649,1,1,27.5,0,0,1,0,12.76,0.1948,0.2729,139,4.888,3.22,27.12,65.15,1,1,0,0
PDF_01650,1,1,31.53,3,1,1,0,16.92,0.1896,0.1635,92,5.763,11.72,28.7,14.04,0,0,0,0
PDF_01651,2,1,10.91,0,2,0,0,0.0,0.0928,0.1889,114,5.272,0.0,28.13,13.54,0,0,0,0
PDF_01652,0,1,56.28,2,3,1,0,16.39,0.2051,0.1816,135,6.702,16.4,37.65,18.34,0,0,0,0
PDF_01653,0,1,0.0,0,3,0,0,0.0,0.0192,0.0455,27,4.359,0.0,0.0,0.0,0,1,0,0
PDF_01654,0,1,0.0,0,0,0,0,0.0,0.1221,0.1305,38,5.689,9.87,4.78,0.0,0,1,0,0
PDF_01655,0,1,0.0,0,0,0,0,0.0,0.039,0.1028,64,5.677,0.0,0.0,0.0,0,0,0,0
PDF_01656,0,1,0.0,5,0,1,0,2.68,0.0,0.0074,51,5.36,0.0,0.0,0.0,0,1,0,0
PDF_01657,1,1,1.77,0,0,0,0,4.09,0.166,0.2947,104,4.834,0.0,0.57,41.06,1,0,0,0
PDF_01658,0,1,10.27,4,3,0,0,0.0,0.0765,0.0996,117,5.015,18.69,9.77,0.83,0,0,0,0
PDF_01659,0,1,0.0,1,0,0,0,12.27,0.039,0.0091,76,4.544,0.0,0.0,0.0,0,0,0,0
PDF_01660,0,1,11.91,2,0,1,0,1.17,0.1787,0.2946,99,4.36,5.48,0.0,44.7,1,0,0,0
PDF_01661,0,2,23.32,0,1,0,0,52.66,0.2072,0.3183,145,5.509,20.36,25.69,71.86,1,1,0,0
PDF_01662,0,1,0.0,0,0,0,0,9.66,0.1255,0.1223,62,6.032,17.42,20.78,15.32,0,1,0,0
PDF_01663,0,1,0.0,0,3,0,0,1.63,0.0031,0.0316,37,4.013,0.0,14.02,4.93,0,0,0,0
PDF_01664,0,2,25.45,1,5,0,0,3.74,0.25,0.4531,118,5.411,32.78,42.41,51.58,1,0,0,0
PDF_01665,3,2,54.6,5,8,2,0,21.07,0.2762,0.3447,205,5.104,52.62,61.02,75.06,1,1,0,0
PDF_01666,1,2,40.0,5,0,0,0,11.89,0.1292,0.1713,116,6.241,6.74,30.62,11.32,0,0,0,0
PDF_01667,2,2,0.0,1,1,1,0,0.0,0.0003,0.0731,26,5.185,0.0,0.0,7.7,0,0,0,0
PDF_01668,0,1,5.4,1,2,0,0,0.0,0.0447,0.1214,95,5.644,0.0,10.59,1.77,0,0,0,0
PDF_01669,1,1,13.24,1,2,0,1,20.23,0.1005,0.0569,101,5.539,10.52,6.43,0.0,0,0,0,0
PDF_01670,1,1,0.0,2,0,1,0,0.0,0.071,0.2984,69,5.537,0.0,0.0,32.11,1,0,0,0
PDF_01671,1,1,0.0,2,2,0,0,0.0,0.0039,0.0775,69,5.77,0.0,0.0,0.35,0,0,0,0
PDF_01672,0,1,0.0,1,0,2,0,0.0,0.0511,0.1837,56,5.283,0.0,0.0,30.72,1,0,0,0
PDF_01673,1,1,27.78,3,2,0,0,0.47,0.2193,0.3516,122,4.857,29.67,34.51,66.03,1,0,0,0
PDF_01674,2,1,0.0,3,5,0,0,6.31,0.1212,0.2741,53,5.22,0.0,0.0,43.59,1,1,0,0
PDF_01675,1,2,15.33,0,4,0,0,0.58,0.1361,0.3481,95,5.045,0.0,5.19,58.55,1,0,0,0
PDF_01676,0,1,0.0,1,2,0,0,13.33,0.0,0.0968,78,5.447,0.0,0.0,1.26,0,1,0,0
PDF_01677,0,1,28.88,5,0,2,0,24.14,0.2238,0.3458,122,5.872,28.04,42.4,62.69,1,0,0,0
PDF_01678,0,1,55.47,5,3,0,0,24.75,0.1658,0.1514,132,6.744,57.21,33.73,39.28,0,0,0,0
PDF_01679,2,1,51.4,7,4,1,0,32.13,0.1799,0.2173,135,5.529,0.04,50.47,15.95,0,1,0,0
PDF_01680,1,2,16.97,2,2,1,0,10.32,0.1272,0.0839,117,4.6,14.22,14.81,8.55,0,0,0,0
PDF_01681,0,2,0.0,0,0,0,0,0.0,0.0259,0.1521,48,5.447,7.1,4.63,20.72,0,1,0,0
PDF_01682,0,2,17.57,0,0,0,0,0.0,0.2011,0.2981,119,5.782,0.0,0.0,62.24,1,1,0,0
PDF_01683,2,1,16.08,3,6,1,0,0.0,0.1997,0.3341,85,5.545,8.91,28.98,49.67,1,0,0,0
PDF_01684,0,2,29.9,1,4,0,0,37.91,0.1965,0.3547,111,5.33,10.02,14.89,46.66,1,1,0,0
PDF_01685,1,1,7.92,5,2,0,0,27.85,0.1375,0.3103,109,4.322,0.0,7.25,46.74,1,1,0,0
PDF_01686,1,1,31.37,6,0,0,0,7.94,0.1266,0.1222,101,5.791,24.99,3.56,24.06,0,0,0,0
PDF_01687,0,2,29.03,5,2,1,0,11.83,0.0804,0.2094,88,4.759,5.37,5.74,18.91,0,0,0,0
PDF_01688,1,2,48.29,4,2,0,0,6.81,0.1177,0.0577,36,5.237,1.77,18.77,22.17,0,0,0,0
PDF_01689,1,1,0.0,0,3,1,0,0.0,0.0528,0.0572,108,4.544,0.0,5.42,0.0,0,0,0,0
PDF_01690,1,1,27.89,2,4,1,0,18.56,0.2301,0.3652,152,7.346,22.01,19.28,43.66,1,1,0,0
PDF_01691,0,2,5.34,0,2,1,0,0.0,0.0984,0.1537,79,4.576,20.18,13.05,15.85,0,0,0,0
PDF_01692,0,1,27.64,4,3,1,0,7.63,0.1178,0.0916,113,5.464,7.09,16.75,15.35,0,0,0,0
PDF_01693,2,2,25.24,2,2,0,0,0.0,0.1436,0.1213,84,5.9,10.77,18.37,18.08,0,0,0,0
PDF_01694,1,1,25.27,2,4,2,0,3.34,0.2528,0.2673,140,4.958,32.14,44.6,48.51,1,0,0,0
PDF_01695,2,2,49.43,4,3,2,0,8.7,0.1165,0.0885,122,5.419,28.53,45.95,31.66,0,0,0,0
PDF_01696,1,1,22.76,2,0,1,0,0.0,0.246,0.3037,125,5.911,4.55,20.78,63.38,1,0,0,0
PDF_01697,1,2,0.0,0,1,0,0,3.98,0.0,0.1244,83,6.01,0.0,0.0,0.0,0,0,0,0
PDF_01698,1,1,13.64,3,2,0,0,26.63,0.1313,0.0327,92,5.91,24.47,17.41,11.16,0,0,0,0
PDF_01699,0,2,29.9,5,1,1,0,31.33,0.1285,0.2201,109,6.057,18.87,19.1,25.37,0,0,0,0
PDF_01700,1,2,21.07,1,0,0,0,6.15,0.0524,0.09,120,5.744,3.33,14.59,2.54,0,0,0,0
PDF_01701,1,2,23.0,6,4,1,0,36.14,0.1624,0.1822,158,6.431,15.34,37.35,11.5,0,1,0,0
PDF_01702,0,2,5.35,2,4,0,0,14.93,0.076,0.152,102,5.281,29.65,10.97,0.0,0,0,0,0
PDF_01703,1,1,0.0,0,0,1,0,0.0,0.0606,0.1501,31,4.664,1.19,4.5,0.0,0,0,0,0
PDF_01704,1,1,34.75,1,2,1,0,6.84,0.279,0.2878,89,4.966,23.78,20.94,54.41,1,0,0,0
PDF_01705,2,2,27.01,0,0,2,0,17.18,0.1799,0.3852,122,6.129,8.28,8.22,45.91,1,0,0,0
PDF_01706,1,1,23.34,0,0,0,0,13.83,0.1599,0.1739,126,5.689,0.0,23.35,0.0,0,1,0,0
PDF_01707,1,2,18.76,5,0,0,0,0.0,0.2243,0.2992,64,6.101,4.92,7.55,59.19,1,0,0,0
PDF_01708,0,3,29.86,4,3,0,0,2.18,0.1081,0.0819,118,5.685,16.16,16.64,9.58,0,0,0,0
PDF_01709,1,1,0.0,0,0,1,0,0.0,0.0076,0.089,45,5.754,0.0,0.0,0.0,0,0,0,0
PDF_01710,0,2,14.71,0,0,0,0,0.0,0.006,0.0444,85,6.014,5.6,0.0,6.73,0,0,0,0
PDF_01711,1,1,0.0,0,3,0,0,0.0,0.0848,0.1167,40,6.005,3.98,0.0,0.47,0,0,0,0
PDF_01712,1,1,10.26,2,1,0,0,0.0,0.1103,0.3145,175,5.866,9.64,15.9,72.33,1,0,0,0
PDF_01713,1,2,0.0,1,2,1,0,6.8,0.0,0.151,75,5.708,0.0,0.0,0.0,0,1,0,0
PDF_01714,0,1,14.41,3,1,0,0,10.36,0.2114,0.3131,123,6.023,0.0,10.17,59.43,1,0,0,0
PDF_01715,1,1,17.87,3,1,0,0,22.19,0.1564,0.1813,144,6.61,3.97,22.96,15.23,0,0,0,0
PDF_01716,0,2,27.64,4,3,0,0,22.11,0.2076,0.3461,122,5.148,8.3,21.46,69.28,1,1,0,0
PDF_01717,1,1,30.48,4,0,1,0,0.0,0.2751,0.2575,137,5.214,7.29,13.68,66.16,1,0,0,0
PDF_01718,1,1,0.0,3,0,0,0,0.0,0.0955,0.0621,126,4.437,0.0,12.24,28.55,0,0,0,0
PDF_01719,1,1,8.03,4,0,1,0,0.0,0.1721,0.3565,80,5.135,15.99,11.24,38.01,1,0,0,0
PDF_01720,1,2,0.0,1,0,0,0,0.0,0.0504,0.0289,86,4.023,0.0,0.0,9.52,0,0,0,0
PDF_01721,0,1,0.0,0,0,1,0,0.0,0.1471,0.2058,78,4.804,0.0,0.0,52.19,1,0,0,0
PDF_01722,1,1,0.0,0,0,0,0,0.0,0.1811,0.1132,50,5.145,17.3,39.4,0.0,0,1,0,0
PDF_01723,2,1,30.64,2,5,2,0,7.22,0.1309,0.1624,124,6.241,22.55,29.94,23.31,0,0,0,0
PDF_01724,2,1,0.0,3,2,1,0,0.0,0.0501,0.2316,85,4.608,0.0,0.0,41.01,1,1,0,0
PDF_01725,0,1,30.77,4,2,0,1,0.0,0.0791,0.3301,72,5.191,0.0,0.0,32.34,1,0,0,0
PDF_01726,2,1,38.66,4,0,0,0,10.54,0.0643,0.0649,101,6.128,11.65,25.59,22.75,0,0,0,0
PDF_01727,1,1,3.03,0,2,0,0,13.46,0.1579,0.0192,107,4.634,6.26,1.94,3.49,0,0,0,0
PDF_01728,0,2,3.4,0,4,0,0,1.17,0.0625,0.1279,63,5.377,22.61,0.0,4.44,0,0,0,0
PDF_01729,1,1,0.0,0,1,0,0,0.0,0.0951,0.2862,65,4.614,8.8,4.1,36.43,1,0,0,0
PDF_01730,0,1,20.85,0,3,0,0,37.52,0.0663,0.1821,150,6.136,10.66,7.89,0.72,0,0,0,0
PDF_01731,1,2,31.82,1,0,1,0,31.54,0.2115,0.3688,144,4.249,22.63,16.34,50.71,1,1,0,0
PDF_01732,1,1,17.06,0,2,0,0,15.87,0.1381,0.285,136,5.572,14.71,22.2,57.12,1,0,0,0
PDF_01733,1,1,15.72,0,1,1,0,0.0,0.2273,0.3094,149,5.659,8.9,15.54,47.32,1,0,0,0
PDF_01734,1,1,23.79,1,5,2,0,23.85,0.2291,0.3364,170,5.273,27.41,38.26,68.34,1,1,0,0
PDF_01735,0,1,22.45,5,3,1,0,3.48,0.2047,0.3081,112,4.505,9.88,10.67,44.27,1,1,0,0
PDF_01736,1,1,7.7,2,3,1,0,3.13,0.1007,0.1185,99,6.018,13.69,22.94,15.58,0,0,0,0
PDF_01737,1,2,18.04,5,1,0,0,29.21,0.1,0.0997,141,4.196,19.93,35.33,15.32,0,0,0,0
PDF_01738,1,3,7.07,1,1,0,0,30.29,0.0678,0.0286,122,5.294,25.21,19.8,0.0,0,0,0,0
PDF_01739,1,1,12.46,4,3,0,0,8.14,0.0764,0.1167,54,5.977,3.56,0.0,0.0,0,1,0,0
PDF_01740,0,3,2.54,0,0,0,0,8.68,0.1085,0.0751,93,6.116,0.0,0.31,15.36,0,0,0,0
PDF_01741,2,3,35.43,3,0,0,0,31.28,0.0887,0.1194,99,5.747,2.98,26.49,14.73,0,1,0,0
PDF_01742,2,1,0.0,3,0,1,0,0.0,0.0118,0.0753,70,5.827,5.39,0.0,0.0,0,0,0,0
PDF_01743,2,2,25.85,2,3,0,0,11.32,0.1361,0.2025,111,5.969,0.0,32.43,12.83,0,0,0,0
PDF_01744,0,1,0.0,4,3,1,0,0.0,0.0,0.0485,5,6.35,0.0,0.0,0.0,0,1,0,0
PDF_01745,1,1,0.0,3,2,0,0,0.0,0.1576,0.2986,74,7.152,13.56,6.48,70.67,1,0,0,0
PDF_01746,2,2,39.65,4,3,1,0,0.04,0.1351,0.0535,107,6.088,1.62,27.1,3.78,0,0,0,0
PDF_01747,0,1,0.92,1,0,0,0,0.72,0.1918,0.2423,85,4.974,0.0,0.0,43.71,1,1,0,0
PDF_01748,1,1,21.61,4,3,1,0,2.73,0.1949,0.1742,110,5.544,26.03,57.25,30.11,0,0,0,0
PDF_01749,1,2,20.98,2,0,0,0,9.54,0.057,0.1667,77,5.266,0.0,5.55,11.85,0,0,0,0
PDF_01750,0,2,16.08,2,2,0,0,0.0,0.0319,0.1456,115,5.435,11.6,2.63,0.0,0,0,0,0
PDF_01751,0,2,19.82,5,2,1,0,14.03,0.2328,0.3754,93,5.134,5.02,3.68,48.95,1,0,0,0
PDF_01752,1,1,14.64,4,4,2,0,23.45,0.1968,0.3051,146,5.187,15.66,31.46,66.48,1,0,0,0
PDF_01753,0,1,0.0,2,1,0,0,0.0,0.0481,0.25,25,4.922,0.0,0.0,53.69,1,0,0,0
PDF_01754,1,2,19.72,2,2,1,0,0.0,0.1238,0.1082,99,4.865,27.01,13.2,20.91,0,0,0,0
PDF_01755,0,2,0.0,1,0,0,0,16.39,0.0741,0.1323,73,5.2,10.93,0.0,11.93,0,0,0,0
PDF_01756,0,1,0.0,1,0,0,0,0.0,0.1991,0.2629,75,4.198,6.26,0.78,40.3,1,0,0,0
PDF_01757,1,2,22.21,3,0,0,0,0.0,0.0392,0.0758,127,6.206,17.59,33.85,29.12,0,0,0,0
PDF_01758,0,1,36.79,0,0,0,0,2.2,0.2174,0.3423,147,5.521,6.31,27.08,81.18,1,0,0,0
PDF_01759,1,2,26.99,1,1,1,0,0.0,0.2165,0.4275,135,6.029,14.71,20.38,58.43,1,0,0,0
PDF_01760,0,1,9.04,3,0,2,0,0.0,0.146,0.3013,123,6.173,0.0,14.89,51.79,1,0,0,0
PDF_01761,2,1,0.0,0,2,0,0,0.0,0.0717,0.1219,64,3.829,3.48,7.26,0.0,0,0,0,0
PDF_01762,0,2,23.3,2,1,1,0,0.0,0.0998,0.0416,48,5.784,9.41,17.22,0.0,0,1,0,0
PDF_01763,0,1,20.57,0,0,0,0,0.0,0.1331,0.244,60,4.809,0.0,0.0,45.4,1,0,0,0
PDF_01764,0,1,37.04,3,0,0,0,18.39,0.2299,0.3521,128,5.226,26.75,27.03,61.24,1,1,0,0
PDF_01765,0,1,27.0,6,1,1,0,0.0,0.0845,0.1699,92,6.818,25.94,15.36,7.9,0,0,0,0
PDF_01766,1,1,13.43,1,3,0,0,1.73,0.1825,0.2998,93,4.216,8.66,27.26,64.41,1,0,0,0
PDF_01767,0,2,0.0,1,0,1,0,0.0,0.0088,0.0848,32,5.305,0.0,15.22,13.99,0,0,0,0
PDF_01768,1,2,63.23,5,3,0,0,15.55,0.2149,0.4105,221,5.125,35.96,59.64,78.3,1,0,0,0
PDF_01769,0,1,0.0,1,0,0,0,0.0,0.1204,0.2931,59,4.887,0.0,0.0,53.51,1,0,0,0
PDF_01770,1,1,0.0,3,0,0,0,4.61,0.038,0.2145,33,4.877,0.0,1.79,0.0,0,1,0,0
PDF_01771,0,1,18.19,1,2,0,0,3.48,0.1068,0.0957,138,5.989,0.69,18.96,7.88,0,1,0,0
PDF_01772,0,1,60.39,5,4,2,0,48.7,0.0874,0.1325,117,6.245,24.5,30.71,4.87,0,1,0,0
PDF_01773,0,1,10.77,0,1,0,0,6.37,0.1457,0.2725,116,7.202,0.0,0.0,66.07,1,0,0,0
PDF_01774,1,2,52.69,7,3,0,0,22.2,0.2776,0.3919,127,6.131,29.39,27.01,64.7,1,1,0,0
PDF_01775,2,2,30.71,2,1,0,0,23.24,0.0983,0.212,88,6.044,4.35,24.25,13.15,0,0,0,0
PDF_01776,0,1,4.32,0,4,0,0,0.0,0.239,0.2559,90,5.751,0.0,18.04,51.3,1,0,0,0
PDF_01777,2,1,14.75,0,0,1,0,0.0,0.0783,0.0488,36,5.479,0.0,6.61,21.07,0,0,0,0
PDF_01778,0,2,0.0,3,0,0,0,0.0,0.1092,0.2393,71,5.315,0.0,0.0,50.1,1,1,0,0
PDF_01779,0,2,12.18,0,0,1,0,1.73,0.1173,0.1469,89,5.096,23.01,18.96,0.0,0,1,0,0
PDF_01780,1,1,0.0,0,5,1,0,0.0,0.0,0.0,66,5.592,0.0,0.0,6.04,0,0,0,0
PDF_01781,2,1,0.0,6,0,1,0,0.0,0.0364,0.0012,84,5.169,0.0,12.48,9.57,0,0,0,0
PDF_01782,1,2,43.81,5,0,0,0,10.1,0.1437,0.059,156,5.923,40.69,21.76,6.4,0,0,0,0
PDF_01783,0,2,0.0,0,2,0,0,0.0,0.0915,0.2885,74,5.404,0.0,0.0,43.8,1,0,0,0
PDF_01784,0,2,23.37,3,2,0,0,14.34,0.0644,0.1577,58,4.936,0.0,0.0,14.27,0,0,0,0
PDF_01785,0,2,27.91,3,4,1,0,26.95,0.3021,0.394,155,4.761,44.12,31.15,52.94,1,0,0,0
PDF_01786,1,1,0.0,1,2,0,0,7.54,0.0345,0.272,86,5.089,0.0,0.0,49.48,1,0,0,0
PDF_01787,0,1,20.71,3,0,0,0,28.26,0.0519,0.1328,37,6.325,0.0,26.15,19.41,0,0,0,0
PDF_01788,2,1,42.69,4,3,0,1,32.0,0.2117,0.1491,142,5.588,56.8,41.4,18.78,0,0,0,0
PDF_01789,1,2,31.39,3,4,0,0,3.31,0.1592,0.2431,112,5.349,16.25,32.7,17.85,0,1,0,0
PDF_01790,0,1,10.98,3,2,0,0,0.0,0.1837,0.3029,95,4.26,27.38,13.36,43.43,1,0,0,0
PDF_01791,1,1,0.0,0,2,0,0,3.68,0.0385,0.054,74,5.282,3.89,0.0,0.0,0,1,0,0
PDF_01792,1,3,36.07,3,0,1,0,26.44,0.2357,0.418,143,6.725,46.07,41.43,79.57,1,1,0,0
PDF_01793,1,2,32.05,6,0,0,0,41.98,0.2193,0.221,109,6.021,44.04,35.58,34.21,0,0,0,0
PDF_01794,0,1,15.68,2,3,0,0,0.0,0.1647,0.3199,106,6.766,12.97,18.15,50.03,1,0,0,0
PDF_01795,1,1,21.15,2,4,1,0,24.47,0.15,0.1553,85,5.3,3.28,24.35,21.86,0,0,0,0
PDF_01796,1,1,26.96,1,2,2,0,9.48,0.0857,0.1392,132,5.085,34.47,26.9,13.2,0,0,0,0
PDF_01797,1,1,40.99,8,0,2,0,15.68,0.1553,0.2211,118,5.151,0.74,23.96,0.0,0,0,0,0
PDF_01798,1,1,0.0,0,3,0,0,2.46,0.1442,0.2823,31,5.232,0.0,0.0,41.6,1,0,0,0
PDF_01799,1,3,25.5,0,2,1,0,5.05,0.1216,0.3116,98,5.09,18.5,39.88,52.68,1,0,0,0
PDF_01800,0,1,31.0,0,0,0,0,6.61,0.2219,0.2919,117,5.289,15.43,0.0,64.7,1,0,0,0
PDF_01801,1,2,19.15,0,1,0,0,0.0,0.1216,0.3154,80,6.953,0.0,5.69,47.37,1,0,0,0
PDF_01802,1,1,11.05,2,0,0,0,21.06,0.0579,0.3175,76,5.089,6.79,0.0,52.67,1,0,0,0
PDF_01803,2,1,0.41,2,1,1,0,0.0,0.0755,0.0513,75,4.855,0.0,0.0,0.0,0,0,0,0
PDF_01804,0,1,5.27,0,3,1,0,11.41,0.0068,0.1264,70,4.267,0.0,15.65,22.15,0,0,0,0
PDF_01805,0,1,0.0,1,0,0,0,0.0,0.0,0.0,33,5.283,0.0,0.0,0.0,0,0,0,0
PDF_01806,1,1,7.1,0,0,0,0,0.0,0.0203,0.0872,6,4.935,0.0,1.53,0.0,0,0,0,0
PDF_01807,0,2,11.01,0,2,0,0,12.95,0.0575,0.1481,94,6.074,0.0,0.0,1.18,0,1,0,0
PDF_01808,1,2,27.04,5,4,0,0,18.42,0.2938,0.3529,126,5.102,35.23,56.61,77.8,1,0,0,0
PDF_01809,2,3,0.0,0,3,0,0,9.1,0.1386,0.1812,115,5.451,16.51,0.0,0.0,0,1,0,0
PDF_01810,1,1,4.79,0,1,0,0,0.0,0.2125,0.2426,114,5.037,1.15,0.0,43.41,1,0,0,0
PDF_01811,1,1,43.03,3,2,1,0,6.75,0.1552,0.1192,97,5.06,18.99,11.3,7.73,0,0,0,0
PDF_01812,1,1,2.83,0,1,0,0,4.93,0.0637,0.0699,67,5.163,0.0,0.0,0.0,0,0,0,0
PDF_01813,0,2,15.18,0,0,0,0,0.0,0.0997,0.2667,58,4.872,0.0,0.0,54.52,1,0,0,0
PDF_01814,1,2,0.0,0,0,0,0,0.0,0.1496,0.283,96,5.191,0.0,0.0,48.28,1,0,0,0
PDF_01815,0,2,0.0,3,2,0,0,0.0,0.0848,0.1295,58,4.198,23.83,5.25,4.17,0,0,0,0
PDF_01816,1,3,45.78,1,1,0,0,24.47,0.036,0.0206,108,5.265,36.71,14.61,0.0,0,1,0,0
PDF_01817,0,1,3.37,0,1,0,0,4.89,0.1851,0.122,68,5.044,13.92,34.29,20.71,0,0,0,0
PDF_01818,2,2,0.0,1,0,0,0,0.0,0.0742,0.2827,86,6.012,0.0,0.0,52.91,1,1,0,0
PDF_01819,1,3,0.67,2,4,0,0,0.0,0.0552,0.1491,85,4.465,0.0,6.41,0.0,0,0,0,0
PDF_01820,0,2,34.83,0,2,0,0,4.9,0.0729,0.1394,117,4.637,13.95,41.78,8.09,0,1,0,0
PDF_01821,3,1,48.74,4,2,1,0,11.68,0.2448,0.3341,165,5.77,21.43,17.66,60.47,1,1,0,0
PDF_01822,0,1,0.0,1,3,0,0,0.0,0.0949,0.3181,138,5.129,0.0,0.0,46.59,1,1,0,0
PDF_01823,1,2,0.0,1,0,0,0,1.36,0.0863,0.2987,91,5.18,0.0,0.0,65.19,1,0,0,0
PDF_01824,1,1,0.0,1,0,0,0,0.0,0.0378,0.0788,113,4.84,0.0,5.5,0.0,0,0,0,0
PDF_01825,0,1,0.0,0,0,1,0,5.44,0.1282,0.3258,84,5.455,0.0,0.0,45.49,1,0,0,0
PDF_01826,0,1,12.96,0,0,0,0,0.0,0.209,0.3216,126,6.157,0.0,20.18,72.4,1,1,0,0
PDF_01827,0,1,0.0,0,2,2,0,0.0,0.1221,0.2453,27,5.966,0.0,0.33,48.37,1,0,0,0
PDF_01828,1,3,25.63,7,3,1,0,33.35,0.1669,0.2585,104,6.299,48.95,46.32,18.45,0,0,0,0
PDF_01829,0,2,12.49,0,0,0,0,0.0,0.1801,0.3977,79,6.737,0.0,9.89,59.88,1,0,0,0
PDF_01830,1,2,0.0,2,0,0,0,0.0,0.075,0.1159,19,5.307,0.0,0.0,0.0,0,0,0,0
PDF_01831,1,1,0.0,0,1,0,0,5.79,0.1508,0.2549,41,4.485,0.0,0.0,39.43,1,0,0,0
PDF_01832,2,1,0.0,0,0,0,0,0.0,0.0402,0.0326,19,6.462,0.0,0.0,0.0,0,1,0,0
PDF_01833,1,2,61.47,3,5,2,0,11.36,0.1124,0.1894,99,6.446,23.32,41.08,13.17,0,0,0,0
PDF_01834,0,2,55.1,3,3,0,0,23.38,0.1531,0.1046,104,6.094,18.88,40.03,24.76,0,1,0,0
PDF_01835,1,1,25.66,3,2,1,0,13.75,0.11,0.0973,70,5.246,17.94,0.0,0.0,0,0,0,0
PDF_01836,0,1,14.45,1,3,1,0,12.0,0.1119,0.2849,126,5.769,1.28,26.94,60.89,1,1,0,0
PDF_01837,1,2,20.15,0,0,0,0,8.86,0.1596,0.355,148,5.853,14.0,34.24,62.88,1,1,0,0
PDF_01838,2,3,31.49,2,1,0,0,3.82,0.0425,0.1686,61,5.32,20.84,20.15,30.95,0,0,0,0
PDF_01839,2,1,29.06,2,3,0,0,29.71,0.1273,0.153,162,5.693,21.93,39.87,16.4,0,1,0,0
PDF_01840,2,1,11.58,0,4,0,0,0.0,0.0,0.0912,80,6.035,0.0,8.35,0.0,0,0,0,0
PDF_01841,0,2,17.76,0,0,0,0,0.0,0.1703,0.2897,77,5.509,0.0,0.0,48.6,1,0,0,0
PDF_01842,0,1,0.0,1,0,0,0,0.0,0.1346,0.3145,109,5.212,0.0,0.0,46.34,1,0,0,0
PDF_01843,2,2,13.15,1,1,0,0,0.0,0.1487,0.341,93,5.738,0.0,6.5,53.28,1,0,0,0
PDF_01844,1,1,21.96,3,1,0,0,6.92,0.0963,0.1479,79,5.426,0.0,0.0,9.93,0,0,0,0
PDF_01845,1,1,8.75,0,0,0,1,7.36,0.0209,0.1768,80,5.241,7.58,0.0,12.13,0,0,0,0
PDF_01846,0,1,23.13,0,0,1,0,0.0,0.0985,0.098,58,5.688,21.24,0.0,12.0,0,0,0,0
PDF_01847,1,1,37.65,2,2,0,0,10.48,0.2613,0.3659,106,4.519,24.62,0.48,60.12,1,0,0,0
PDF_01848,0,1,4.32,0,4,0,0,11.9,0.1112,0.116,51,5.667,13.14,7.17,0.0,0,1,0,0
PDF_01849,1,1,17.07,3,0,0,0,19.43,0.0,0.2043,110,4.582,3.38,0.0,12.71,0,0,0,0
PDF_01850,1,1,4.92,0,0,0,0,13.45,0.0827,0.168,93,5.369,3.3,32.95,1.16,0,0,0,0
PDF_01851,0,2,41.02,2,3,0,0,6.41,0.1606,0.2032,59,5.999,18.15,19.96,11.92,0,0,0,0
PDF_01852,1,2,9.03,2,1,1,0,21.74,0.1437,0.1189,88,5.456,9.26,13.17,24.03,0,0,0,0
PDF_01853,0,1,0.0,2,0,1,0,0.0,0.0754,0.0362,52,4.949,16.15,0.0,16.65,0,0,0,0
PDF_01854,1,1,24.94,4,2,1,0,3.95,0.1899,0.1448,77,6.559,21.86,30.52,33.88,0,0,0,0
PDF_01855,0,1,0.0,5,3,0,0,3.17,0.0014,0.0365,11,5.833,0.0,0.0,6.13,0,0,0,0
PDF_01856,2,1,3.69,0,0,1,0,0.44,0.1074,0.1146,78,3.123,12.13,19.28,22.2,0,1,0,0
PDF_01857,2,3,38.58,11,6,0,0,31.06,0.328,0.4017,144,5.788,49.91,85.11,63.55,1,0,0,0
PDF_01858,0,1,0.0,0,1,1,0,0.0,0.0926,0.1373,35,5.194,4.05,15.4,19.9,0,1,0,0
PDF_01859,0,1,16.5,5,1,0,0,17.79,0.0808,0.0918,36,5.329,0.0,4.17,6.51,0,1,0,0
PDF_01860,0,1,0.11,1,0,0,0,0.0,0.063,0.083,52,5.613,8.42,0.0,0.0,0,0,0,0
PDF_01861,2,1,11.94,1,0,0,0,0.0,0.0326,0.0392,79,6.264,0.0,0.0,0.0,0,0,0,0
PDF_01862,0,1,60.1,10,0,0,0,28.17,0.1818,0.1164,172,5.697,30.47,39.18,19.25,0,0,0,0
PDF_01863,1,2,0.0,0,0,0,0,0.0,0.0378,0.096,57,4.454,2.89,9.35,10.58,0,0,0,0
PDF_01864,0,1,14.7,0,0,0,0,7.45,0.1409,0.1808,110,5.488,0.0,0.0,34.34,0,0,0,0
PDF_01865,1,1,40.0,0,3,1,0,23.58,0.1972,0.1859,84,5.244,29.13,3.82,2.11,0,0,0,0
PDF_01866,0,1,22.09,4,0,0,0,0.17,0.2171,0.2288,127,5.386,26.42,47.12,32.43,0,0,0,0
PDF_01867,0,1,0.0,2,0,1,0,13.73,0.1275,0.3005,89,4.873,6.12,0.0,30.71,1,1,0,0
PDF_01868,1,2,2.22,4,0,0,0,10.56,0.1919,0.3841,90,3.93,11.33,3.73,59.08,1,1,0,0
PDF_01869,1,1,13.28,4,1,0,0,0.0,0.1178,0.164,74,5.328,0.0,20.73,28.57,0,0,0,0
PDF_01870,1,2,6.96,0,0,0,0,2.67,0.0657,0.1105,88,6.156,0.0,0.0,2.44,0,0,0,0
PDF_01871,1,1,50.29,7,0,0,0,21.12,0.1845,0.4452,166,4.927,10.23,20.77,59.83,1,0,0,0
PDF_01872,1,1,16.47,0,3,0,0,0.0,0.1031,0.171,125,5.092,8.86,7.99,15.88,0,0,0,0
PDF_01873,0,1,0.0,1,2,0,0,0.0,0.057,0.0717,150,4.898,0.0,9.59,0.0,0,1,0,0
PDF_01874,0,1,0.0,2,0,0,0,0.0,0.0013,0.1021,59,5.069,0.0,10.97,7.93,0,1,0,0
PDF_01875,0,1,0.0,1,0,0,0,4.35,0.0,0.1097,31,4.417,0.0,0.0,4.76,0,0,0,0
PDF_01876,1,2,0.38,3,1,0,0,0.0,0.132,0.2875,131,4.94,6.22,2.51,54.02,1,0,0,0
PDF_01877,0,1,0.0,1,0,1,0,0.0,0.038,0.223,69,5.479,0.0,0.0,12.05,0,1,0,0
PDF_01878,2,1,22.59,2,3,0,0,0.0,0.1286,0.1391,101,4.553,13.43,29.28,9.11,0,0,0,0
PDF_01879,0,1,42.0,5,3,1,0,32.43,0.1598,0.1279,114,5.144,10.43,46.49,29.62,0,1,0,0
PDF_01880,1,1,18.95,2,1,1,0,0.0,0.2211,0.2707,88,5.916,0.0,28.43,68.24,1,0,0,0
PDF_01881,0,2,27.89,0,4,0,0,0.0,0.1853,0.1004,90,4.78,11.32,20.65,20.93,0,0,0,0
PDF_01882,1,2,52.66,6,6,1,0,17.06,0.2248,0.1655,83,5.023,39.58,33.91,24.95,0,0,0,0
PDF_01883,1,1,15.61,0,3,1,0,0.0,0.1443,0.269,124,5.071,10.37,25.53,56.33,1,0,0,0
PDF_01884,0,1,0.0,0,1,0,0,0.0,0.0651,0.0768,35,5.481,0.0,0.0,0.0,0,1,0,0
PDF_01885,0,2,12.08,0,0,0,0,0.78,0.1267,0.0813,99,5.631,3.06,45.55,5.63,0,1,0,0
PDF_01886,0,2,33.05,6,0,1,0,13.89,0.2281,0.3852,158,6.61,1.48,31.79,72.06,1,0,0,0
PDF_01887,1,1,18.76,0,0,0,0,18.39,0.007,0.0671,74,5.059,0.0,24.03,31.41,0,1,0,0
PDF_01888,0,2,0.0,2,2,1,1,0.0,0.0355,0.0744,73,5.63,0.0,0.0,8.7,0,0,0,0
PDF_01889,0,2,0.0,0,1,0,1,0.0,0.054,0.0725,99,5.139,31.8,0.0,0.0,0,0,0,0
PDF_01890,1,1,12.32,3,0,0,0,10.44,0.0908,0.1735,63,4.884,3.77,0.0,13.74,0,0,0,0
PDF_01891,2,2,22.71,0,8,0,0,33.1,0.2166,0.3653,132,5.987,36.04,13.96,71.14,1,0,0,0
PDF_01892,0,2,12.81,3,4,1,1,11.42,0.1685,0.2606,123,5.302,0.0,26.29,67.06,1,0,0,0
PDF_01893,0,1,19.05,4,3,0,0,6.1,0.077,0.0556,61,5.312,16.62,9.05,0.0,0,0,0,0
PDF_01894,0,2,30.6,4,2,1,0,16.13,0.1221,0.0153,109,5.802,38.43,23.19,19.23,0,1,0,0
PDF_01895,1,1,1.14,2,0,0,0,0.0,0.0,0.1682,16,4.983,0.0,9.91,0.0,0,0,0,0
PDF_01896,0,1,15.23,3,0,1,0,0.0,0.1804,0.3545,118,5.649,0.0,10.29,24.81,1,1,0,0
PDF_01897,0,1,2.89,0,3,0,0,1.35,0.0053,0.0972,111,5.556,13.56,1.25,11.14,0,0,0,0
PDF_01898,0,1,0.0,0,5,0,0,0.94,0.0821,0.0741,68,4.533,1.57,11.42,0.0,0,1,0,0
PDF_01899,0,1,7.77,3,0,0,0,0.0,0.0372,0.0797,81,5.527,11.05,22.69,0.0,0,0,0,0
PDF_01900,1,1,14.76,0,2,0,0,0.0,0.0591,0.138,71,6.438,4.05,0.0,17.77,0,0,0,0
PDF_01901,0,2,36.86,4,3,0,0,32.56,0.23,0.362,121,5.379,0.0,36.49,74.93,1,1,0,0
PDF_01902,1,2,55.31,5,8,0,0,29.35,0.2469,0.2503,125,7.219,55.99,49.17,32.57,0,0,0,0
PDF_01903,1,2,21.9,4,2,0,0,15.14,0.1467,0.3177,109,5.525,0.0,30.21,49.43,1,0,0,0
PDF_01904,0,2,43.03,4,6,0,0,30.17,0.184,0.1509,128,5.717,12.78,52.01,37.88,0,0,0,0
PDF_01905,0,1,43.26,6,0,1,0,19.65,0.1323,0.177,129,5.53,23.56,45.2,20.23,0,0,0,0
PDF_01906,0,1,25.18,0,0,0,0,1.96,0.0553,0.0569,73,5.513,14.07,23.23,3.08,0,0,0,0
PDF_01907,1,2,0.0,1,1,0,0,9.01,0.147,0.2761,87,3.706,0.0,0.0,60.15,1,0,0,0
PDF_01908,0,1,0.0,4,0,0,0,30.14,0.0654,0.1148,56,5.762,7.36,6.01,10.24,0,1,0,0
PDF_01909,0,1,19.75,0,3,0,0,0.0,0.0788,0.2948,93,5.964,0.0,0.0,67.55,1,0,0,0
PDF_01910,0,4,34.79,4,4,0,0,0.0,0.0674,0.1016,127,6.272,46.88,50.64,18.29,0,0,0,0
PDF_01911,0,3,9.76,2,1,0,0,0.0,0.0434,0.1293,54,5.448,4.31,0.0,0.0,0,1,0,0
PDF_01912,0,2,12.3,1,0,2,0,35.39,0.1229,0.1403,59,5.764,3.32,42.98,16.89,0,1,0,0
PDF_01913,0,1,24.33,6,5,0,0,15.96,0.094,0.1649,96,4.845,10.94,47.9,12.29,0,0,0,0
PDF_01914,0,2,30.02,4,0,0,0,0.0,0.0899,0.1274,34,4.747,8.6,30.76,2.23,0,0,0,0
PDF_01915,1,1,0.0,1,2,1,0,0.0,0.078,0.1396,108,5.724,0.0,19.89,18.79,0,0,0,0
PDF_01916,1,1,46.7,6,0,0,0,34.06,0.248,0.2084,153,7.131,25.36,33.96,26.83,0,1,0,0
PDF_01917,1,1,0.0,0,0,0,0,0.0,0.0381,0.015,36,4.557,0.0,0.0,0.0,0,1,0,0
PDF_01918,0,1,0.0,0,2,0,0,0.0,0.0,0.0009,42,4.543,0.0,0.0,0.0,0,1,0,0
PDF_01919,1,2,18.33,0,3,1,0,36.63,0.3305,0.3669,162,6.127,3.46,14.56,73.81,1,0,0,0
PDF_01920,1,1,47.38,5,7,2,0,32.77,0.1587,0.121,122,6.093,26.37,29.48,26.37,0,1,0,0
PDF_01921,0,2,0.0,1,0,0,0,0.0,0.0,0.1342,74,5.228,0.0,0.0,0.0,0,0,0,0
PDF_01922,0,2,37.53,5,2,0,0,26.81,0.1394,0.1819,92,6.85,17.6,32.23,31.45,0,0,0,0
PDF_01923,1,2,0.0,2,0,0,0,0.0,0.0,0.2391,37,5.615,0.0,0.0,47.24,1,0,0,0
PDF_01924,1,1,18.43,0,2,0,0,24.4,0.1074,0.1213,122,4.836,5.58,17.58,14.92,0,1,0,0
PDF_01925,0,1,21.57,0,3,0,0,4.94,0.1396,0.4083,160,6.181,6.49,28.99,65.31,1,0,0,0
PDF_01926,0,1,21.07,1,0,0,0,0.0,0.1748,0.2767,95,5.22,11.3,14.14,68.62,1,0,0,0
PDF_01927,1,1,11.91,1,2,1,0,0.34,0.114,0.1293,39,5.076,4.87,2.97,1.32,0,1,0,0
PDF_01928,1,1,12.28,0,2,0,0,0.0,0.1527,0.2263,134,5.684,18.91,3.94,41.32,1,0,0,0
PDF_01929,0,2,25.07,3,0,2,0,12.05,0.1377,0.2011,89,5.154,2.87,43.22,20.17,0,0,0,0
PDF_01930,0,2,16.59,6,1,2,0,9.35,0.2699,0.3595,129,6.764,10.37,12.46,72.44,1,0,0,0
PDF_01931,0,1,43.55,3,0,1,0,29.08,0.2255,0.1785,90,6.496,5.88,21.95,32.82,0,0,0,0
PDF_01932,0,2,15.86,0,1,1,0,0.0,0.1961,0.285,113,5.493,0.0,0.0,66.23,1,1,0,0
PDF_01933,0,2,20.7,0,1,0,0,0.0,0.1761,0.329,132,5.128,0.0,3.19,55.86,1,0,0,0
PDF_01934,0,1,0.0,3,2,0,0,0.73,0.0707,0.2929,65,4.772,0.0,0.87,58.57,1,1,0,0
PDF_01935,1,1,0.4,0,1,0,0,1.13,0.1109,0.3754,71,3.844,2.93,0.0,45.78,1,1,0,0
PDF_01936,1,2,53.53,5,2,0,0,11.98,0.1332,0.1184,76,4.956,2.78,46.55,15.22,0,0,0,0
PDF_01937,0,1,22.72,3,0,0,0,0.0,0.0261,0.1047,86,5.214,16.68,35.2,12.54,0,0,0,0
PDF_01938,1,1,5.13,0,2,0,0,11.32,0.1096,0.1526,36,5.309,1.57,0.0,3.16,0,1,0,0
PDF_01939,1,3,0.0,0,3,0,0,0.63,0.1842,0.3816,97,5.204,18.51,36.18,51.7,1,0,0,0
PDF_01940,1,1,19.06,0,2,0,0,0.0,0.1492,0.133,66,6.659,2.69,18.06,0.0,0,0,0,0
PDF_01941,0,2,59.74,1,0,2,0,0.0,0.1235,0.0875,103,5.83,19.0,15.4,14.66,0,0,0,0
PDF_01942,0,2,16.16,3,4,0,1,0.0,0.0476,0.151,144,6.36,13.51,18.66,11.88,0,0,0,0
PDF_01943,2,1,68.43,4,7,0,0,45.2,0.2405,0.2675,165,4.605,53.59,66.48,40.34,0,0,0,0
PDF_01944,0,1,27.2,0,0,0,0,0.0,0.0962,0.1257,53,5.179,3.79,0.0,0.0,0,0,0,0
PDF_01945,1,2,3.74,2,0,0,0,1.56,0.0578,0.1013,98,5.448,23.18,0.0,0.0,0,0,0,0
PDF_01946,1,1,50.44,3,2,1,0,19.27,0.1423,0.1598,95,5.4,28.54,12.6,7.35,0,0,0,0
PDF_01947,0,1,21.14,3,0,1,0,28.49,0.1276,0.1916,115,5.372,30.59,25.43,0.0,0,1,0,0
PDF_01948,0,2,2.99,1,1,0,0,0.0,0.0145,0.0573,87,5.525,0.0,14.79,8.48,0,0,0,0
PDF_01949,0,1,24.3,1,5,0,0,0.0,0.1331,0.1543,85,6.121,28.11,13.0,27.46,0,0,0,0
PDF_01950,1,1,16.71,3,2,0,0,11.63,0.0895,0.1185,71,4.749,0.0,12.96,4.27,0,0,0,0
PDF_01951,0,2,23.28,0,0,0,0,0.0,0.1436,0.2249,106,5.97,13.52,16.83,6.22,0,0,0,0
PDF_01952,1,1,9.15,2,0,1,0,24.33,0.1174,0.1154,75,5.196,0.0,17.65,14.85,0,0,0,0
PDF_01953,0,1,0.0,0,0,0,0,0.0,0.0141,0.0195,58,5.085,0.0,0.0,1.03,0,0,0,0
PDF_01954,0,2,0.0,0,0,1,0,0.0,0.0785,0.1381,64,6.254,19.06,24.32,4.31,0,0,0,0
PDF_01955,0,1,0.61,2,0,1,1,0.0,0.2342,0.3319,97,6.073,6.26,14.3,59.7,1,0,0,0
PDF_01956,1,1,34.24,2,0,1,0,12.4,0.2135,0.3584,134,6.192,38.69,18.23,64.94,1,1,0,0
PDF_01957,1,1,26.39,1,0,0,0,15.35,0.1792,0.2126,40,5.393,22.05,9.04,6.81,0,0,0,0
PDF_01958,1,1,29.64,5,1,0,0,9.01,0.0967,0.1261,157,6.769,0.0,23.09,15.19,0,0,0,0
PDF_01959,0,1,20.19,0,4,0,0,0.0,0.0797,0.1442,83,5.346,18.1,7.16,1.37,0,0,0,0
PDF_01960,1,1,11.01,5,1,0,0,0.0,0.0132,0.0899,45,4.464,0.0,0.0,15.92,0,0,0,0
PDF_01961,0,1,8.45,0,4,1,0,0.15,0.03,0.0467,50,5.512,7.99,14.69,0.06,0,0,0,0
PDF_01962,2,3,0.0,0,0,1,0,0.0,0.0864,0.0924,106,4.59,2.05,0.0,0.0,0,0,0,0
PDF_01963,0,2,20.13,6,1,0,0,10.48,0.0966,0.2148,125,5.766,0.0,45.34,35.55,0,0,0,0
PDF_01964,0,1,10.05,1,0,0,0,0.0,0.1214,0.1603,81,5.808,20.21,11.35,0.0,0,0,0,0
PDF_01965,2,2,74.37,5,5,1,0,43.08,0.3079,0.2646,118,4.808,62.87,74.31,33.1,0,1,0,0
PDF_01966,2,2,35.38,3,6,0,0,25.44,0.2399,0.3184,130,4.207,37.32,22.83,68.53,1,0,0,0
PDF_01967,1,1,21.75,2,5,1,0,9.24,0.0491,0.2215,34,4.945,0.0,0.0,38.98,0,0,0,0
PDF_01968,0,1,11.47,4,5,0,0,20.41,0.2367,0.3353,92,5.53,12.07,15.29,36.32,1,1,0,0
PDF_01969,1,1,27.13,2,5,1,0,37.13,0.1493,0.1271,134,5.921,19.68,33.13,22.56,0,1,0,0
PDF_01970,1,1,21.02,0,0,0,0,20.19,0.1636,0.224,123,5.051,24.13,32.83,3.37,0,1,0,0
PDF_01971,0,1,0.0,0,1,0,0,2.83,0.1458,0.3649,82,5.76,0.0,3.6,52.68,1,0,0,0
PDF_01972,2,1,3.85,4,0,0,0,6.93,0.191,0.2442,133,6.135,0.0,13.18,62.15,1,0,0,0
PDF_01973,0,1,0.0,0,3,1,0,0.0,0.0,0.1069,74,5.845,0.0,0.0,10.03,0,0,0,0
PDF_01974,0,1,28.12,2,3,1,0,4.76,0.1974,0.0,73,5.955,21.59,30.32,26.66,0,0,0,0
PDF_01975,1,1,53.01,3,6,1,0,13.39,0.2457,0.4412,110,5.824,40.46,25.42,67.07,1,0,0,0
PDF_01976,0,1,0.0,1,0,0,0,6.13,0.0644,0.1343,101,4.768,0.0,6.19,0.29,0,0,0,0
PDF_01977,1,2,40.08,3,1,1,0,8.64,0.112,0.1965,99,4.855,36.74,50.07,9.83,0,0,0,0
PDF_01978,1,1,10.38,0,0,0,0,12.25,0.0,0.1621,85,3.713,0.0,7.22,2.16,0,1,0,0
PDF_01979,0,2,15.38,0,0,0,0,0.0,0.0303,0.1684,63,5.408,0.0,0.0,5.66,0,0,0,0
PDF_01980,0,1,17.59,1,3,0,0,7.06,0.0719,0.1197,69,5.687,8.58,21.01,21.98,0,0,0,0
PDF_01981,0,2,3.87,1,4,0,0,1.46,0.1642,0.2966,118,5.799,0.0,0.0,52.49,1,0,0,0
PDF_01982,1,1,35.02,1,2,1,1,14.62,0.0682,0.2253,92,4.9,12.34,8.03,16.36,0,1,0,0
PDF_01983,0,1,9.72,0,3,0,0,0.0,0.1114,0.1303,25,4.44,2.82,8.66,0.0,0,0,0,0
PDF_01984,0,3,33.46,3,0,1,0,9.14,0.1072,0.1821,116,4.36,7.76,27.02,9.06,0,0,0,0
PDF_01985,2,1,44.36,3,3,2,0,11.76,0.1512,0.1217,164,5.587,25.07,20.89,9.11,0,1,0,0
PDF_01986,1,1,0.97,4,0,0,0,0.0,0.0,0.0292,12,5.172,3.76,0.0,0.0,0,0,0,0
PDF_01987,1,2,8.81,0,3,1,0,0.0,0.092,0.1039,90,6.122,0.0,11.08,3.83,0,0,0,0
PDF_01988,0,1,20.93,1,1,1,0,0.11,0.1438,0.2631,122,5.477,12.36,0.93,62.75,1,1,0,0
PDF_01989,1,2,25.48,4,2,1,0,9.42,0.1452,0.4099,152,4.401,0.0,5.86,77.33,1,0,0,0
PDF_01990,0,1,26.47,2,4,0,0,3.04,0.1422,0.1349,130,6.441,14.04,19.8,19.77,0,1,0,0
PDF_01991,0,1,12.28,5,0,1,0,0.0,0.0612,0.0148,65,6.0,0.91,0.0,0.0,0,0,0,0
PDF_01992,0,2,20.37,3,0,0,0,0.0,0.1731,0.255,134,4.367,12.88,10.01,55.71,1,0,0,0
PDF_01993,2,1,27.0,3,0,0,0,20.72,0.2713,0.2999,135,5.173,27.22,41.53,56.12,1,1,0,0
PDF_01994,0,1,20.18,4,4,1,0,0.0,0.2365,0.458,115,5.946,46.8,41.06,55.19,1,0,0,0
PDF_01995,1,1,38.14,4,4,1,0,7.8,0.234,0.3434,162,5.753,40.1,36.3,74.01,1,0,0,0
PDF_01996,1,1,10.36,0,2,0,0,24.8,0.1739,0.3122,127,4.781,4.16,6.93,45.55,1,0,0,0
PDF_01997,1,2,0.0,1,0,0,0,0.0,0.0108,0.064,66,4.871,4.88,8.7,12.21,0,0,0,0
PDF_01998,1,1,25.66,3,0,0,0,40.0,0.104,0.1142,131,5.311,15.5,1.12,15.56,0,0,0,0
PDF_01999,2,1,0.0,1,2,1,0,4.74,0.1942,0.3533,130,5.75,29.83,9.85,67.57,1,0,0,0
PDF_02000,0,1,30.64,0,0,0,0,3.04,0.2197,0.2711,139,5.083,0.0,10.02,46.87,1,0,0,0
PDF_02001,0,1,48.11,5,5,2,0,34.18,0.2624,0.1544,138,6.309,43.01,44.53,18.91,0,1,0,0
PDF_02002,2,1,10.75,2,0,0,0,3.1,0.0121,0.0873,63,5.339,0.0,13.23,0.0,0,0,0,0
PDF_02003,2,2,29.11,4,4,1,0,8.92,0.047,0.0629,76,5.48,29.75,42.24,14.42,0,0,0,0
PDF_02004,0,1,20.7,3,3,2,0,24.81,0.1852,0.3295,94,4.955,7.88,18.46,55.56,1,0,0,0
PDF_02005,0,2,23.74,1,3,0,0,17.4,0.0959,0.0862,101,6.311,5.02,12.21,12.54,0,1,0,0
PDF_02006,0,1,0.0,2,3,0,0,11.66,0.1336,0.3512,107,6.32,23.17,2.42,72.07,1,0,0,0
PDF_02007,0,1,24.79,0,2,0,0,14.22,0.2407,0.2822,113,6.725,37.53,38.2,65.5,1,0,0,0
PDF_02008,0,2,22.39,0,0,1,0,6.67,0.2491,0.3064,76,5.918,21.84,20.77,66.2,1,1,0,0
PDF_02009,0,2,0.0,0,1,1,0,0.0,0.0008,0.179,67,5.25,0.0,5.67,0.71,0,0,0,0
PDF_02010,0,1,19.96,6,2,1,1,0.0,0.0734,0.1338,46,5.913,21.14,11.26,8.02,0,0,0,0
PDF_02011,1,1,3.17,1,0,1,0,10.26,0.1859,0.2536,81,5.019,0.0,19.25,50.26,1,1,0,0
PDF_02012,0,1,0.0,0,0,0,0,0.0,0.0846,0.3035,78,4.486,0.0,0.0,66.59,1,0,0,0
PDF_02013,0,3,1.89,0,0,0,0,0.0,0.1621,0.1679,71,5.937,0.0,0.85,0.0,0,1,0,0
PDF_02014,1,2,5.63,0,0,0,0,0.0,0.1167,0.3042,122,4.456,0.0,0.0,50.1,1,0,0,0
PDF_02015,0,2,0.0,2,3,0,0,0.0,0.2129,0.4071,112,3.702,0.0,0.0,45.32,1,0,0,0
PDF_02016,1,1,48.1,0,0,1,0,0.0,0.1886,0.3579,135,5.294,23.47,4.2,41.41,1,0,0,0
PDF_02017,1,2,19.53,0,0,0,0,0.0,0.1472,0.2792,156,5.343,19.14,39.09,56.31,1,1,0,0
PDF_02018,0,1,21.39,4,0,0,0,8.38,0.1036,0.0,43,6.269,10.42,22.69,24.54,0,1,0,0
PDF_02019,0,1,40.38,0,0,0,0,1.56,0.0485,0.1364,96,5.09,0.0,1.0,24.21,0,1,0,0
PDF_02020,1,1,18.51,2,0,0,1,0.0,0.1064,0.0347,119,5.94,0.0,42.85,8.57,0,0,0,0
PDF_02021,1,1,0.0,4,2,0,0,0.0,0.1136,0.2487,79,5.823,0.0,0.0,24.88,1,0,0,0
PDF_02022,0,1,11.85,1,0,0,0,5.93,0.1737,0.3765,93,5.737,0.0,21.93,52.49,1,0,0,0
PDF_02023,0,1,13.84,0,3,1,0,0.0,0.0861,0.1411,89,5.768,4.64,0.0,12.04,0,0,0,0
PDF_02024,1,3,0.0,3,0,1,0,17.62,0.0906,0.3045,81,5.688,0.0,0.0,49.7,1,0,0,0
PDF_02025,0,1,0.0,2,2,0,0,0.0,0.0,0.1707,44,4.814,0.0,0.0,0.0,0,0,0,0
PDF_02026,1,3,28.31,5,3,0,0,37.71,0.2296,0.3472,150,5.547,30.71,37.57,70.85,1,1,0,0
PDF_02027,0,1,0.0,1,0,0,0,0.0,0.0,0.1389,5,5.555,0.0,0.0,0.0,0,0,0,0
PDF_02028,2,1,19.38,2,0,0,0,11.66,0.0568,0.2023,123,6.566,2.41,15.39,19.23,0,0,0,0
PDF_02029,1,2,22.27,4,0,0,0,2.25,0.0968,0.0886,121,4.68,15.11,29.03,9.93,0,0,0,0
PDF_02030,0,1,13.74,1,0,1,0,0.0,0.0509,0.0612,78,6.513,0.0,16.21,9.32,0,1,0,0
PDF_02031,1,2,0.38,2,4,1,1,7.44,0.0636,0.1794,97,5.745,0.0,15.98,19.99,0,0,0,0
PDF_02032,0,2,0.0,1,0,1,0,18.21,0.038,0.0876,51,5.027,0.0,16.28,24.65,0,0,0,0
PDF_02033,1,1,30.24,4,3,1,0,18.81,0.1881,0.3577,97,5.494,0.0,23.63,70.16,1,0,0,0
PDF_02034,1,1,24.2,1,2,0,0,0.33,0.2058,0.2349,92,6.409,20.23,13.64,49.26,1,0,0,0
PDF_02035,1,1,0.0,6,1,0,0,0.0,0.0,0.1172,47,4.988,0.0,0.0,3.49,0,0,0,0
PDF_02036,0,1,0.0,0,1,0,0,0.0,0.1162,0.2534,47,5.376,0.0,0.0,40.94,1,0,0,0
PDF_02037,0,1,1.92,5,2,1,0,0.0,0.0118,0.0001,38,4.968,0.0,13.47,0.0,0,0,0,0
PDF_02038,1,1,0.0,1,3,0,0,0.0,0.1397,0.3195,93,5.236,0.0,0.0,35.72,1,0,0,0
PDF_02039,2,2,32.68,1,2,0,0,24.75,0.2032,0.0872,98,5.042,13.35,31.63,23.9,0,1,0,0
PDF_02040,1,1,0.0,4,0,0,0,0.0,0.1641,0.3013,94,5.908,0.0,0.04,58.67,1,0,0,0
PDF_02041,2,2,36.39,3,9,1,0,30.0,0.1448,0.2217,135,5.946,18.24,14.08,16.71,0,0,0,0
PDF_02042,1,2,0.0,1,1,0,0,0.0,0.1167,0.0,42,5.132,21.14,5.16,0.0,0,0,0,0
PDF_02043,1,1,0.0,1,1,0,0,0.0,0.0347,0.0399,43,4.793,0.0,0.0,7.43,0,1,0,0
PDF_02044,1,2,0.0,2,0,0,0,14.55,0.1645,0.3337,81,5.13,0.0,0.0,32.2,1,0,0,0
PDF_02045,1,2,11.75,0,1,0,0,0.0,0.0678,0.0834,101,5.714,0.0,0.0,2.93,0,0,0,0
PDF_02046,1,1,4.32,0,0,0,0,14.66,0.04,0.1188,73,4.965,8.81,0.0,0.0,0,0,0,0
PDF_02047,0,1,24.38,4,4,0,0,0.0,0.2091,0.2716,151,4.858,21.39,0.0,44.02,1,0,0,0
PDF_02048,1,2,47.76,2,7,1,0,45.84,0.2329,0.1485,156,4.409,16.76,28.04,39.14,0,1,0,0
PDF_02049,0,2,5.52,2,0,1,0,0.0,0.0409,0.116,70,5.619,0.0,0.0,0.0,0,0,0,0
PDF_02050,0,2,10.69,0,0,0,0,0.0,0.0826,0.0374,130,5.031,17.1,26.49,8.46,0,1,0,0
PDF_02051,1,1,11.27,7,0,1,0,10.24,0.1672,0.2059,59,5.489,29.63,11.92,10.45,0,1,0,0
PDF_02052,1,2,7.51,0,0,1,0,0.0,0.095,0.0892,94,5.588,0.0,0.0,0.34,0,0,0,0
PDF_02053,0,1,2.88,0,0,0,0,0.0,0.1336,0.2775,36,5.223,8.1,0.0,68.17,1,0,0,0
PDF_02054,1,1,13.17,0,2,0,0,0.0,0.0564,0.0836,56,6.602,0.0,0.0,7.9,0,0,0,0
PDF_02055,0,1,10.99,3,0,0,0,3.24,0.1024,0.1365,80,5.375,17.12,5.92,13.79,0,0,0,0
PDF_02056,0,1,22.58,5,1,0,0,24.02,0.2188,0.3126,118,5.026,3.15,43.45,51.96,1,0,0,0
PDF_02057,2,2,49.77,0,0,2,0,9.77,0.2015,0.1467,85,4.584,51.34,51.56,27.73,0,0,0,0
PDF_02058,1,1,36.21,5,3,2,0,22.99,0.0488,0.2191,119,5.313,38.48,45.39,24.19,0,0,0,0
PDF_02059,1,2,0.5,2,0,0,0,0.0,0.1405,0.2551,96,5.593,0.0,15.53,47.25,1,0,0,0
PDF_02060,0,1,9.65,4,2,0,0,0.4,0.2037,0.3134,75,5.447,2.66,14.35,58.08,1,0,0,0
PDF_02061,1,2,41.33,2,2,2,0,34.38,0.3069,0.3021,174,4.054,30.09,43.46,94.1,1,1,0,0
PDF_02062,0,1,0.59,0,0,0,0,0.0,0.0888,0.3054,93,4.372,0.0,0.0,54.19,1,0,0,0
PDF_02063,0,1,0.0,0,0,0,0,0.0,0.0,0.1203,91,5.987,0.0,0.0,3.12,0,1,0,0
PDF_02064,3,1,22.59,1,2,0,0,10.91,0.1041,0.0973,107,5.764,0.45,16.33,15.08,0,1,0,0
PDF_02065,2,2,41.3,5,7,1,0,30.01,0.1798,0.1257,146,5.569,50.81,40.21,30.19,0,0,0,0
PDF_02066,1,3,62.36,6,3,1,0,30.6,0.1543,0.2954,166,5.574,42.84,52.69,40.13,0,0,0,0
PDF_02067,0,1,49.59,4,4,0,0,23.19,0.1606,0.2373,115,5.541,45.26,69.58,7.96,0,0,0,0
PDF_02068,0,1,0.0,0,1,0,0,4.87,0.2335,0.3542,97,4.831,0.0,10.1,38.29,1,1,0,0
PDF_02069,1,1,42.21,4,4,0,0,47.7,0.2646,0.3904,164,5.536,40.85,13.49,78.66,1,1,0,0
PDF_02070,0,2,0.0,2,2,0,0,0.0,0.0787,0.1031,49,4.937,0.0,15.57,0.0,0,0,0,0
PDF_02071,1,2,9.19,5,2,0,0,0.0,0.0217,0.1117,60,5.257,0.0,4.72,0.0,0,0,0,0
PDF_02072,0,2,15.54,0,0,1,0,0.0,0.0412,0.1126,56,5.572,5.58,0.0,0.0,0,1,0,0
PDF_02073,0,1,46.48,8,3,1,0,13.68,0.1334,0.2195,108,5.645,27.24,31.06,9.63,0,0,0,0
PDF_02074,0,1,17.13,0,2,0,0,13.25,0.0514,0.1184,84,5.813,0.0,32.76,13.5,0,0,0,0
PDF_02075,0,1,22.05,1,0,0,0,20.02,0.2389,0.2839,124,5.572,0.0,15.77,53.96,1,1,0,0
PDF_02076,2,3,48.12,3,2,0,0,11.76,0.0691,0.1646,117,5.039,37.4,43.64,37.19,0,0,0,0
PDF_02077,0,1,2.98,0,0,1,0,0.96,0.1957,0.3421,110,4.992,23.28,0.0,71.6,1,0,0,0
PDF_02078,0,2,4.02,0,0,0,0,0.0,0.2262,0.3798,90,5.609,11.41,12.77,47.12,1,1,0,0
PDF_02079,0,1,5.14,0,0,0,0,20.54,0.0922,0.084,79,7.025,5.87,17.34,0.0,0,0,0,0
PDF_02080,0,1,0.0,2,2,0,0,0.0,0.0117,0.1529,54,5.95,0.0,0.0,16.61,0,0,0,0
PDF_02081,1,1,32.4,2,2,0,0,28.6,0.1775,0.3392,113,4.947,53.3,27.93,74.79,1,0,0,0
PDF_02082,1,1,0.0,7,0,2,0,7.16,0.2935,0.2733,118,5.949,18.49,34.0,61.13,1,1,0,0
PDF_02083,1,2,20.77,7,1,1,0,15.18,0.2952,0.3594,149,5.775,35.44,30.71,34.36,1,0,0,0
PDF_02084,1,1,6.81,3,0,0,0,13.07,0.0,0.1477,51,4.741,6.62,0.0,0.89,0,1,0,0
PDF_02085,1,2,0.0,3,0,0,0,25.09,0.082,0.1086,48,5.341,5.92,0.0,19.87,0,0,0,0
PDF_02086,0,1,41.36,3,5,1,0,20.13,0.238,0.3763,134,6.099,25.72,15.99,52.58,1,0,0,0
PDF_02087,0,2,34.28,2,1,0,0,38.57,0.0972,0.1684,116,6.129,7.9,31.89,15.52,0,1,0,0
PDF_02088,0,2,0.0,4,4,1,0,0.0,0.0332,0.0,45,5.212,0.0,0.0,0.0,0,0,0,0
PDF_02089,1,2,20.66,1,3,1,0,32.91,0.2503,0.3859,157,6.666,30.01,40.23,64.44,1,1,0,0
PDF_02090,1,1,0.0,0,0,0,0,7.51,0.0047,0.1859,46,5.735,0.0,0.0,0.0,0,1,0,0
PDF_02091,0,2,0.0,0,4,0,0,0.0,0.0211,0.1144,56,4.511,0.0,6.79,4.45,0,1,0,0
PDF_02092,0,1,0.0,0,0,0,0,17.86,0.1714,0.2201,107,5.015,0.0,10.71,41.8,1,0,0,0
PDF_02093,0,1,0.0,0,2,1,0,0.0,0.0686,0.1015,98,4.815,0.0,2.62,4.9,0,0,0,0
PDF_02094,0,1,34.51,5,1,1,0,0.0,0.3118,0.3277,139,6.373,16.52,49.11,56.89,1,0,0,0
PDF_02095,0,1,13.91,0,4,0,0,0.0,0.1508,0.2808,92,6.776,6.12,0.0,56.96,1,0,0,0
PDF_02096,0,1,0.0,1,4,0,0,0.0,0.169,0.3446,69,5.359,0.0,0.0,54.6,1,0,0,0
PDF_02097,1,1,44.47,1,1,0,0,14.9,0.2249,0.1104,94,5.12,18.66,31.08,11.37,0,0,0,0
PDF_02098,1,2,16.3,0,2,0,0,0.0,0.0536,0.0783,92,5.137,7.78,13.33,1.27,0,0,0,0
PDF_02099,1,2,0.0,0,0,0,0,0.0,0.2508,0.3414,94,6.032,5.86,25.79,53.64,1,1,0,0
PDF_02100,0,1,0.0,1,0,0,0,0.0,0.0817,0.1819,84,4.782,12.74,3.77,5.67,0,1,0,0
PDF_02101,1,1,0.0,3,0,0,0,0.0,0.0382,0.1071,44,4.941,0.0,0.0,6.47,0,1,0,0
PDF_02102,2,1,3.29,2,0,1,0,0.0,0.1639,0.3526,39,4.585,18.66,12.6,57.3,1,1,0,0
PDF_02103,1,3,16.82,2,2,1,0,18.88,0.0991,0.1024,88,4.427,17.83,13.23,18.46,0,0,0,0
PDF_02104,0,1,32.65,0,0,0,0,0.0,0.2412,0.3703,144,5.776,12.17,25.69,70.14,1,0,0,0
PDF_02105,0,2,29.96,2,3,0,0,0.0,0.26,0.4024,124,4.391,26.36,32.43,62.97,1,0,0,0
PDF_02106,2,1,50.43,4,4,1,0,41.31,0.1945,0.253,162,5.917,13.95,4.38,15.94,0,0,0,0
PDF_02107,1,2,31.42,4,0,1,0,1.75,0.1332,0.0963,73,4.609,17.06,51.84,32.4,0,0,0,0
PDF_02108,4,2,77.99,6,7,2,0,59.41,0.226,0.236,154,4.855,40.45,60.99,38.87,0,1,0,0
PDF_02109,0,1,0.0,5,1,0,0,0.0,0.0463,0.0852,82,4.964,0.0,0.0,0.0,0,0,0,0
PDF_02110,0,2,23.73,3,0,0,0,3.13,0.1758,0.3032,171,5.946,4.76,14.64,46.63,1,0,0,0
PDF_02111,2,1,0.0,2,0,0,0,0.0,0.071,0.2517,63,4.873,8.39,0.0,48.38,1,0,0,0
PDF_02112,0,1,23.23,1,2,0,0,11.5,0.032,0.0855,152,5.503,14.04,18.19,29.71,0,0,0,0
PDF_02113,1,1,60.12,3,4,1,0,53.92,0.2518,0.1986,110,6.252,59.55,44.25,21.51,0,1,0,0
PDF_02114,0,1,16.24,3,2,0,0,10.11,0.1402,0.121,69,5.906,16.4,0.0,22.7,0,0,0,0
PDF_02115,1,1,0.0,2,1,0,0,0.0,0.0,0.0997,5,5.754,0.0,0.0,0.0,0,0,0,0
PDF_02116,2,2,48.98,3,2,1,0,39.3,0.2036,0.4011,167,5.385,50.56,52.74,75.84,1,1,0,0
PDF_02117,0,1,16.39,3,1,0,0,7.72,0.2154,0.2888,131,5.746,13.44,25.66,61.69,1,0,0,0
PDF_02118,0,1,11.69,0,1,1,0,9.24,0.15,0.1105,57,6.423,3.23,25.54,11.16,0,0,0,0
PDF_02119,1,1,0.0,5,0,1,0,0.0,0.1814,0.2612,105,5.215,0.0,4.17,55.4,1,0,0,0
PDF_02120,1,1,0.0,2,0,0,0,0.0,0.1377,0.2966,121,4.929,0.0,0.0,38.42,1,0,0,0
PDF_02121,1,1,0.0,0,0,1,0,0.22,0.0234,0.0551,48,5.404,0.0,0.0,0.0,0,0,0,0
PDF_02122,0,1,0.0,0,1,0,0,0.0,0.1214,0.2137,36,6.1,0.0,4.65,53.9,1,0,0,0
PDF_02123,0,2,26.75,2,2,0,0,1.47,0.1383,0.343,96,6.078,16.04,5.44,49.04,1,1,0,0
PDF_02124,0,1,5.67,4,4,0,0,0.0,0.1792,0.261,101,4.929,0.0,0.0,41.8,1,1,0,0
PDF_02125,0,1,2.07,0,0,0,0,0.0,0.0881,0.0066,81,5.034,0.0,14.59,9.03,0,0,0,0
PDF_02126,0,2,9.55,0,2,0,0,8.99,0.078,0.1075,72,6.12,28.31,29.64,8.08,0,1,0,0
PDF_02127,0,1,0.0,3,3,0,0,0.0,0.0,0.0568,75,4.729,0.0,0.0,9.98,0,0,0,0
PDF_02128,0,2,0.0,0,4,0,0,5.01,0.0362,0.0717,57,5.795,0.0,0.0,12.36,0,0,0,0
PDF_02129,0,1,9.97,1,0,1,0,0.0,0.0359,0.0912,65,5.256,0.0,0.0,15.56,0,0,0,0
PDF_02130,0,1,29.49,3,2,0,0,4.12,0.1116,0.2505,131,5.3,15.14,26.86,7.48,0,0,0,0
PDF_02131,0,2,9.88,0,0,0,0,6.77,0.0798,0.1097,36,5.345,0.0,0.0,6.69,0,0,0,0
PDF_02132,2,1,14.06,0,1,0,0,11.49,0.1192,0.0762,55,5.017,3.18,0.32,32.31,0,0,0,0
PDF_02133,1,2,0.0,3,0,1,0,0.0,0.0141,0.0583,37,5.443,9.12,0.0,0.0,0,0,0,0
PDF_02134,0,2,0.0,0,0,0,0,11.64,0.1314,0.1133,53,4.781,0.46,0.0,13.99,0,0,0,0
PDF_02135,0,1,15.94,3,1,0,0,0.0,0.0507,0.0963,86,4.622,0.0,11.59,21.01,0,1,0,0
PDF_02136,0,2,23.85,0,0,0,0,4.22,0.1437,0.3514,106,5.096,0.0,10.18,61.06,1,1,0,0
PDF_02137,0,1,20.09,0,0,0,0,10.02,0.2544,0.3167,103,6.248,14.45,34.59,54.36,1,0,0,0
PDF_02138,0,3,1.0,0,1,2,0,3.77,0.1415,0.267,83,5.947,10.81,0.0,59.98,1,0,0,0
PDF_02139,1,2,26.37,1,1,0,0,11.74,0.1096,0.1698,87,5.961,4.63,37.46,13.96,0,0,0,0
PDF_02140,1,2,21.68,1,4,0,0,0.0,0.0424,0.1798,98,4.801,10.19,17.63,11.82,0,0,0,0
PDF_02141,0,2,5.16,2,2,0,0,0.0,0.0801,0.1346,66,4.978,10.12,0.0,0.95,0,0,0,0
PDF_02142,0,1,0.0,0,3,0,0,4.95,0.1411,0.3201,119,5.894,0.0,21.83,60.02,1,1,0,0
PDF_02143,0,1,18.34,0,3,0,0,0.0,0.1298,0.3416,118,6.177,10.07,0.0,50.77,1,0,0,0
PDF_02144,2,1,0.0,3,0,0,0,0.0,0.0,0.1015,10,5.311,0.0,0.0,0.0,0,1,0,0
PDF_02145,0,1,0.0,0,0,1,0,0.0,0.0686,0.0988,53,5.406,0.0,0.0,0.0,0,0,0,0
PDF_02146,0,1,37.13,2,4,1,0,51.33,0.2486,0.3323,110,5.035,19.68,40.68,57.12,1,1,0,0
PDF_02147,0,2,0.0,1,0,1,0,0.0,0.09,0.3613,60,6.764,2.67,0.0,36.66,1,0,0,0
PDF_02148,1,1,2.11,0,0,0,0,10.18,0.0079,0.0,82,5.526,0.0,0.0,0.0,0,1,0,0
PDF_02149,2,1,0.0,2,3,1,0,0.0,0.1092,0.2711,60,5.751,0.0,0.0,43.84,1,0,0,0
PDF_02150,2,2,0.0,0,0,0,0,0.0,0.1125,0.2964,62,4.995,0.0,2.34,41.15,1,1,0,0
PDF_02151,0,1,2.56,0,0,0,0,0.0,0.1882,0.2797,91,4.941,0.0,13.91,55.1,1,0,0,0
PDF_02152,0,1,0.0,0,1,0,0,0.0,0.0537,0.0174,42,5.346,0.0,0.0,0.0,0,0,0,0
PDF_02153,1,1,1.26,1,0,0,0,0.0,0.1771,0.3005,101,6.462,9.29,15.32,34.17,1,0,0,0
PDF_02154,2,1,16.26,3,0,0,0,16.75,0.0256,0.2055,97,6.398,0.0,0.94,0.0,0,0,0,0
PDF_02155,0,2,13.61,2,1,1,0,0.0,0.0411,0.1285,109,5.331,12.58,3.9,19.81,0,0,0,0
PDF_02156,1,1,9.18,0,0,0,0,4.94,0.121,0.0756,105,5.244,17.7,0.0,0.0,0,0,0,0
PDF_02157,0,1,0.0,2,1,0,0,26.96,0.1339,0.3717,79,5.314,0.0,0.0,68.2,1,1,0,0
PDF_02158,1,2,20.27,2,1,1,0,7.35,0.139,0.1321,53,5.454,0.0,26.78,15.19,0,0,0,0
PDF_02159,2,1,18.47,0,3,0,0,10.95,0.1573,0.3375,76,6.209,2.14,22.03,55.84,1,0,0,0
PDF_02160,1,1,11.71,2,1,1,0,0.0,0.2167,0.334,76,4.77,0.0,0.0,36.35,1,0,0,0
PDF_02161,4,1,33.32,4,2,0,0,13.71,0.2407,0.3268,147,5.232,20.19,38.02,64.97,1,1,0,0
PDF_02162,1,2,30.59,0,4,2,0,19.83,0.2437,0.3334,119,5.163,29.98,53.74,63.49,1,0,0,0
PDF_02163,1,2,0.0,2,1,0,0,2.43,0.0802,0.0752,71,6.095,22.59,8.71,0.0,0,0,0,0
PDF_02164,2,2,37.71,3,2,2,0,28.76,0.1225,0.2168,81,6.679,22.67,46.51,11.2,0,0,0,0
PDF_02165,0,1,31.87,0,2,0,0,14.0,0.0702,0.2131,112,4.382,14.48,16.89,18.83,0,0,0,0
PDF_02166,0,2,24.04,0,0,0,0,9.95,0.1399,0.0553,108,4.864,0.0,18.34,0.0,0,1,0,0
PDF_02167,2,1,28.67,4,6,1,0,39.71,0.1655,0.2251,147,5.542,27.34,36.89,23.59,0,1,0,0
PDF_02168,2,1,0.0,2,0,0,0,0.0,0.1154,0.0611,105,5.151,0.0,1.73,4.82,0,0,0,0
PDF_02169,0,1,0.0,0,0,0,0,0.0,0.0328,0.0972,36,5.525,0.0,0.6,0.58,0,1,0,0
PDF_02170,1,1,12.1,6,3,0,0,20.18,0.1367,0.0948,163,5.338,30.8,35.2,29.82,0,0,0,0
PDF_02171,0,2,0.0,3,6,0,0,6.74,0.1895,0.3107,117,5.34,10.78,0.0,41.88,1,1,0,0
PDF_02172,2,2,66.97,3,5,0,0,17.12,0.2649,0.3853,196,5.733,42.15,53.69,80.69,1,1,0,0
PDF_02173,0,1,0.0,0,3,0,0,0.0,0.126,0.1955,45,5.173,8.63,0.0,50.86,1,0,0,0
PDF_02174,1,2,30.81,0,1,0,0,3.71,0.0388,0.0829,123,4.232,9.37,0.0,4.31,0,0,0,0
PDF_02175,0,2,33.74,0,3,0,0,0.0,0.0781,0.1725,102,5.653,0.0,8.34,0.0,0,0,0,0
PDF_02176,0,1,0.0,2,2,0,0,0.0,0.0237,0.1183,85,4.334,0.0,0.0,29.06,0,0,0,0
PDF_02177,0,1,0.0,4,0,1,0,0.0,0.0274,0.0822,26,4.661,0.0,0.0,0.0,0,0,0,0
PDF_02178,0,3,0.0,0,1,0,0,0.0,0.1677,0.1682,53,4.7,0.0,0.0,55.88,1,0,0,0
PDF_02179,0,1,0.0,1,1,0,0,7.3,0.1133,0.2841,90,5.356,0.0,22.45,53.55,1,0,0,0
PDF_02180,1,2,23.72,0,0,0,0,0.0,0.0549,0.1774,101,6.014,23.28,23.4,6.76,0,0,0,0
PDF_02181,0,1,7.44,1,0,0,0,0.0,0.1692,0.2986,78,5.709,8.98,15.8,67.38,1,0,0,0
PDF_02182,0,1,26.84,0,0,0,0,16.22,0.192,0.357,107,5.87,13.19,11.74,69.53,1,1,0,0
PDF_02183,1,1,0.0,2,4,0,0,0.0,0.0,0.0323,64,5.748,0.0,0.0,0.47,0,0,0,0
PDF_02184,1,2,25.71,1,0,1,0,5.12,0.1009,0.1875,121,5.261,23.91,22.04,8.18,0,1,0,0
PDF_02185,0,1,15.09,0,0,0,0,0.0,0.0555,0.1539,49,5.562,1.93,12.9,3.24,0,0,0,0
PDF_02186,0,2,16.97,1,2,1,0,0.0,0.2255,0.3526,125,6.442,32.3,19.84,49.75,1,0,0,0
PDF_02187,0,2,0.0,0,0,0,0,0.0,0.1315,0.3134,84,4.697,6.51,0.0,52.64,1,0,0,0
PDF_02188,1,1,13.31,3,0,1,0,0.0,0.069,0.0559,38,5.362,0.0,0.0,0.0,0,0,0,0
PDF_02189,0,2,0.0,0,0,0,0,0.0,0.0889,0.0722,55,5.039,0.0,4.49,0.0,0,0,0,0
PDF_02190,0,1,17.37,4,1,0,0,0.0,0.1333,0.1345,80,5.268,32.91,18.94,2.23,0,1,0,0
PDF_02191,0,1,43.08,1,5,0,0,20.66,0.2463,0.3793,175,5.43,18.82,51.08,65.88,1,0,0,0
PDF_02192,0,3,20.94,0,0,1,0,45.99,0.0815,0.1164,125,5.887,28.95,40.95,14.9,0,1,0,0
PDF_02193,0,1,14.58,0,3,1,0,0.0,0.1815,0.2041,48,6.202,0.0,4.26,18.39,0,0,0,0
PDF_02194,1,1,0.0,1,0,0,0,3.19,0.0668,0.0373,49,5.311,0.0,4.34,0.0,0,0,0,0
PDF_02195,2,1,0.0,0,0,0,0,0.0,0.0,0.0422,59,5.322,0.0,0.0,1.86,0,0,0,0
PDF_02196,0,1,6.11,1,2,0,0,0.0,0.0227,0.0873,54,4.811,0.0,0.0,0.0,0,0,0,0
PDF_02197,0,1,0.0,3,1,0,0,15.06,0.0104,0.0182,67,5.057,0.0,0.0,0.0,0,1,0,0
PDF_02198,0,1,1.24,2,1,0,0,0.0,0.0205,0.0919,31,4.759,0.0,0.0,0.0,0,0,0,0
PDF_02199,0,1,12.11,0,2,0,0,0.0,0.0557,0.0667,63,4.539,0.0,0.0,0.0,0,0,0,0
PDF_02200,1,1,23.0,2,3,0,0,11.0,0.0786,0.2,119,5.582,11.56,0.0,0.0,0,1,0,0
PDF_02201,1,2,36.05,2,5,1,0,46.57,0.147,0.1817,152,6.193,33.9,38.43,9.71,0,1,0,0
PDF_02202,0,3,9.47,0,1,1,0,0.0,0.1898,0.3134,84,4.985,9.26,0.0,51.08,1,1,0,0
PDF_02203,0,1,0.0,1,1,0,0,0.0,0.0158,0.0864,53,5.462,0.0,0.0,0.0,0,0,0,0
PDF_02204,1,1,12.45,3,1,0,0,14.58,0.1859,0.3188,116,5.218,20.97,28.18,48.73,1,0,0,0
PDF_02205,0,2,27.99,0,0,0,0,19.55,0.1273,0.0753,87,5.85,24.89,28.78,28.47,0,1,0,0
PDF_02206,3,1,50.65,4,8,0,0,31.0,0.1833,0.1644,169,6.445,31.52,15.65,35.58,0,0,0,0
PDF_02207,0,1,0.0,3,2,0,0,0.0,0.1692,0.3196,40,5.514,0.0,0.0,43.19,1,1,0,0
PDF_02208,0,1,14.82,3,4,0,0,9.67,0.3302,0.3722,162,5.841,16.08,51.22,63.1,1,0,0,0
PDF_02209,2,1,47.7,3,6,0,0,16.3,0.189,0.1483,98,4.905,7.2,16.4,25.5,0,0,0,0
PDF_02210,0,2,0.0,3,0,1,0,0.0,0.0,0.3115,87,5.607,0.0,0.0,43.04,1,0,0,0
PDF_02211,1,2,23.52,4,4,0,0,0.0,0.1873,0.3829,81,5.871,2.92,37.52,65.87,1,0,0,0
PDF_02212,0,2,4.2,1,1,0,0,0.0,0.0731,0.028,36,4.561,18.51,21.01,12.9,0,0,0,0
PDF_02213,0,2,29.72,6,0,0,0,0.0,0.2742,0.2699,135,5.912,9.89,37.01,48.29,1,0,0,0
PDF_02214,0,1,22.59,2,3,1,0,15.96,0.1014,0.1082,77,4.465,19.84,39.78,0.0,0,0,0,0
PDF_02215,0,3,0.0,0,0,0,0,0.0,0.0826,0.0642,74,5.683,0.0,13.98,12.26,0,1,0,0
PDF_02216,0,3,0.0,5,0,0,0,0.0,0.0097,0.0745,58,4.5,0.0,0.0,10.11,0,0,0,0
PDF_02217,2,2,32.54,6,0,0,0,15.08,0.214,0.3502,109,5.794,9.25,51.54,76.77,1,0,0,0
PDF_02218,0,2,15.63,1,5,1,0,5.63,0.1357,0.1226,136,6.138,17.64,31.28,23.63,0,0,0,0
PDF_02219,2,1,29.31,3,0,0,1,4.35,0.0655,0.1179,92,5.361,11.29,22.78,0.0,0,0,0,0
PDF_02220,0,1,4.63,0,0,0,0,0.0,0.0511,0.0826,58,5.445,0.0,0.0,13.41,0,0,0,0
PDF_02221,2,1,16.17,0,2,0,0,0.0,0.146,0.3849,109,5.369,0.0,10.83,59.87,1,0,0,0
PDF_02222,1,1,6.3,0,3,1,0,0.0,0.0962,0.0448,59,4.668,0.0,0.0,0.0,0,0,0,0
PDF_02223,0,1,0.0,3,1,1,0,0.0,0.0209,0.2466,67,4.296,0.0,0.0,4.73,0,0,0,0
PDF_02224,1,1,1.03,0,4,0,0,0.0,0.1199,0.2036,53,5.219,4.09,5.35,4.3,0,0,0,0
PDF_02225,1,1,21.58,6,4,1,0,26.91,0.1401,0.1415,115,5.321,22.89,31.08,18.03,0,1,0,0
PDF_02226,0,1,0.0,1,1,1,1,0.0,0.1255,0.3295,67,6.192,27.65,0.0,59.75,1,1,0,0
PDF_02227,1,1,0.0,0,3,0,0,0.0,0.0448,0.0762,115,5.337,0.0,9.57,0.0,0,0,0,0
PDF_02228,0,2,16.23,0,0,0,1,8.02,0.1407,0.4009,102,5.131,3.39,9.97,56.38,1,0,0,0
PDF_02229,0,1,23.14,3,5,0,0,0.0,0.0843,0.1282,71,5.975,3.1,0.93,13.43,0,1,0,0
PDF_02230,0,1,11.28,2,2,1,0,3.47,0.1853,0.3607,95,7.17,1.84,10.64,53.66,1,0,0,0
PDF_02231,0,1,6.58,0,0,0,0,0.0,0.1215,0.0619,79,5.031,19.33,0.0,3.52,0,1,0,0
PDF_02232,0,1,0.0,0,0,1,0,0.0,0.1945,0.306,104,4.899,14.54,0.0,55.0,1,0,0,0
PDF_02233,0,1,0.0,2,1,0,1,0.0,0.0668,0.3546,56,5.845,0.0,0.0,49.73,1,0,0,0
PDF_02234,2,2,45.92,7,2,1,0,14.19,0.3167,0.3647,187,5.962,32.27,35.71,81.64,1,0,0,0
PDF_02235,1,1,8.36,3,0,0,0,0.0,0.0833,0.0321,85,5.14,0.0,0.0,16.32,0,1,0,0
PDF_02236,1,1,11.21,2,0,0,0,16.41,0.1546,0.2706,92,5.148,0.64,0.0,65.67,1,1,0,0
PDF_02237,0,1,16.32,0,0,0,0,0.0,0.0474,0.1476,101,5.462,11.12,30.06,0.0,0,0,0,0
PDF_02238,0,2,38.9,4,3,0,0,15.15,0.2709,0.3005,163,4.812,28.2,23.47,65.68,1,1,0,0
PDF_02239,0,2,17.88,2,0,0,0,4.72,0.1546,0.1009,87,6.187,14.55,12.45,10.88,0,0,0,0
PDF_02240,0,1,3.36,1,3,0,0,0.73,0.1016,0.083,130,5.454,5.32,0.75,0.0,0,0,0,0
PDF_02241,0,1,15.19,2,3,0,0,17.02,0.2379,0.3949,116,5.278,24.63,14.52,50.68,1,1,0,0
PDF_02242,1,1,35.59,3,4,1,0,12.24,0.2183,0.3669,115,5.752,44.5,40.44,54.05,1,0,0,0
PDF_02243,0,1,36.96,4,1,0,0,37.85,0.2746,0.3403,125,5.597,16.78,6.13,34.93,1,1,0,0
PDF_02244,1,1,19.24,1,1,1,0,0.0,0.0581,0.1895,122,5.601,24.42,16.57,4.16,0,1,0,0
PDF_02245,2,2,47.9,7,4,1,0,50.25,0.3661,0.327,164,5.647,48.29,46.65,81.27,1,1,0,0
PDF_02246,0,2,5.65,0,0,0,0,0.0,0.1246,0.0701,47,5.137,4.57,16.28,0.0,0,0,0,0
PDF_02247,0,1,0.0,4,2,0,0,0.0,0.021,0.2147,111,4.674,0.0,0.08,1.88,0,0,0,0
PDF_02248,0,1,31.59,0,2,0,0,19.43,0.2185,0.3561,66,5.563,6.82,29.62,42.52,1,0,0,0
PDF_02249,1,2,11.82,3,0,0,0,0.0,0.106,0.1602,69,5.623,7.87,9.57,7.66,0,0,0,0
PDF_02250,0,1,10.2,1,3,0,0,0.0,0.1638,0.3572,111,5.24,26.8,5.62,54.19,1,0,0,0
PDF_02251,1,1,12.3,4,5,1,0,8.45,0.2262,0.2071,92,5.818,18.18,12.82,19.98,0,1,0,0
PDF_02252,1,2,17.67,1,0,0,0,0.0,0.1104,0.0669,29,4.773,0.0,13.21,12.35,0,0,0,0
PDF_02253,0,1,0.0,3,2,1,0,0.0,0.0343,0.0587,23,5.273,0.0,0.0,22.45,0,1,0,0
PDF_02254,1,1,3.09,0,2,0,0,16.05,0.0371,0.1013,75,6.412,3.43,1.78,9.63,0,0,0,0
PDF_02255,1,1,6.29,1,2,1,0,20.96,0.2379,0.3741,102,4.631,23.85,8.93,68.08,1,0,0,0
PDF_02256,1,1,28.33,3,3,1,1,7.92,0.1599,0.3389,138,5.208,2.74,23.42,61.95,1,0,0,0
PDF_02257,0,1,0.0,1,0,0,0,0.0,0.0189,0.0737,20,5.815,0.0,0.0,0.0,0,0,0,0
PDF_02258,1,1,11.21,6,3,0,0,0.0,0.0635,0.144,83,6.306,22.64,2.0,4.38,0,0,0,0
PDF_02259,1,1,2.72,2,0,0,0,6.48,0.1036,0.117,134,5.264,0.0,13.37,2.03,0,1,0,0
PDF_02260,0,2,0.06,0,4,0,0,32.39,0.0323,0.1629,74,4.992,0.0,4.57,0.8,0,1,0,0
PDF_02261,1,1,0.0,1,0,0,0,0.0,0.03,0.0482,67,4.439,0.0,0.0,0.0,0,0,0,0
PDF_02262,1,1,6.48,0,0,0,0,0.0,0.0097,0.1024,78,5.242,0.0,14.02,17.57,0,0,0,0
PDF_02263,0,1,9.97,3,0,0,0,0.98,0.2412,0.2813,113,6.689,17.36,41.39,56.36,1,1,0,0
PDF_02264,0,1,13.79,3,0,1,0,12.63,0.0,0.1548,58,5.175,0.0,0.11,16.25,0,1,0,0
PDF_02265,1,1,33.76,3,1,1,0,19.21,0.134,0.1725,118,6.167,40.41,30.52,27.08,0,0,0,0
PDF_02266,1,2,30.06,3,0,0,0,13.24,0.1644,0.2117,122,5.239,0.0,16.11,53.11,1,1,0,0
PDF_02267,0,1,14.16,0,1,0,0,13.76,0.2205,0.3555,109,4.781,14.88,0.0,82.23,1,0,0,0
PDF_02268,0,1,40.35,1,0,0,0,0.0,0.2516,0.3006,160,6.014,14.94,14.66,59.77,1,0,0,0
PDF_02269,0,1,8.09,2,0,0,0,1.96,0.0839,0.2675,83,5.695,0.0,10.38,16.02,0,0,0,0
PDF_02270,0,1,14.55,4,2,1,0,0.0,0.0629,0.1409,164,5.981,22.6,2.6,0.0,0,1,0,0
PDF_02271,1,2,48.59,6,3,1,0,41.09,0.1992,0.2015,166,4.772,58.51,52.9,9.01,0,0,0,0
PDF_02272,2,1,27.35,0,0,2,0,0.0,0.0722,0.2226,51,6.021,8.96,31.84,12.01,0,0,0,0
PDF_02273,1,2,0.0,1,0,1,0,0.0,0.0,0.0023,20,4.607,0.0,0.0,0.0,0,0,0,0
PDF_02274,0,2,5.08,4,4,1,0,0.0,0.1316,0.3614,114,5.303,5.46,0.0,60.04,1,0,0,0
PDF_02275,0,2,47.53,4,1,1,0,16.95,0.2676,0.3987,99,5.646,23.01,59.05,88.34,1,0,0,0
PDF_02276,1,2,18.66,3,0,0,1,13.02,0.0887,0.1305,91,6.361,0.0,15.71,2.46,0,0,0,0
PDF_02277,0,1,29.33,1,0,1,0,11.49,0.1154,0.08,95,4.562,15.42,26.33,9.78,0,0,0,0
PDF_02278,1,1,0.0,0,0,0,0,0.0,0.075,0.1708,66,4.582,0.0,0.0,9.14,0,0,0,0
PDF_02279,1,2,0.0,0,3,0,0,0.0,0.0339,0.0411,5,6.038,0.0,0.0,5.82,0,1,0,0
PDF_02280,0,2,0.0,0,3,1,0,1.25,0.0733,0.0485,76,6.057,0.0,3.11,0.0,0,0,0,0
PDF_02281,1,2,31.91,4,5,0,0,32.81,0.2044,0.1406,138,5.648,28.49,65.58,24.23,0,0,0,0
PDF_02282,0,1,19.91,0,0,0,0,5.51,0.2265,0.3861,115,5.208,19.67,0.0,71.03,1,0,0,0
PDF_02283,1,1,0.0,0,6,1,0,10.96,0.103,0.2854,131,4.349,3.39,0.0,42.3,1,1,0,0
PDF_02284,0,1,34.23,2,4,0,0,5.28,0.1065,0.2572,119,4.853,10.53,23.92,12.82,0,0,0,0
PDF_02285,1,1,20.3,3,0,0,0,0.0,0.0,0.1612,30,5.612,17.16,16.59,0.88,0,0,0,0
PDF_02286,0,1,0.0,1,0,0,0,0.0,0.0,0.0977,40,5.921,10.62,0.0,0.0,0,0,0,0
PDF_02287,1,3,46.4,3,2,0,0,8.56,0.1715,0.2317,151,6.583,19.54,21.19,28.78,0,0,0,0
PDF_02288,0,1,0.0,0,5,1,0,6.12,0.1687,0.2389,126,4.872,15.71,0.0,61.41,1,0,0,0
PDF_02289,1,1,28.31,5,2,1,0,21.3,0.2041,0.1301,115,5.58,24.91,33.61,0.0,0,0,0,0
PDF_02290,0,2,31.01,0,1,1,0,0.0,0.0918,0.1574,12,6.43,17.37,0.0,16.74,0,0,0,0
PDF_02291,1,2,5.02,0,0,0,0,0.0,0.0,0.172,52,5.304,0.0,0.0,10.7,0,0,0,0
PDF_02292,1,1,0.0,0,1,0,0,9.85,0.1432,0.3203,70,5.73,3.56,1.66,47.09,1,0,0,0
PDF_02293,0,1,1.8,2,0,0,0,0.0,0.0286,0.1428,64,4.952,12.1,0.0,0.0,0,0,0,0
PDF_02294,1,1,11.26,0,0,0,0,8.61,0.0843,0.188,102,6.101,2.98,27.25,0.0,0,1,0,0
PDF_02295,0,2,0.0,3,1,0,0,0.0,0.0805,0.1244,42,4.919,0.0,0.0,0.0,0,0,0,0
PDF_02296,2,1,36.36,2,3,0,0,15.14,0.0974,0.1768,73,5.454,33.75,1.65,0.92,0,1,0,0
PDF_02297,1,1,0.0,0,0,1,0,0.0,0.064,0.2637,41,4.43,0.0,0.0,32.15,1,0,0,0
PDF_02298,0,2,25.44,1,3,0,0,6.46,0.0415,0.1547,67,5.814,21.37,12.95,10.27,0,1,0,0
PDF_02299,0,2,24.2,3,2,0,0,14.83,0.0974,0.1478,126,6.487,24.5,22.96,14.88,0,0,0,0
PDF_02300,0,2,37.21,7,6,2,0,0.0,0.328,0.3792,188,6.65,6.62,23.13,76.72,1,0,0,0
PDF_02301,1,1,12.42,3,0,0,0,0.0,0.0817,0.133,121,5.436,0.0,7.68,3.99,0,0,0,0
PDF_02302,1,1,39.44,4,5,1,0,23.95,0.1155,0.2712,84,6.2,10.76,27.46,27.43,0,0,0,0
PDF_02303,1,1,22.27,0,0,1,0,5.62,0.1086,0.1592,88,5.619,8.78,0.0,12.64,0,1,0,0
PDF_02304,2,2,25.02,0,0,1,0,20.28,0.151,0.0877,87,5.823,0.0,32.83,12.12,0,0,0,0
PDF_02305,1,1,0.0,1,4,0,0,1.24,0.231,0.3057,59,5.622,17.11,10.22,58.0,1,1,0,0
PDF_02306,1,1,11.22,2,0,0,0,0.0,0.1823,0.3463,113,5.358,0.0,17.05,51.78,1,0,0,0
PDF_02307,1,2,0.0,3,0,0,0,0.0,0.0503,0.1959,28,5.102,0.0,0.0,0.22,0,1,0,0
PDF_02308,0,1,0.0,4,2,0,0,0.0,0.0,0.0344,90,4.978,0.0,0.0,5.55,0,0,0,0
PDF_02309,0,1,0.0,0,2,0,0,0.0,0.1533,0.2985,90,6.153,27.71,0.0,45.72,1,0,0,0
PDF_02310,1,1,9.15,0,0,1,0,11.85,0.1053,0.1663,113,4.501,3.72,14.55,12.36,0,1,0,0
PDF_02311,0,2,0.0,0,2,0,0,0.0,0.1165,0.348,113,5.987,4.36,0.0,61.72,1,0,0,0
PDF_02312,0,1,23.09,0,3,0,0,0.0,0.2605,0.2697,114,6.077,0.27,8.56,56.59,1,0,0,0
PDF_02313,0,2,0.0,1,0,0,0,0.0,0.03,0.0786,72,4.847,6.33,0.0,0.0,0,0,0,0
PDF_02314,0,1,0.0,3,0,0,0,0.0,0.1517,0.3272,93,5.205,0.0,0.0,52.84,1,0,0,0
PDF_02315,2,1,22.22,3,1,0,0,0.0,0.1183,0.2921,149,5.161,3.03,30.37,26.29,0,0,0,0
PDF_02316,1,2,32.45,5,2,0,0,13.09,0.1547,0.0978,91,5.061,7.97,35.32,11.49,0,0,0,0
PDF_02317,1,2,1.9,1,0,0,0,17.08,0.1315,0.1111,51,5.464,5.57,9.53,8.96,0,0,0,0
PDF_02318,0,1,0.0,1,0,0,0,0.0,0.0,0.0,5,3.72,0.0,0.0,0.0,0,0,0,0
PDF_02319,2,2,36.91,3,3,0,0,23.62,0.1941,0.2295,99,6.138,15.52,40.88,26.02,0,0,0,0
PDF_02320,0,1,17.35,1,0,0,0,10.5,0.0742,0.0661,98,5.61,0.0,7.77,2.54,0,1,0,0
PDF_02321,0,2,19.31,0,1,1,0,4.59,0.1305,0.1654,113,5.523,16.54,10.71,8.95,0,0,0,0
PDF_02322,1,1,59.95,3,4,2,0,16.92,0.2075,0.1336,103,6.929,30.22,69.47,14.13,0,0,0,0
PDF_02323,1,1,41.49,2,4,0,0,16.49,0.1507,0.052,85,6.089,22.48,12.54,9.93,0,0,0,0
PDF_02324,1,2,0.0,0,1,0,0,0.0,0.0021,0.0053,33,4.687,0.0,0.0,0.0,0,0,0,0
PDF_02325,1,2,53.16,6,3,1,0,17.54,0.2312,0.1597,165,6.336,29.63,43.55,22.11,0,0,0,0
PDF_02326,1,1,3.31,1,0,0,0,2.31,0.1665,0.3019,90,5.132,0.0,0.0,55.83,1,1,0,0
PDF_02327,1,1,0.0,2,1,0,0,0.0,0.0236,0.0419,99,4.983,0.0,0.0,0.0,0,1,0,0
PDF_02328,0,1,0.0,0,1,1,0,0.0,0.0,0.0286,32,4.211,0.0,0.0,0.0,0,1,0,0
PDF_02329,0,1,0.0,0,2,0,0,0.0,0.0038,0.1603,5,4.71,0.0,0.0,28.36,1,0,0,0
PDF_02330,0,1,2.15,2,0,0,0,0.0,0.0599,0.1807,45,5.477,0.0,0.0,0.98,0,0,0,0
PDF_02331,1,1,0.0,2,4,0,0,12.86,0.0376,0.0468,72,4.436,0.0,0.0,0.0,0,0,0,0
PDF_02332,1,2,13.75,2,1,1,0,0.0,0.1851,0.2916,110,5.853,11.58,0.0,42.29,1,0,0,0
PDF_02333,0,1,0.0,0,3,0,0,0.0,0.0,0.1609,48,4.916,0.0,0.0,0.0,0,0,0,0
PDF_02334,0,2,18.43,0,0,0,0,13.51,0.1845,0.1223,36,4.273,1.93,3.02,0.0,0,0,0,0
PDF_02335,0,1,41.47,4,3,1,0,11.24,0.1467,0.1845,114,6.018,13.78,10.45,5.1,0,1,0,0
PDF_02336,1,1,37.09,3,3,0,0,34.53,0.247,0.4455,155,5.952,18.18,32.69,76.16,1,0,0,0
PDF_02337,1,1,43.82,4,2,0,1,22.06,0.171,0.1391,121,5.709,7.59,31.72,26.59,0,0,0,0
PDF_02338,0,2,1.21,0,0,0,0,0.0,0.0,0.0936,74,5.087,0.0,0.0,5.6,0,0,0,0
PDF_02339,0,1,20.79,3,0,1,0,27.42,0.2209,0.2968,154,6.168,27.98,23.49,75.02,1,0,0,0
PDF_02340,0,1,5.0,1,4,0,0,0.0,0.1029,0.0998,82,5.805,26.52,14.09,14.44,0,0,0,0
PDF_02341,0,1,0.0,4,0,1,0,3.38,0.0336,0.2578,70,4.78,0.0,0.0,35.6,1,1,0,0
PDF_02342,1,2,0.0,0,2,0,0,0.0,0.1954,0.3294,110,6.08,4.52,4.46,37.29,1,0,0,0
PDF_02343,0,2,19.74,2,2,0,0,7.92,0.2081,0.2278,111,4.727,23.56,8.78,65.1,1,0,0,0
PDF_02344,1,2,26.48,3,3,1,0,12.24,0.2737,0.2803,108,6.848,0.0,25.33,64.01,1,0,0,0
PDF_02345,1,1,0.0,0,0,0,0,0.0,0.1557,0.3149,141,5.305,3.42,0.0,48.34,1,0,0,0
PDF_02346,0,1,15.45,0,1,0,0,0.0,0.0584,0.0819,96,4.981,0.0,0.0,3.77,0,0,0,0
PDF_02347,2,3,35.32,3,1,0,0,60.02,0.218,0.2987,119,5.472,22.73,23.35,76.59,1,1,0,0
PDF_02348,2,1,46.98,3,5,2,0,24.89,0.2472,0.1401,148,5.512,25.34,56.72,33.06,0,1,0,0
PDF_02349,0,1,16.16,0,0,0,0,11.06,0.1281,0.1137,90,4.358,17.58,8.14,19.54,0,0,0,0
PDF_02350,0,1,6.23,0,0,0,0,0.0,0.0664,0.0857,81,5.304,6.6,17.68,0.0,0,0,0,0
PDF_02351,0,1,0.0,4,1,1,0,0.0,0.0905,0.0684,64,4.754,0.0,0.0,0.0,0,1,0,0
PDF_02352,2,2,6.79,1,1,0,0,0.0,0.3013,0.3239,142,5.031,0.0,16.61,88.8,1,0,0,0
PDF_02353,1,1,30.6,3,3,0,0,23.58,0.226,0.382,129,5.457,38.07,18.26,65.25,1,0,0,0
PDF_02354,0,3,1.94,0,2,0,0,17.43,0.0064,0.2015,36,5.751,0.0,0.04,9.54,0,0,0,0
PDF_02355,0,2,6.6,1,4,0,0,14.43,0.1548,0.2666,57,4.199,5.77,25.85,61.58,1,1,0,0
PDF_02356,0,2,37.12,0,1,0,0,21.18,0.1299,0.1665,99,5.344,13.39,20.91,3.48,0,0,0,0
PDF_02357,0,1,14.39,0,0,0,0,14.58,0.0723,0.2013,78,5.948,0.0,20.47,31.14,0,1,0,0
PDF_02358,1,1,37.73,4,0,0,0,8.8,0.2045,0.2493,105,6.389,0.0,0.0,52.81,1,0,0,0
PDF_02359,0,1,22.36,0,0,0,0,4.94,0.0302,0.1989,62,5.36,28.09,21.24,9.84,0,0,0,0
PDF_02360,0,2,41.76,0,7,1,0,12.98,0.2143,0.3519,116,5.676,23.5,37.93,57.79,1,0,0,0
PDF_02361,0,2,31.96,3,0,0,0,8.02,0.1976,0.3624,97,5.588,9.53,39.3,59.58,1,0,0,0
PDF_02362,0,1,0.0,1,1,0,0,7.9,0.0385,0.1545,72,5.082,11.65,9.52,5.37,0,1,0,0
PDF_02363,0,1,4.92,3,0,0,0,0.0,0.0767,0.0671,79,5.012,4.39,0.0,7.74,0,0,0,0
PDF_02364,0,1,16.84,0,2,1,0,16.3,0.0805,0.1777,72,5.028,0.84,9.94,2.6,0,0,0,0
PDF_02365,1,1,0.0,3,0,0,0,17.46,0.0381,0.1018,82,5.905,0.0,0.72,0.0,0,0,0,0
PDF_02366,0,1,24.01,0,1,0,0,4.11,0.0768,0.1293,80,5.805,4.86,30.33,21.63,0,1,0,0
PDF_02367,2,2,20.21,4,1,0,0,8.75,0.134,0.1674,130,5.907,15.25,31.29,18.04,0,0,0,0
PDF_02368,0,2,34.12,3,6,0,0,29.93,0.3063,0.4009,177,6.693,40.07,46.38,62.13,1,0,0,0
PDF_02369,0,1,35.07,4,0,1,0,7.13,0.1375,0.2023,64,4.944,30.42,34.19,0.0,0,0,0,0
PDF_02370,1,2,17.84,0,0,0,0,13.04,0.1356,0.3708,91,6.484,2.33,26.07,38.39,1,1,0,0
PDF_02371,1,1,2.65,4,3,0,0,0.0,0.0443,0.0474,61,5.278,9.88,0.0,2.52,0,0,0,0
PDF_02372,1,1,15.73,0,5,0,0,18.08,0.0755,0.205,105,4.154,6.44,26.45,4.52,0,0,0,0
PDF_02373,0,2,0.0,4,0,0,0,0.0,0.0058,0.0261,5,5.729,0.0,0.0,4.37,0,0,0,0
PDF_02374,0,1,0.0,2,0,1,0,3.59,0.1362,0.1001,100,5.209,0.0,8.59,4.39,0,1,0,0
PDF_02375,1,3,69.05,12,7,0,0,37.67,0.2647,0.3176,216,5.162,71.72,56.52,52.47,0,1,0,0
PDF_02376,0,2,2.49,0,0,1,0,0.0,0.0987,0.2957,119,5.725,0.21,0.0,54.43,1,0,0,0
PDF_02377,0,1,0.0,0,1,0,0,0.0,0.0344,0.0017,50,5.216,2.57,0.0,0.0,0,0,0,0
PDF_02378,0,1,0.0,0,2,1,0,9.86,0.1373,0.2899,131,4.615,1.64,6.12,63.64,1,1,0,0
PDF_02379,1,1,43.42,8,4,0,0,17.23,0.1559,0.1572,140,6.05,37.44,47.87,34.21,0,0,0,0
PDF_02380,0,1,36.37,9,2,1,0,22.17,0.1938,0.198,161,5.811,29.63,41.31,25.07,0,0,0,0
PDF_02381,1,1,4.25,2,5,0,0,11.93,0.1962,0.3459,128,5.2,6.28,28.41,51.68,1,0,0,0
PDF_02382,1,2,14.67,1,0,1,0,0.0,0.1165,0.1697,94,5.933,0.0,15.16,24.61,0,0,0,0
PDF_02383,1,1,15.02,2,1,1,0,5.8,0.2263,0.3377,140,4.909,29.08,3.74,66.03,1,0,0,0
PDF_02384,0,3,57.01,0,0,0,0,12.32,0.1705,0.1805,88,5.413,4.68,30.53,26.49,0,0,0,0
PDF_02385,0,3,20.69,4,2,0,0,0.0,0.2391,0.4497,97,4.801,27.16,15.21,57.86,1,0,0,0
PDF_02386,0,1,6.42,0,1,0,0,0.0,0.2014,0.2537,119,5.377,13.96,0.0,46.29,1,0,0,0
PDF_02387,2,1,46.83,3,1,1,0,44.75,0.1588,0.1307,117,6.917,37.53,27.85,11.27,0,0,0,0
PDF_02388,0,2,0.0,0,0,0,0,24.35,0.0566,0.0464,66,5.926,0.0,18.97,0.0,0,0,0,0
PDF_02389,1,2,33.31,2,1,1,0,40.01,0.141,0.2338,87,5.735,14.71,43.13,17.56,0,0,0,0
PDF_02390,2,1,25.45,4,2,1,0,15.57,0.1636,0.1882,123,6.388,44.71,37.6,27.88,0,0,0,0
PDF_02391,0,1,13.99,0,1,1,0,4.76,0.0,0.1786,92,5.441,0.0,17.57,0.0,0,1,0,0
PDF_02392,3,1,51.52,6,4,0,0,0.0,0.1868,0.1699,119,5.159,18.89,35.61,41.93,0,0,0,0
PDF_02393,0,2,0.0,0,0,0,0,0.0,0.0202,0.1237,97,4.345,0.0,5.97,0.0,0,0,0,0
PDF_02394,0,2,39.83,0,4,0,0,2.85,0.1246,0.1016,92,5.812,2.53,36.48,0.47,0,0,0,0
PDF_02395,0,1,21.91,0,0,0,0,0.0,0.221,0.3564,88,4.629,20.48,27.61,43.44,1,0,0,0
PDF_02396,2,2,38.96,2,4,2,0,6.26,0.1554,0.201,118,5.267,33.49,27.18,24.42,0,0,0,0
PDF_02397,1,1,21.81,0,0,0,0,22.08,0.2331,0.3054,115,5.044,3.99,14.4,52.66,1,1,0,0
PDF_02398,1,1,12.26,0,0,1,0,0.0,0.0687,0.0522,73,6.523,19.9,26.14,0.04,0,0,0,0
PDF_02399,2,2,5.91,2,9,1,0,0.42,0.1714,0.3181,125,5.689,0.0,0.0,38.85,1,0,0,0
PDF_02400,0,2,22.86,0,1,1,0,7.49,0.1026,0.3393,72,3.956,3.18,0.0,38.98,1,0,0,0
PDF_02401,0,2,32.03,8,2,1,0,42.9,0.146,0.2037,137,4.956,0.0,42.35,19.01,0,1,0,0
PDF_02402,0,1,24.61,6,3,2,0,27.17,0.1657,0.1197,130,5.754,42.28,24.11,12.06,0,0,0,0
PDF_02403,1,1,0.0,1,1,0,0,0.0,0.0861,0.0182,99,5.548,0.0,23.02,11.23,0,0,0,0
PDF_02404,0,1,8.93,0,0,0,0,4.74,0.1446,0.0669,100,4.01,40.86,3.33,0.7,0,0,0,0
PDF_02405,0,2,1.06,3,0,0,0,12.92,0.024,0.0753,71,5.428,7.29,23.96,14.57,0,1,0,0
PDF_02406,2,1,30.11,3,2,0,0,8.49,0.1383,0.1567,94,5.809,14.66,44.64,14.48,0,0,0,0
PDF_02407,1,2,27.51,4,2,1,0,16.8,0.134,0.1608,55,6.762,19.35,25.24,12.08,0,1,0,0
PDF_02408,2,2,5.24,0,0,0,0,0.0,0.1622,0.3262,130,4.466,12.28,15.49,74.79,1,0,0,0
PDF_02409,1,1,16.38,2,3,0,0,16.23,0.1105,0.1011,120,6.458,27.18,4.58,9.58,0,0,0,0
PDF_02410,1,1,0.0,1,2,0,0,25.55,0.0844,0.1791,86,5.181,1.84,0.0,15.16,0,1,0,0
PDF_02411,0,1,0.23,0,1,0,0,12.63,0.134,0.1163,92,5.795,0.29,0.0,1.47,0,0,0,0
PDF_02412,0,1,7.68,1,7,0,0,0.0,0.06,0.1039,87,5.557,6.32,0.0,15.19,0,0,0,0
PDF_02413,2,1,38.12,0,0,0,0,0.0,0.0319,0.1024,55,5.363,0.0,0.0,0.79,0,1,0,0
PDF_02414,1,2,24.89,1,1,0,0,19.58,0.0927,0.1777,100,5.107,25.89,25.46,11.87,0,0,0,0
PDF_02415,1,2,28.34,1,0,1,0,1.19,0.2574,0.2755,122,7.369,16.5,27.79,57.68,1,0,0,0
PDF_02416,0,1,15.42,4,1,0,0,13.26,0.1406,0.2793,110,5.022,0.0,0.0,41.93,1,1,0,0
PDF_02417,1,2,11.29,1,0,0,0,0.0,0.0529,0.137,56,5.96,19.1,16.03,21.05,0,0,0,0
PDF_02418,0,1,0.0,0,3,0,0,0.0,0.0968,0.2735,82,5.369,0.0,0.0,43.53,1,0,0,0
PDF_02419,0,1,0.0,0,1,1,0,0.0,0.0926,0.2688,86,6.08,0.0,0.0,39.09,1,0,0,0
PDF_02420,0,1,0.0,0,0,0,0,6.8,0.0917,0.169,39,5.136,1.69,3.6,5.23,0,0,0,0
PDF_02421,1,1,20.77,5,1,0,0,6.18,0.1281,0.1236,89,5.866,0.0,47.31,2.91,0,0,0,0
PDF_02422,0,3,26.24,0,0,0,0,8.54,0.2036,0.3656,90,4.351,24.63,9.41,47.6,1,0,0,0
PDF_02423,2,1,19.82,2,5,1,0,0.0,0.0983,0.2957,98,6.407,23.01,19.04,73.39,1,0,0,0
PDF_02424,0,1,21.02,3,0,0,0,0.0,0.1143,0.1362,90,5.286,11.15,2.49,14.36,0,0,0,0
PDF_02425,1,2,44.2,4,1,0,0,11.94,0.1541,0.2031,121,5.164,8.49,13.71,18.88,0,1,0,0
PDF_02426,1,1,35.5,4,5,1,0,21.21,0.1306,0.1572,131,5.435,24.28,51.37,3.59,0,0,0,0
PDF_02427,0,2,3.69,3,3,0,0,8.96,0.1377,0.3537,117,5.063,3.54,25.28,47.12,1,1,0,0
PDF_02428,3,3,20.45,2,0,1,0,0.0,0.227,0.2921,104,5.802,15.81,21.02,71.82,1,0,0,0
PDF_02429,1,1,0.0,0,0,0,0,11.58,0.0223,0.1124,80,6.323,25.31,4.36,9.51,0,1,0,0
PDF_02430,0,1,1.77,2,0,1,0,4.89,0.0667,0.11,86,4.614,0.0,0.0,2.1,0,0,0,0
PDF_02431,1,2,0.0,0,2,0,0,4.36,0.1388,0.2505,81,5.082,0.0,0.0,50.17,1,1,0,0
PDF_02432,0,2,21.67,0,2,0,0,29.45,0.1098,0.1461,117,6.092,16.31,14.62,16.51,0,1,0,0
PDF_02433,1,1,0.0,5,1,1,0,0.21,0.1187,0.2895,119,4.78,11.67,11.31,42.78,1,0,0,0
PDF_02434,0,2,49.62,5,2,2,0,20.17,0.1503,0.4302,131,6.094,32.69,40.76,76.65,1,0,0,0
PDF_02435,1,1,29.5,2,0,0,0,0.0,0.2086,0.1096,114,5.654,5.81,14.61,0.0,0,0,0,0
PDF_02436,0,3,22.08,0,0,0,0,0.0,0.1015,0.1075,87,5.343,26.12,21.26,9.04,0,0,0,0
PDF_02437,0,1,0.0,4,0,0,0,0.0,0.1331,0.3293,69,5.043,0.0,28.01,55.17,1,0,0,0
PDF_02438,0,3,0.0,0,4,0,0,0.0,0.0986,0.2139,107,5.329,0.0,0.0,25.63,1,1,0,0
PDF_02439,0,1,6.49,0,0,0,0,0.0,0.0517,0.3133,50,5.065,1.81,0.0,43.04,1,0,0,0
PDF_02440,0,2,23.76,7,0,0,0,10.18,0.1564,0.162,96,5.33,21.93,8.46,12.46,0,0,0,0
PDF_02441,1,2,30.76,4,2,0,0,26.41,0.241,0.3356,111,5.515,2.92,28.97,60.54,1,1,0,0
PDF_02442,0,2,23.58,0,4,0,0,0.0,0.0537,0.1432,94,5.465,0.0,22.95,6.89,0,0,0,0
PDF_02443,1,1,27.86,3,0,2,0,0.0,0.0664,0.0841,81,6.903,28.8,31.9,4.55,0,0,0,0
PDF_02444,1,1,15.03,0,3,1,0,0.94,0.0661,0.1054,93,6.102,0.0,18.09,15.69,0,0,0,0
PDF_02445,1,1,31.69,4,1,2,0,0.0,0.1241,0.172,116,5.632,11.44,10.56,2.84,0,0,0,0
PDF_02446,1,1,0.0,4,0,1,0,0.0,0.1346,0.3682,140,5.522,12.4,0.0,60.28,1,1,0,0
PDF_02447,0,1,20.4,4,1,0,0,6.02,0.0641,0.057,89,5.336,0.0,4.5,1.14,0,0,0,0
PDF_02448,0,1,17.06,4,1,1,0,0.0,0.2385,0.4084,147,6.764,16.04,54.78,71.09,1,0,0,0
PDF_02449,0,1,22.11,0,3,0,0,17.63,0.0988,0.0415,68,5.887,29.87,33.41,3.53,0,0,0,0
PDF_02450,1,2,51.95,0,4,0,0,13.12,0.2161,0.3261,173,5.112,22.01,46.29,63.41,1,0,0,0
PDF_02451,0,1,0.0,0,0,0,0,0.0,0.1736,0.3303,72,4.964,0.0,0.0,56.99,1,0,0,0
PDF_02452,1,1,10.97,3,0,0,0,0.0,0.2495,0.4243,88,5.183,0.0,32.2,66.04,1,0,0,0
PDF_02453,1,1,28.32,2,0,2,0,0.0,0.3265,0.4389,90,6.141,0.27,24.73,65.46,1,1,0,0
PDF_02454,0,1,4.55,1,0,0,0,21.96,0.1102,0.3557,119,4.235,0.0,13.72,49.41,1,0,0,0
PDF_02455,0,1,56.09,5,6,1,0,31.43,0.1763,0.1566,107,5.528,33.12,47.39,13.22,0,0,0,0
PDF_02456,0,1,24.63,2,1,0,0,0.0,0.0301,0.1071,75,5.546,0.0,2.12,14.14,0,0,0,0
PDF_02457,0,1,15.31,1,0,1,0,11.16,0.1304,0.335,111,5.579,11.81,22.13,67.52,1,1,0,0
PDF_02458,0,2,27.01,3,2,0,0,5.73,0.0975,0.1009,90,5.083,31.77,12.57,24.74,0,0,0,0
PDF_02459,1,2,0.0,0,0,2,0,0.0,0.0,0.0698,68,5.39,0.0,0.0,0.0,0,0,0,0
PDF_02460,0,1,0.0,0,5,1,0,0.0,0.0412,0.0,69,5.419,0.0,0.0,0.0,0,0,0,0
PDF_02461,0,2,31.07,4,0,2,0,15.22,0.1268,0.0397,89,5.547,12.35,12.4,25.39,0,0,0,0
PDF_02462,1,2,0.0,4,2,1,0,0.0,0.0,0.0382,94,4.205,0.0,0.0,0.0,0,1,0,0
PDF_02463,0,1,15.63,2,1,1,0,0.0,0.0646,0.1258,69,5.568,14.3,24.37,3.69,0,0,0,0
PDF_02464,0,1,8.62,3,1,1,0,0.0,0.015,0.1443,90,5.619,0.0,7.01,0.0,0,1,0,0
PDF_02465,0,1,24.89,0,0,0,0,11.93,0.1533,0.3029,73,4.342,19.76,4.0,50.08,1,0,0,0
PDF_02466,1,1,38.01,2,1,1,0,5.08,0.1387,0.1955,173,5.499,2.96,14.45,17.32,0,0,0,0
PDF_02467,1,1,11.51,0,3,1,0,7.46,0.2442,0.4155,112,4.805,10.62,17.73,64.26,1,0,0,0
PDF_02468,2,1,21.11,1,0,1,0,14.01,0.0823,0.172,76,4.767,27.02,31.42,19.42,0,0,0,0
PDF_02469,1,1,23.31,1,3,0,0,6.31,0.0715,0.0495,118,4.937,22.32,12.11,6.0,0,0,0,0
PDF_02470,0,2,0.0,0,5,0,0,20.65,0.1102,0.0855,100,5.323,27.32,17.58,9.66,0,1,0,0
PDF_02471,0,1,0.0,1,0,0,0,0.0,0.0118,0.0907,23,6.002,0.0,0.0,14.45,0,0,0,0
PDF_02472,0,1,28.68,3,6,0,0,0.0,0.0924,0.1898,85,4.537,15.04,0.0,12.19,0,0,0,0
PDF_02473,0,1,11.99,2,2,0,0,20.08,0.1624,0.104,46,5.78,24.21,22.49,19.01,0,1,0,0
PDF_02474,0,2,4.9,0,2,0,0,0.0,0.1926,0.3654,125,5.715,13.05,18.78,55.5,1,0,0,0
PDF_02475,0,2,6.29,1,4,0,0,0.0,0.0829,0.0727,43,5.738,0.0,10.75,4.27,0,0,0,0
PDF_02476,1,2,0.0,0,0,1,1,0.0,0.1732,0.2931,79,5.573,0.0,0.03,48.88,1,0,0,0
PDF_02477,1,1,0.0,0,0,0,0,17.38,0.0245,0.0675,78,5.537,5.15,0.0,17.2,0,0,0,0
PDF_02478,0,2,0.0,0,0,1,0,0.0,0.0,0.0187,49,5.061,0.0,0.0,0.0,0,0,0,0
PDF_02479,0,1,0.0,0,5,1,0,0.0,0.0982,0.3103,114,5.012,0.0,0.0,37.65,1,1,0,0
PDF_02480,0,2,3.79,1,1,1,0,0.0,0.0776,0.1887,82,5.124,7.42,8.48,0.0,0,0,0,0
PDF_02481,1,1,14.34,1,5,0,0,19.81,0.1274,0.1547,100,5.111,37.79,19.33,7.01,0,1,0,0
PDF_02482,0,3,15.81,0,3,0,0,0.0,0.1129,0.1249,41,6.297,5.71,0.19,4.08,0,1,0,0
PDF_02483,0,1,0.0,3,3,0,0,0.0,0.108,0.2391,34,5.637,0.0,0.0,54.43,1,1,0,0
PDF_02484,0,1,0.0,1,0,0,0,0.0,0.023,0.1584,32,4.636,0.0,0.0,0.0,0,0,0,0
PDF_02485,0,3,37.12,1,2,0,0,34.28,0.057,0.056,134,6.02,7.34,12.95,12.91,0,1,0,0
PDF_02486,0,2,0.0,2,0,0,0,0.0,0.0342,0.0573,47,4.631,0.0,0.0,0.0,0,1,0,0
PDF_02487,0,1,0.0,3,1,0,0,0.46,0.0,0.0739,40,4.386,0.0,0.0,0.0,0,1,0,0
PDF_02488,1,2,67.28,6,3,1,0,7.34,0.2905,0.496,160,4.91,36.18,58.41,72.64,1,0,0,0
PDF_02489,0,1,33.99,4,0,0,0,18.01,0.1554,0.0999,114,4.861,26.93,6.59,11.34,0,0,0,0
PDF_02490,2,1,41.14,1,3,0,0,0.0,0.2548,0.3953,164,5.997,18.04,29.8,80.93,1,0,0,0
PDF_02491,0,2,0.0,0,3,1,0,10.96,0.0865,0.1522,79,5.558,0.0,26.49,22.1,0,0,0,0
PDF_02492,0,1,1.92,3,0,0,0,0.0,0.0492,0.1786,90,4.951,0.0,12.44,0.0,0,0,0,0
PDF_02493,0,2,16.14,1,0,1,0,23.39,0.1341,0.235,95,5.019,8.85,35.8,32.84,0,1,0,0
PDF_02494,0,1,27.2,2,1,1,0,39.73,0.1472,0.3692,76,4.89,22.3,22.06,68.83,1,0,0,0
PDF_02495,0,2,34.49,3,0,0,0,15.1,0.1935,0.4078,89,5.988,8.6,15.73,57.64,1,0,0,0
PDF_02496,2,1,51.3,4,6,2,0,30.42,0.2034,0.151,133,6.309,23.29,45.96,42.28,0,0,0,0
PDF_02497,1,1,0.0,0,0,0,0,0.0,0.0774,0.2034,73,5.882,0.26,12.2,14.65,0,0,0,0
PDF_02498,0,3,11.04,2,1,1,0,11.83,0.203,0.1467,60,5.808,0.0,9.76,17.6,0,0,0,0
PDF_02499,1,1,2.38,0,1,0,0,0.0,0.2327,0.2951,99,5.889,0.0,16.23,48.03,1,0,0,0
PDF_02500,1,2,13.99,1,1,0,0,5.46,0.2137,0.3282,164,5.266,0.0,24.69,62.72,1,1,0,0
PDF_02501,1,1,0.0,0,0,0,0,0.0,0.0,0.0,5,6.173,0.0,0.0,0.0,0,0,0,0
PDF_02502,0,1,15.52,2,2,1,0,5.49,0.1139,0.1463,114,6.465,10.4,34.91,6.16,0,1,0,0
PDF_02503,1,2,5.71,2,1,0,0,0.0,0.2167,0.2788,115,4.962,0.0,12.63,37.67,1,0,0,0
PDF_02504,0,1,0.0,2,1,0,0,0.0,0.0164,0.1209,73,4.895,0.0,0.0,7.19,0,0,0,0
PDF_02505,2,1,38.33,7,2,1,0,13.22,0.1378,0.1728,154,5.43,16.01,26.5,18.49,0,0,0,0
PDF_02506,1,2,0.0,3,0,0,0,0.0,0.0905,0.0457,105,4.493,7.16,0.0,12.98,0,0,0,0
PDF_02507,0,1,11.89,1,4,0,0,40.11,0.0969,0.2022,101,5.653,23.6,26.34,21.6,0,1,0,0
PDF_02508,2,1,23.11,4,0,0,0,7.27,0.1365,0.1051,101,5.771,0.0,19.92,16.01,0,0,0,0
PDF_02509,1,1,16.7,3,0,0,0,3.69,0.0821,0.0888,132,5.926,0.0,8.15,12.94,0,0,0,0
PDF_02510,0,2,0.0,0,0,0,1,0.0,0.0,0.02,22,4.607,0.0,0.0,7.99,0,0,0,0
PDF_02511,1,1,21.01,0,1,0,0,7.58,0.2008,0.3072,119,5.174,4.54,11.77,49.67,1,0,0,0
PDF_02512,1,1,0.0,0,0,0,0,0.0,0.0367,0.1433,66,5.053,0.0,0.0,7.97,0,0,0,0
PDF_02513,1,2,39.47,0,4,0,0,0.0,0.1002,0.1483,91,6.31,6.91,0.0,0.0,0,0,0,0
PDF_02514,1,1,29.57,1,4,2,0,9.5,0.2394,0.3803,113,5.512,8.5,32.08,43.77,1,0,0,0
PDF_02515,0,2,4.28,1,2,0,0,0.0,0.1206,0.3362,43,5.13,0.0,3.92,48.05,1,0,0,0
PDF_02516,1,1,0.0,3,3,0,0,0.0,0.1102,0.3101,57,3.805,0.0,0.0,28.27,1,1,0,0
PDF_02517,2,2,39.24,4,4,0,0,30.3,0.1603,0.1241,116,6.314,28.56,30.41,11.59,0,0,0,0
PDF_02518,0,2,9.43,0,1,0,0,0.0,0.0219,0.0746,53,4.439,0.0,0.0,9.13,0,0,0,0
PDF_02519,1,1,27.04,1,1,0,1,19.97,0.1079,0.1867,113,6.149,20.61,3.35,4.02,0,0,0,0
PDF_02520,2,2,3.64,1,2,0,0,11.6,0.0344,0.1252,75,4.332,0.0,9.64,6.74,0,0,0,0
PDF_02521,1,1,10.59,0,0,0,0,0.0,0.1337,0.1352,82,5.423,14.55,14.55,8.67,0,0,0,0
PDF_02522,2,1,43.83,4,0,1,0,26.04,0.3193,0.3933,167,5.771,18.41,41.49,74.02,1,1,0,0
PDF_02523,0,1,0.0,0,2,0,0,0.0,0.0,0.0519,23,4.812,0.0,0.0,0.0,0,1,0,0
PDF_02524,1,1,8.77,0,0,0,0,9.6,0.1891,0.3425,79,5.472,17.19,31.79,41.41,1,0,0,0
PDF_02525,1,1,19.82,3,5,1,0,31.71,0.1715,0.1964,109,6.908,28.4,44.0,7.82,0,1,0,0
PDF_02526,0,2,2.61,0,2,0,0,0.0,0.013,0.0722,97,5.749,0.0,4.99,0.0,0,0,0,0
PDF_02527,2,1,4.95,0,0,0,0,0.0,0.0694,0.2668,48,5.24,1.67,5.93,0.99,0,0,0,0
PDF_02528,1,2,4.44,0,1,1,0,0.0,0.009,0.1207,81,5.417,0.0,3.73,0.0,0,0,0,0
PDF_02529,1,3,72.12,5,4,0,0,41.23,0.1693,0.1073,135,4.975,50.24,32.68,27.65,0,0,0,0
PDF_02530,0,3,0.0,4,0,0,0,1.7,0.0252,0.0902,98,4.756,8.71,0.0,0.0,0,1,0,0
PDF_02531,2,1,0.0,0,3,0,0,0.0,0.1681,0.2894,74,6.007,18.87,0.0,60.86,1,0,0,0
PDF_02532,1,1,17.99,0,1,0,0,18.58,0.1663,0.3526,87,5.774,9.86,0.0,73.24,1,1,0,0
PDF_02533,0,3,6.9,0,0,0,0,0.0,0.0678,0.0253,102,5.873,2.29,0.0,19.5,0,0,0,0
PDF_02534,0,2,7.11,0,0,2,0,15.57,0.2166,0.3583,128,4.767,23.67,12.08,58.07,1,0,0,0
PDF_02535,1,1,0.0,1,3,0,0,21.75,0.1692,0.3312,109,5.489,0.0,2.95,43.72,1,1,0,0
PDF_02536,1,1,44.67,3,5,0,0,15.71,0.062,0.165,58,5.836,34.94,44.16,8.79,0,0,0,0
PDF_02537,0,2,8.02,0,1,0,0,10.67,0.0,0.1588,93,5.643,0.0,0.0,3.69,0,1,0,0
PDF_02538,1,1,16.71,0,0,0,0,11.93,0.0545,0.1899,82,5.807,0.0,6.13,15.65,0,0,0,0
PDF_02539,0,1,31.58,4,2,0,0,9.91,0.1436,0.1191,139,5.997,16.05,34.6,31.51,0,0,0,0
PDF_02540,0,2,27.86,0,5,1,0,29.73,0.0237,0.142,100,6.004,0.0,31.86,22.4,0,1,0,0
PDF_02541,0,1,2.78,4,1,0,0,6.61,0.1153,0.3893,57,4.642,0.0,20.36,64.37,1,0,0,0
PDF_02542,1,1,12.95,3,2,0,0,3.02,0.06,0.1711,145,4.635,6.95,2.03,0.72,0,1,0,0
PDF_02543,2,1,45.3,1,0,0,0,0.0,0.1099,0.419,137,5.857,17.73,12.57,43.43,1,0,0,0
PDF_02544,0,2,32.07,1,5,1,0,12.89,0.2445,0.3631,151,4.557,0.0,43.41,77.32,1,1,0,0
PDF_02545,1,1,12.96,0,1,1,0,4.44,0.1156,0.152,85,5.111,20.12,13.06,11.95,0,0,0,0
PDF_02546,1,1,49.38,2,0,0,0,1.15,0.0928,0.2456,103,6.05,24.91,29.16,0.0,0,0,0,0
PDF_02547,0,2,15.63,3,5,0,0,15.74,0.1664,0.0846,98,4.751,7.65,37.06,18.52,0,0,0,0
PDF_02548,0,2,5.95,4,0,0,0,0.71,0.1226,0.1211,126,6.181,29.52,8.85,33.24,0,0,0,0
PDF_02549,1,1,0.0,3,1,0,0,0.0,0.0152,0.1105,63,5.36,0.0,0.0,0.0,0,0,0,0
PDF_02550,0,1,0.0,0,2,0,0,4.5,0.0749,0.0498,60,5.175,0.0,0.0,3.74,0,0,0,0
PDF_02551,0,1,17.91,0,2,0,0,0.0,0.0771,0.1294,58,6.141,32.72,3.26,0.0,0,0,0,0
PDF_02552,3,2,58.87,8,4,1,0,32.5,0.2053,0.2592,121,4.767,35.95,62.13,38.76,0,0,0,0
PDF_02553,0,1,43.16,1,2,0,0,16.27,0.1525,0.1539,139,5.558,30.03,18.31,0.0,0,0,0,0
PDF_02554,2,1,6.48,2,2,1,0,20.69,0.1548,0.233,93,5.299,25.24,32.67,26.22,0,1,0,0
PDF_02555,0,1,0.28,1,1,0,0,0.0,0.1503,0.245,100,7.153,23.66,17.96,4.14,0,0,0,0
PDF_02556,2,1,18.25,1,0,0,0,15.33,0.1843,0.2606,114,5.714,19.7,16.18,52.79,1,0,0,0
PDF_02557,0,3,17.72,2,3,0,0,0.0,0.0964,0.1864,40,5.947,0.0,20.27,11.5,0,0,0,0
PDF_02558,1,1,0.0,6,1,1,0,0.0,0.1154,0.4006,35,5.404,5.87,0.0,66.6,1,0,0,0
PDF_02559,1,1,18.0,1,1,0,0,16.44,0.0781,0.0982,77,5.919,0.0,28.29,13.37,0,0,0,0
PDF_02560,1,2,29.29,2,2,1,0,31.26,0.1739,0.3431,155,6.205,8.69,29.16,48.62,1,1,0,0
PDF_02561,1,1,0.0,0,2,1,0,0.0,0.0147,0.1285,51,6.556,9.34,0.0,24.72,0,0,0,0
PDF_02562,0,2,15.1,3,2,1,0,2.2,0.1342,0.1312,114,5.98,2.51,41.72,14.86,0,1,0,0
PDF_02563,2,1,24.81,0,7,1,0,0.0,0.0892,0.1028,94,6.239,19.27,22.23,15.81,0,0,0,0
PDF_02564,0,1,0.0,0,0,1,0,0.0,0.123,0.2461,13,5.411,0.0,0.0,19.67,1,1,0,0
PDF_02565,2,1,0.0,0,2,2,0,12.44,0.1087,0.4205,93,4.68,0.0,2.4,61.76,1,0,0,0
PDF_02566,1,2,15.53,1,1,1,0,20.05,0.0702,0.1225,35,4.943,3.33,30.49,0.0,0,0,0,0
PDF_02567,1,2,44.77,4,3,0,0,29.71,0.2192,0.2256,104,5.389,16.04,12.89,26.76,0,0,0,0
PDF_02568,1,2,8.98,0,1,1,0,0.0,0.0,0.1696,87,5.006,0.47,5.58,24.08,0,0,0,0
PDF_02569,2,1,0.0,3,1,0,0,0.0,0.0892,0.0613,75,4.927,0.0,0.0,5.86,0,0,0,0
PDF_02570,1,2,13.97,0,1,0,0,25.83,0.0071,0.1031,74,6.085,0.0,8.45,2.65,0,1,0,0
PDF_02571,2,1,39.29,4,7,0,0,19.37,0.2635,0.3548,154,5.755,39.89,24.77,54.6,1,0,0,0
PDF_02572,0,3,42.5,0,2,0,0,18.26,0.1051,0.1462,92,6.203,13.03,6.73,13.87,0,1,0,0
PDF_02573,0,1,0.0,0,1,1,0,0.0,0.0,0.1365,67,4.454,4.37,3.29,1.64,0,0,0,0
PDF_02574,0,2,34.16,5,1,1,0,35.86,0.163,0.1445,100,5.41,26.79,47.78,18.08,0,0,0,0
PDF_02575,0,2,0.0,4,0,0,0,6.45,0.032,0.1319,107,5.173,0.0,0.0,0.0,0,1,0,0
PDF_02576,1,2,30.36,2,1,0,0,8.63,0.1437,0.2026,48,5.839,0.0,6.3,3.48,0,0,0,0
PDF_02577,0,1,1.5,1,2,1,0,8.18,0.1686,0.3996,76,4.694,0.0,3.7,50.45,1,1,0,0
PDF_02578,0,1,28.46,0,4,0,0,0.0,0.2736,0.2556,126,5.046,9.36,24.84,47.99,1,0,0,0
PDF_02579,0,2,7.39,1,3,1,0,3.54,0.0736,0.1984,56,4.675,17.36,0.0,13.17,0,0,0,0
PDF_02580,0,2,53.17,1,1,1,0,1.11,0.0946,0.1405,98,6.471,14.42,27.78,22.9,0,0,0,0
PDF_02581,1,1,0.0,2,0,1,0,0.0,0.0956,0.244,21,5.338,0.0,0.0,43.15,1,0,0,0
PDF_02582,1,1,22.78,0,2,0,0,17.08,0.1127,0.13,75,6.017,27.95,25.1,16.76,0,0,0,0
PDF_02583,1,2,25.02,5,2,1,0,2.42,0.2005,0.3728,90,6.691,0.18,0.0,57.24,1,0,0,0
PDF_02584,0,2,24.13,0,1,0,0,0.0,0.06,0.1503,93,4.594,16.14,14.38,31.82,0,0,0,0
PDF_02585,1,1,38.08,1,3,0,0,31.6,0.1961,0.325,116,5.243,44.28,34.2,67.77,1,1,0,0
PDF_02586,1,1,20.8,3,2,1,0,9.51,0.2825,0.2986,156,5.906,14.44,21.5,81.21,1,0,0,0
PDF_02587,0,1,0.0,0,5,0,0,0.0,0.1337,0.3976,93,3.76,12.17,0.0,43.96,1,0,0,0
PDF_02588,0,2,5.58,3,1,1,0,0.0,0.0248,0.2018,84,5.167,0.0,0.0,3.2,0,1,0,0
PDF_02589,0,1,4.64,0,1,0,0,0.0,0.0595,0.1489,66,5.827,8.86,0.0,17.64,0,0,0,0
PDF_02590,1,1,4.95,2,0,0,0,1.77,0.12,0.2506,27,5.68,0.0,0.0,61.9,1,0,0,0
PDF_02591,1,1,2.41,0,2,0,0,5.41,0.1759,0.3531,63,5.199,0.0,0.0,50.37,1,1,0,0
PDF_02592,0,3,40.81,4,3,0,0,9.31,0.1588,0.2914,137,5.685,4.95,30.46,53.29,1,1,0,0
PDF_02593,0,1,0.0,0,2,0,0,8.03,0.17,0.3159,111,4.672,2.16,0.0,57.47,1,0,0,0
PDF_02594,0,2,0.0,3,2,0,0,3.44,0.043,0.2351,89,6.007,1.87,6.1,6.38,0,1,0,0
PDF_02595,1,1,0.0,4,3,0,0,0.0,0.0787,0.1263,110,6.554,21.13,23.19,7.2,0,0,0,0
PDF_02596,0,1,0.65,3,0,1,0,0.0,0.0422,0.1128,70,5.388,0.67,1.51,0.0,0,1,0,0
PDF_02597,1,1,5.21,0,2,0,0,2.69,0.1358,0.3247,108,4.402,5.65,4.14,38.78,1,1,0,0
PDF_02598,1,1,46.41,1,1,1,0,27.25,0.2681,0.3683,149,5.643,15.75,52.96,58.79,1,0,0,0
PDF_02599,1,1,0.0,0,0,0,0,2.3,0.1536,0.1601,103,4.834,22.6,0.0,39.83,1,1,0,0
PDF_02600,1,2,5.34,4,0,0,0,12.95,0.0354,0.1399,75,5.353,0.0,10.47,5.99,0,0,0,0
PDF_02601,2,3,43.41,1,2,1,0,10.9,0.192,0.3478,158,6.081,47.83,20.63,66.46,1,0,0,0
PDF_02602,1,2,0.0,0,0,0,0,0.0,0.0021,0.0668,44,4.659,0.0,0.0,4.98,0,1,0,0
PDF_02603,0,1,5.68,1,0,0,0,0.0,0.109,0.1679,95,4.735,0.0,0.0,10.82,0,0,0,0
PDF_02604,0,2,11.03,0,0,0,0,11.92,0.225,0.3517,134,5.23,1.53,0.0,51.61,1,1,0,0
PDF_02605,1,1,0.0,1,0,0,0,17.22,0.0681,0.0852,53,6.731,12.64,19.79,0.0,0,1,0,0
PDF_02606,2,3,42.24,7,7,1,0,23.99,0.3198,0.3779,189,7.169,25.92,57.8,46.36,1,0,0,0
PDF_02607,0,1,9.76,0,0,0,0,0.0,0.0623,0.1445,78,5.704,0.0,0.0,4.59,0,0,0,0
PDF_02608,1,1,6.59,0,0,0,0,16.06,0.1252,0.0754,70,6.008,11.46,0.0,0.0,0,0,0,0
PDF_02609,1,1,0.0,2,0,0,0,0.0,0.0544,0.0695,63,3.738,0.0,8.37,12.04,0,0,0,0
PDF_02610,0,2,0.0,1,0,0,0,18.56,0.1525,0.3029,87,5.933,0.0,10.42,59.43,1,0,0,0
PDF_02611,1,1,0.0,0,0,0,0,0.0,0.0,0.0978,34,4.864,0.0,0.0,0.0,0,0,0,0
PDF_02612,1,1,40.29,2,4,0,0,0.0,0.1367,0.114,71,4.924,0.0,30.14,0.0,0,0,0,0
PDF_02613,1,2,0.0,0,2,1,0,0.0,0.1602,0.2923,74,4.862,0.0,0.0,40.43,1,0,0,0
PDF_02614,0,2,0.0,1,0,1,0,0.0,0.1349,0.321,77,5.15,0.0,0.0,50.6,1,1,0,0
PDF_02615,0,1,0.0,1,0,1,0,0.0,0.0,0.1286,53,4.243,0.0,0.0,18.2,0,0,0,0
PDF_02616,1,2,32.08,0,0,0,0,6.28,0.154,0.179,121,4.768,4.82,28.59,20.65,0,0,0,0
PDF_02617,0,1,59.39,3,1,2,1,35.79,0.1897,0.2026,130,5.839,38.63,41.85,22.08,0,1,0,0
PDF_02618,1,1,0.0,4,0,1,0,0.0,0.0,0.1056,103,4.43,0.0,0.0,5.47,0,0,0,0
PDF_02619,1,1,20.68,0,2,0,0,0.0,0.2348,0.2864,106,4.609,26.55,19.54,65.74,1,0,0,0
PDF_02620,2,1,0.0,3,2,1,0,0.0,0.0178,0.0234,46,5.235,0.0,15.78,0.0,0,0,0,0
PDF_02621,0,2,40.24,0,0,0,0,38.61,0.1423,0.089,93,5.453,24.51,33.88,3.19,0,0,0,0
PDF_02622,0,1,9.84,1,3,0,0,38.01,0.1343,0.2864,81,4.993,2.98,7.55,51.97,1,1,0,0
PDF_02623,1,2,28.61,5,0,0,0,0.0,0.2795,0.2947,89,5.706,7.39,29.93,56.6,1,0,0,0
PDF_02624,0,1,24.86,1,1,0,0,0.0,0.2145,0.2957,43,5.27,0.0,25.5,53.94,1,1,0,0
PDF_02625,0,1,0.0,0,1,0,0,0.0,0.0742,0.1123,53,5.085,0.0,0.0,24.78,0,0,0,0
PDF_02626,2,2,3.34,1,0,0,0,0.0,0.0597,0.1751,82,5.276,4.91,0.0,5.26,0,1,0,0
PDF_02627,0,1,0.0,2,2,1,0,0.0,0.0,0.1196,27,4.329,0.0,0.0,1.63,0,0,0,0
PDF_02628,0,1,0.0,1,0,0,0,0.0,0.2407,0.2431,61,5.739,12.58,0.0,73.24,1,1,0,0
PDF_02629,0,1,33.88,2,5,0,0,30.97,0.1227,0.1878,134,5.91,25.38,39.49,29.46,0,1,0,0
PDF_02630,0,2,7.02,0,5,0,0,6.66,0.1328,0.3668,108,6.537,19.48,0.0,59.15,1,0,0,0
PDF_02631,2,1,0.0,3,0,0,0,0.0,0.0,0.0934,47,6.733,0.07,14.8,10.41,0,0,0,0
PDF_02632,0,2,21.07,2,3,1,0,16.53,0.0957,0.1432,79,5.437,0.0,4.42,2.68,0,1,0,0
PDF_02633,1,1,35.73,4,3,1,0,7.76,0.2364,0.4067,146,4.653,6.86,21.75,59.78,1,0,0,0
PDF_02634,1,1,31.88,5,2,0,0,14.59,0.1347,0.1145,159,5.947,15.5,11.06,17.87,0,1,0,0
PDF_02635,1,1,56.24,5,5,2,0,32.04,0.2746,0.3622,129,5.849,39.15,67.64,69.4,1,0,0,0
PDF_02636,0,2,25.1,0,4,1,0,0.0,0.0425,0.1036,55,4.96,2.18,0.45,4.96,0,1,0,0
PDF_02637,0,2,0.31,0,0,1,0,26.79,0.1106,0.006,89,6.109,0.0,2.81,1.75,0,1,0,0
PDF_02638,0,1,27.27,2,0,0,0,6.4,0.0958,0.0633,86,5.073,7.25,33.86,0.0,0,0,0,0
PDF_02639,0,2,1.49,0,0,1,0,0.0,0.2199,0.2986,153,5.767,35.37,4.18,54.29,1,0,0,0
PDF_02640,1,1,15.79,1,2,0,0,8.49,0.108,0.1297,124,5.046,22.86,18.68,9.22,0,0,0,0
PDF_02641,0,2,0.0,4,0,1,0,0.0,0.0,0.0598,68,4.857,0.0,0.0,17.63,0,0,0,0
PDF_02642,0,1,14.71,4,5,0,0,9.52,0.0924,0.1481,128,5.414,10.68,21.71,4.94,0,0,0,0
PDF_02643,0,1,9.34,0,0,1,0,2.35,0.0877,0.1625,87,4.517,9.89,1.29,4.27,0,0,0,0
PDF_02644,1,2,15.65,1,0,1,0,0.0,0.1542,0.1359,71,6.087,23.68,27.35,2.34,0,0,0,0
PDF_02645,2,1,28.82,0,6,1,0,15.03,0.0971,0.1282,71,6.555,18.91,13.26,8.15,0,0,0,0
PDF_02646,0,1,6.94,0,1,1,0,0.0,0.1374,0.1832,66,4.814,0.0,11.46,0.0,0,0,0,0
PDF_02647,0,2,5.5,2,5,0,0,0.0,0.1107,0.0761,121,5.937,1.83,27.38,12.89,0,0,0,0
PDF_02648,0,2,4.22,0,0,0,0,1.71,0.101,0.2846,94,5.411,0.0,0.0,53.51,1,1,0,0
PDF_02649,0,1,6.9,0,5,0,0,6.01,0.0816,0.1993,70,5.44,10.29,0.0,16.58,0,0,0,0
PDF_02650,0,2,22.7,0,0,1,0,26.5,0.0713,0.1154,106,6.594,17.85,62.53,21.23,0,0,0,0
PDF_02651,1,1,16.34,2,2,0,0,13.17,0.0627,0.1248,94,4.981,3.1,2.58,10.33,0,1,0,0
PDF_02652,0,2,0.0,2,3,0,0,0.0,0.1222,0.2787,63,5.74,0.0,0.0,67.29,1,0,0,0
PDF_02653,1,1,16.57,0,1,0,0,0.0,0.0649,0.0677,141,4.809,17.78,7.7,13.38,0,0,0,0
PDF_02654,1,1,0.0,2,0,0,0,0.0,0.0,0.0235,48,6.675,0.0,0.0,0.0,0,0,0,0
PDF_02655,0,1,4.07,0,0,0,0,0.0,0.0721,0.0829,61,5.651,18.24,4.02,11.54,0,0,0,0
PDF_02656,1,1,20.04,4,0,1,0,17.58,0.0713,0.1512,84,5.835,11.63,25.05,9.65,0,1,0,0
PDF_02657,1,1,2.34,0,0,0,0,8.69,0.017,0.1582,131,5.122,6.56,7.16,19.0,0,0,0,0
PDF_02658,0,1,0.0,3,0,0,1,0.0,0.0218,0.0312,20,4.995,0.0,0.0,2.16,0,1,0,0
PDF_02659,0,1,16.85,0,0,0,0,0.0,0.0858,0.1125,78,5.344,0.0,0.21,21.09,0,0,0,0
PDF_02660,1,1,0.0,0,0,1,0,3.42,0.0507,0.1027,50,4.656,0.0,0.0,8.17,0,0,0,0
PDF_02661,0,1,0.0,4,1,0,0,0.0,0.1248,0.2442,39,6.544,1.92,0.0,58.84,1,0,0,0
PDF_02662,2,2,55.56,6,5,1,0,40.42,0.2946,0.4215,142,6.471,59.07,38.84,79.46,1,1,0,0
PDF_02663,1,2,30.0,0,2,1,0,26.57,0.1828,0.3635,137,4.566,11.65,23.02,49.5,1,1,0,0
PDF_02664,1,1,24.95,4,5,1,0,17.56,0.1926,0.1405,111,5.906,55.04,30.82,17.55,0,1,0,0
PDF_02665,0,1,20.08,5,1,1,0,10.86,0.2514,0.224,134,5.645,21.95,32.74,71.35,1,0,0,0
PDF_02666,4,1,55.61,8,4,0,0,13.02,0.1875,0.1919,131,6.216,29.5,36.61,28.34,0,0,0,0
PDF_02667,1,1,30.25,1,3,0,0,14.43,0.1923,0.2122,104,5.581,11.82,21.81,11.11,0,1,0,0
PDF_02668,0,2,5.33,0,3,0,0,15.47,0.2025,0.3564,123,5.168,4.07,15.82,45.04,1,1,0,0
PDF_02669,1,1,20.56,4,1,1,0,7.1,0.073,0.1881,84,5.412,7.07,19.54,15.79,0,0,0,0
PDF_02670,0,1,7.89,2,2,0,0,0.0,0.1117,0.0962,84,5.688,0.0,11.3,25.86,0,0,0,0
PDF_02671,1,1,54.3,6,3,1,0,29.55,0.132,0.2299,77,4.356,51.96,42.72,16.29,0,0,0,0
PDF_02672,0,1,10.61,0,0,0,0,10.81,0.1031,0.2424,58,4.19,0.0,0.0,51.91,1,0,0,0
PDF_02673,0,1,0.0,0,1,1,0,0.0,0.0595,0.069,36,5.169,2.99,0.0,0.0,0,0,0,0
PDF_02674,0,1,18.1,4,2,0,0,3.2,0.1157,0.0308,93,5.864,9.61,0.0,0.0,0,0,0,0
PDF_02675,0,1,5.4,0,1,0,0,0.0,0.0164,0.1233,112,5.733,0.0,7.2,13.51,0,1,0,0
PDF_02676,0,1,0.0,0,1,0,0,0.0,0.0,0.1012,65,5.141,0.0,0.0,8.13,0,1,0,0
PDF_02677,1,1,11.14,0,0,0,0,0.0,0.1576,0.2828,22,4.986,12.35,0.0,61.67,1,0,0,0
PDF_02678,1,2,49.92,4,1,1,0,29.48,0.2335,0.4236,177,5.145,18.05,48.11,53.81,1,0,0,0
PDF_02679,2,2,15.04,2,1,0,0,0.0,0.0692,0.1255,77,5.151,0.0,8.38,21.0,0,0,0,0
PDF_02680,0,1,0.0,0,1,1,0,10.35,0.1752,0.3964,74,5.247,14.57,0.0,54.38,1,0,0,0
PDF_02681,1,1,2.35,1,1,0,0,3.59,0.0027,0.0,63,5.104,0.0,0.0,0.0,0,0,0,0
PDF_02682,1,2,69.56,5,2,0,0,20.13,0.2971,0.4626,183,5.922,36.51,56.38,68.61,1,0,0,0
PDF_02683,1,1,57.18,6,5,1,0,15.82,0.1958,0.3242,187,5.273,38.19,59.1,30.05,0,1,0,0
PDF_02684,0,1,0.0,0,2,0,0,14.81,0.0223,0.0,43,4.696,8.9,0.0,2.05,0,1,0,0
PDF_02685,1,1,0.0,0,1,0,0,0.0,0.0,0.0287,5,4.253,0.0,0.0,0.0,0,1,0,0
PDF_02686,1,2,0.0,1,0,1,0,0.0,0.0,0.0337,69,6.102,0.0,0.0,3.32,0,0,0,0
PDF_02687,0,1,22.04,1,1,2,0,21.05,0.2319,0.3218,165,5.838,33.63,27.76,65.62,1,0,0,0
PDF_02688,0,2,0.0,1,0,0,0,8.27,0.0155,0.0003,62,4.187,0.0,0.0,1.92,0,0,0,0
PDF_02689,0,1,0.0,4,0,0,0,0.0,0.0529,0.087,50,5.296,0.0,0.0,15.49,0,0,0,0
PDF_02690,0,1,17.71,0,1,0,0,7.75,0.1998,0.2994,84,4.673,17.88,2.65,54.74,1,1,0,0
PDF_02691,1,1,0.0,0,3,2,0,10.57,0.0,0.0197,77,5.114,0.0,0.0,0.0,0,1,0,0
PDF_02692,0,2,15.64,0,0,0,1,0.0,0.0447,0.0941,69,5.661,0.0,6.08,0.0,0,0,0,0
PDF_02693,1,1,0.0,4,1,1,0,0.0,0.2128,0.3719,143,5.749,0.0,2.0,45.7,1,0,0,0
PDF_02694,1,2,17.61,5,2,1,0,18.66,0.3192,0.3372,149,6.41,28.69,40.73,72.4,1,0,0,0
PDF_02695,0,1,3.34,0,2,0,0,0.0,0.0228,0.1079,87,4.894,1.88,1.82,9.54,0,0,0,0
PDF_02696,1,1,52.12,2,5,0,0,29.17,0.1958,0.1313,137,4.97,20.71,30.63,35.0,0,0,0,0
PDF_02697,0,1,15.54,3,1,0,0,13.82,0.052,0.1768,90,5.848,22.95,11.42,34.64,0,0,0,0
PDF_02698,0,1,8.15,4,0,0,0,0.0,0.1734,0.398,170,5.861,0.0,5.03,80.71,1,0,0,0
PDF_02699,0,3,12.55,7,0,0,0,0.0,0.1538,0.2442,120,5.02,0.0,7.14,34.56,1,0,0,0
PDF_02700,0,1,0.0,1,0,0,0,0.0,0.1746,0.2949,61,5.312,0.22,0.0,51.27,1,0,0,0
PDF_02701,0,2,17.52,2,5,1,0,18.06,0.0136,0.108,81,5.526,0.0,20.41,17.83,0,1,0,0
PDF_02702,1,2,17.4,0,0,0,0,15.97,0.0077,0.0529,89,3.805,22.82,10.78,1.9,0,0,0,0
PDF_02703,0,1,4.79,1,0,1,0,0.0,0.0596,0.0969,56,5.701,5.1,0.0,15.47,0,1,0,0
PDF_02704,0,2,30.39,1,0,1,0,24.36,0.0339,0.1297,141,6.144,20.57,30.54,12.06,0,1,0,0
PDF_02705,1,1,3.4,0,2,0,0,5.0,0.1444,0.3162,155,5.59,15.8,8.86,50.21,1,0,0,0
PDF_02706,1,1,0.0,0,3,1,0,0.0,0.0021,0.0584,34,5.188,0.0,0.0,0.0,0,0,0,0
PDF_02707,1,2,16.63,2,0,0,0,0.0,0.1765,0.2602,83,5.871,0.0,0.0,51.01,1,0,0,0
PDF_02708,1,2,0.0,1,0,0,0,17.39,0.147,0.337,62,6.121,0.0,0.0,52.04,1,0,0,0
PDF_02709,1,1,0.0,1,3,0,0,8.06,0.1443,0.2879,115,4.313,0.14,12.86,66.09,1,0,0,0
PDF_02710,0,2,35.32,1,4,1,0,23.32,0.0711,0.1045,152,6.463,45.15,20.68,28.3,0,1,0,0
PDF_02711,1,2,46.22,8,1,0,0,38.89,0.1563,0.1343,125,5.272,64.08,71.88,22.49,0,1,0,0
PDF_02712,1,2,8.18,0,2,0,0,19.05,0.0776,0.0884,53,4.524,17.91,0.0,21.09,0,0,0,0
PDF_02713,0,3,20.33,3,2,0,0,3.72,0.1539,0.1915,95,5.435,23.14,18.36,7.04,0,1,0,0
PDF_02714,0,1,24.32,4,2,0,0,26.38,0.1038,0.2183,126,6.047,18.8,20.71,12.79,0,0,0,0
PDF_02715,0,2,10.77,0,0,0,0,26.08,0.0133,0.1561,95,7.019,17.25,0.0,0.0,0,1,0,0
PDF_02716,0,2,12.76,1,2,0,0,12.94,0.1757,0.3003,124,4.798,10.71,7.33,72.01,1,0,0,0
PDF_02717,0,1,0.0,0,0,0,0,16.2,0.1277,0.0968,61,4.454,4.81,27.53,4.85,0,0,0,0
PDF_02718,1,2,37.75,2,0,0,0,25.02,0.0325,0.0783,70,5.45,7.63,36.05,14.41,0,1,0,0
PDF_02719,1,1,12.95,5,1,1,0,11.81,0.1614,0.1361,157,5.956,42.15,64.37,25.16,0,0,0,0
PDF_02720,0,1,8.18,0,1,0,0,12.0,0.0599,0.0977,82,5.465,0.0,0.0,9.44,0,0,0,0
PDF_02721,1,1,1.05,0,4,0,0,0.0,0.0495,0.198,52,5.594,23.44,8.31,0.0,0,0,0,0
PDF_02722,0,1,17.72,0,0,1,0,0.0,0.0479,0.0719,47,5.23,0.0,0.0,25.94,0,0,0,0
PDF_02723,1,2,26.21,0,2,0,0,21.31,0.2747,0.377,76,5.264,14.5,24.51,67.76,1,0,0,0
PDF_02724,0,2,30.59,3,1,0,1,0.0,0.1435,0.1003,61,4.829,17.98,12.25,5.06,0,0,0,0
PDF_02725,0,1,42.52,0,1,1,0,20.81,0.1404,0.2361,111,6.079,28.4,38.88,22.13,0,0,0,0
PDF_02726,1,2,2.81,2,6,0,0,10.95,0.1139,0.1142,140,6.169,26.92,19.93,13.39,0,1,0,0
PDF_02727,1,1,0.0,1,2,0,0,8.41,0.0,0.0474,60,5.409,5.41,8.26,0.0,0,0,0,0
PDF_02728,0,2,0.0,2,0,0,0,0.0,0.1152,0.2214,87,5.689,0.0,0.59,66.28,1,0,0,0
PDF_02729,2,2,12.11,1,0,0,0,0.0,0.1425,0.3579,100,5.76,18.16,1.83,55.45,1,0,0,0
PDF_02730,0,2,19.26,0,2,1,0,0.0,0.1312,0.1452,69,5.707,13.14,5.07,22.59,0,0,0,0
PDF_02731,0,1,0.0,1,0,1,0,19.38,0.0743,0.0577,73,5.64,13.98,2.9,0.0,0,0,0,0
PDF_02732,1,2,0.66,0,0,1,0,0.0,0.0706,0.1191,90,4.774,25.14,12.74,8.12,0,0,0,0
PDF_02733,1,1,26.63,0,3,0,0,36.51,0.1999,0.3376,93,5.556,16.57,42.75,35.39,1,0,0,0
PDF_02734,0,1,7.42,0,0,1,0,16.7,0.1635,0.0722,90,6.201,5.28,0.0,8.48,0,1,0,0
PDF_02735,0,1,0.0,1,1,0,0,0.0,0.1476,0.2429,40,4.482,0.0,0.0,32.39,1,1,0,0
PDF_02736,1,3,52.6,5,3,2,0,15.31,0.1399,0.1735,150,5.915,11.5,29.43,27.11,0,1,0,0
PDF_02737,0,2,0.0,5,2,0,0,0.0,0.0358,0.0591,59,5.721,0.0,0.0,0.0,0,0,0,0
PDF_02738,0,1,0.0,2,2,1,0,0.0,0.036,0.0482,9,5.892,0.0,0.0,0.0,0,0,0,0
PDF_02739,0,2,21.72,0,0,0,0,0.0,0.0604,0.1068,75,4.811,6.67,0.0,5.45,0,0,0,0
PDF_02740,1,1,0.0,0,4,0,0,0.0,0.018,0.1418,104,5.458,2.73,0.0,4.01,0,0,0,0
PDF_02741,0,1,0.0,0,2,0,0,0.0,0.153,0.2531,138,6.048,0.0,20.16,61.99,1,0,0,0
PDF_02742,0,1,24.24,1,0,0,0,19.28,0.1231,0.1719,97,6.087,4.09,25.6,12.69,0,0,0,0
PDF_02743,0,2,51.78,3,5,0,0,3.38,0.1494,0.1682,88,5.694,35.54,39.66,0.0,0,0,0,0
PDF_02744,1,1,3.01,0,2,1,0,0.0,0.0683,0.0608,91,5.239,0.0,6.24,9.82,0,0,0,0
PDF_02745,0,1,0.0,1,0,1,0,0.0,0.1418,0.3263,64,5.03,0.0,0.0,71.3,1,0,0,0
PDF_02746,0,1,23.51,0,0,1,0,0.0,0.1134,0.1177,50,5.141,19.51,7.44,0.0,0,1,0,0
PDF_02747,1,1,3.15,0,3,1,0,6.25,0.0589,0.0751,68,4.923,0.0,0.0,0.0,0,1,0,0
PDF_02748,0,1,0.84,0,0,0,0,0.0,0.2052,0.3633,122,4.824,21.48,19.73,60.03,1,0,0,0
PDF_02749,0,2,0.0,0,2,0,0,0.0,0.017,0.0,28,5.008,0.0,0.0,0.0,0,0,0,0
PDF_02750,0,1,11.0,0,0,0,0,26.12,0.1616,0.3124,69,4.202,1.29,2.58,59.9,1,0,0,0
PDF_02751,1,1,21.32,5,0,0,0,0.0,0.0791,0.1487,48,4.388,0.0,0.0,11.46,0,0,0,0
PDF_02752,0,1,18.33,0,4,1,0,7.29,0.2487,0.3597,143,6.08,13.43,32.45,69.21,1,0,0,0
PDF_02753,2,1,29.78,6,2,0,0,16.0,0.1633,0.2161,174,6.465,28.98,37.85,5.29,0,0,0,0
PDF_02754,0,1,27.77,0,3,0,0,0.0,0.1261,0.3171,89,5.642,18.53,15.81,62.55,1,0,0,0
PDF_02755,0,1,0.0,1,0,1,0,0.0,0.0177,0.0689,30,5.421,4.32,0.0,0.0,0,1,0,0
PDF_02756,1,1,14.74,1,3,1,0,13.81,0.1733,0.3599,69,6.126,10.82,8.05,49.21,1,0,0,0
PDF_02757,0,1,0.0,0,0,1,0,0.0,0.0932,0.0747,20,4.993,18.19,0.0,0.0,0,0,0,0
PDF_02758,0,2,0.0,4,0,0,0,5.55,0.0801,0.3422,90,4.606,0.0,0.0,41.76,1,1,0,0
PDF_02759,1,2,61.13,6,0,0,0,26.69,0.1482,0.2928,132,5.231,39.95,68.35,11.08,0,0,0,0
PDF_02760,0,1,27.96,0,5,0,0,1.4,0.1355,0.3947,159,5.86,0.0,28.61,55.61,1,0,0,0
PDF_02761,1,2,12.7,3,1,1,0,0.0,0.1014,0.1894,99,5.572,7.98,20.77,7.9,0,0,0,0
PDF_02762,0,1,0.0,2,0,0,0,0.0,0.0633,0.21,45,5.283,0.0,0.0,31.96,1,1,0,0
PDF_02763,0,1,0.0,3,4,0,0,0.0,0.0597,0.0849,42,5.303,0.0,0.0,12.53,0,0,0,0
PDF_02764,1,1,0.0,0,1,0,0,0.0,0.0832,0.3281,50,5.45,0.0,0.0,54.35,1,0,0,0
PDF_02765,1,1,38.85,6,0,0,0,3.43,0.167,0.1309,78,5.452,39.0,41.28,37.74,0,0,0,0
PDF_02766,0,1,0.0,0,0,0,0,0.0,0.1337,0.0335,91,5.991,12.04,27.5,10.91,0,0,0,0
PDF_02767,1,2,0.0,0,0,0,0,0.0,0.0679,0.1051,99,5.254,0.0,0.0,9.17,0,0,0,0
PDF_02768,0,1,0.0,1,2,1,0,0.0,0.1294,0.2298,5,5.314,0.0,0.0,32.19,1,1,0,0
PDF_02769,0,1,9.35,0,0,0,0,0.0,0.1682,0.4051,96,4.877,0.0,4.76,56.26,1,0,0,0
PDF_02770,0,1,0.0,4,0,2,0,0.0,0.1067,0.0582,58,4.617,7.9,0.0,10.44,0,1,0,0
PDF_02771,0,2,32.81,2,3,1,0,10.51,0.0919,0.1174,84,5.584,5.18,1.03,11.26,0,0,0,0
PDF_02772,0,1,3.57,1,3,1,0,3.32,0.1211,0.3204,69,5.853,7.66,0.0,37.23,1,0,0,0
PDF_02773,1,2,14.52,2,3,0,0,28.5,0.2085,0.3503,75,6.237,22.21,30.15,64.49,1,0,0,0
PDF_02774,0,1,1.13,0,1,0,0,0.0,0.139,0.105,74,4.979,0.0,0.0,12.17,0,0,0,0
PDF_02775,3,1,16.96,2,2,0,0,0.0,0.0628,0.1577,96,5.239,0.0,9.47,22.32,0,0,0,0
PDF_02776,0,1,6.43,0,0,0,0,6.18,0.1161,0.0564,109,6.262,0.0,47.78,17.24,0,0,0,0
PDF_02777,0,2,0.0,0,3,0,0,0.0,0.0155,0.1034,49,4.271,0.0,0.0,0.0,0,1,0,0
PDF_02778,0,2,0.81,2,0,0,0,3.41,0.0,0.0952,63,4.998,0.0,0.0,8.49,0,0,0,0
PDF_02779,1,2,26.86,1,2,0,0,26.29,0.2196,0.3623,138,5.554,10.36,31.43,46.26,1,1,0,0
PDF_02780,0,2,15.67,0,0,0,0,11.43,0.1215,0.362,49,4.614,0.0,0.0,62.5,1,1,0,0
PDF_02781,1,1,0.0,1,0,0,0,4.93,0.0,0.1466,49,4.785,10.89,0.0,0.0,0,0,0,0
PDF_02782,0,1,0.0,2,2,2,0,0.0,0.0,0.0366,68,4.666,0.0,0.0,0.0,0,0,0,0
PDF_02783,1,2,35.74,5,5,0,0,0.0,0.2139,0.3583,148,5.784,29.07,26.6,50.74,1,0,0,0
PDF_02784,0,1,41.51,0,0,0,0,0.99,0.1493,0.0763,101,5.787,0.87,49.21,23.66,0,0,0,0
PDF_02785,0,1,9.97,0,4,1,0,2.08,0.0486,0.0638,93,6.078,0.0,10.1,0.72,0,0,0,0
PDF_02786,0,1,32.54,1,0,1,0,0.0,0.1193,0.0967,76,5.297,0.0,33.06,11.71,0,0,0,0
PDF_02787,1,1,0.0,0,1,1,0,0.0,0.163,0.2961,134,4.837,0.0,9.78,56.35,1,0,0,0
PDF_02788,1,2,0.0,2,0,0,0,0.0,0.0,0.1281,11,5.558,0.0,0.0,0.0,0,0,0,0
PDF_02789,1,1,30.07,0,3,1,0,7.41,0.2062,0.3037,128,5.574,9.37,27.36,57.03,1,0,0,0
PDF_02790,0,1,0.0,0,0,0,0,11.34,0.0873,0.1067,66,6.821,0.0,8.85,2.63,0,0,0,0
PDF_02791,1,1,0.0,0,0,1,0,0.0,0.1124,0.3351,78,4.39,0.0,0.0,48.15,1,0,0,0
PDF_02792,1,1,17.01,1,1,0,0,37.42,0.2328,0.2217,90,6.365,18.56,0.21,65.0,1,1,0,0
PDF_02793,2,1,4.93,5,2,0,0,0.5,0.038,0.1278,35,5.136,0.0,0.43,7.02,0,1,0,0
PDF_02794,1,2,43.67,1,4,2,0,3.15,0.098,0.1682,115,5.593,27.27,45.99,30.25,0,0,0,0
PDF_02795,0,1,2.68,0,0,0,1,5.07,0.0,0.0438,54,5.845,7.78,0.0,5.59,0,1,0,0
PDF_02796,0,2,13.75,0,0,0,0,13.6,0.0042,0.0669,99,4.179,10.78,14.85,10.62,0,1,0,0
PDF_02797,2,2,15.2,2,0,1,0,19.41,0.1756,0.2754,139,5.32,22.28,14.18,43.09,1,1,0,0
PDF_02798,0,1,16.64,3,0,0,0,12.37,0.0559,0.1821,90,5.231,3.9,30.29,0.0,0,0,0,0
PDF_02799,0,2,16.66,0,2,0,0,5.44,0.1591,0.2778,140,5.957,19.21,35.79,59.53,1,1,0,0
PDF_02800,2,2,14.92,0,0,0,0,16.09,0.0268,0.061,50,5.291,5.05,0.49,17.53,0,1,0,0
PDF_02801,2,1,24.59,5,1,0,0,0.0,0.1054,0.1876,120,5.232,1.84,14.62,12.15,0,0,0,0
PDF_02802,1,1,10.66,0,1,0,0,5.44,0.1974,0.2963,83,4.865,0.0,8.74,62.64,1,0,0,0
PDF_02803,0,1,0.0,3,0,1,0,0.0,0.0532,0.2694,35,6.391,0.0,4.03,44.56,1,0,0,0
PDF_02804,2,1,27.62,4,4,0,0,12.43,0.17,0.4028,129,4.922,0.0,33.95,56.83,1,0,0,0
PDF_02805,0,1,0.0,2,1,1,0,0.0,0.0303,0.1001,8,5.46,0.0,0.0,10.96,0,0,0,0
PDF_02806,0,2,43.33,1,0,1,0,45.79,0.2106,0.2084,143,5.448,30.64,56.73,41.89,0,0,0,0
PDF_02807,1,2,0.0,3,0,0,0,0.0,0.0,0.1141,75,5.501,0.0,0.0,2.81,0,0,0,0
PDF_02808,1,1,42.59,4,5,0,0,36.04,0.0608,0.1878,110,5.179,37.45,50.54,0.0,0,0,0,0
PDF_02809,0,1,8.99,3,3,0,0,0.0,0.1269,0.0896,90,5.959,0.0,29.2,2.58,0,0,0,0
PDF_02810,0,1,0.0,0,0,0,0,6.56,0.0398,0.0823,89,5.501,0.0,12.38,9.16,0,0,0,0
PDF_02811,2,1,32.13,1,0,0,0,7.62,0.2337,0.3556,124,6.089,32.19,30.99,67.25,1,1,0,0
PDF_02812,0,1,14.14,0,0,0,0,0.0,0.1578,0.3248,61,4.341,0.08,0.0,55.7,1,0,0,0
PDF_02813,0,2,0.0,1,3,0,0,0.0,0.0858,0.2052,84,5.55,0.0,5.42,11.79,0,1,0,0
PDF_02814,0,1,20.81,4,0,0,0,0.0,0.0995,0.3708,93,5.296,6.58,0.0,37.37,1,0,0,0
PDF_02815,1,1,42.81,1,2,0,1,5.36,0.0846,0.1853,101,5.556,25.14,38.67,40.98,0,0,0,0
PDF_02816,1,1,16.17,2,1,0,0,7.74,0.1411,0.2956,117,4.737,0.0,10.55,54.74,1,0,0,0
PDF_02817,1,1,20.44,2,0,0,0,0.0,0.1194,0.1348,100,5.347,8.92,11.61,4.7,0,0,0,0
PDF_02818,0,1,0.0,0,5,1,0,0.0,0.0328,0.0712,90,6.016,0.0,0.0,14.37,0,0,0,0
PDF_02819,1,2,0.0,1,0,0,0,3.43,0.1205,0.2788,103,4.664,0.0,28.96,41.96,1,1,0,0
PDF_02820,0,1,0.0,3,0,1,0,0.0,0.1899,0.2987,67,3.59,0.0,0.0,49.01,1,0,0,0
PDF_02821,1,1,67.55,2,5,1,0,38.36,0.2746,0.3262,130,6.217,27.91,39.32,73.37,1,0,0,0
PDF_02822,0,1,14.74,0,0,0,0,4.24,0.1899,0.1011,81,4.686,12.77,10.98,13.33,0,0,0,0
PDF_02823,1,1,11.66,2,2,0,0,16.47,0.1211,0.1275,70,5.424,11.39,11.69,21.33,0,0,0,0
PDF_02824,1,2,17.4,1,4,0,0,0.0,0.055,0.1128,108,5.002,1.28,1.93,21.42,0,1,0,0
PDF_02825,0,1,16.52,3,0,0,0,8.08,0.0478,0.1157,111,5.777,0.0,22.76,9.89,0,0,0,0
PDF_02826,1,1,0.0,1,2,1,0,0.0,0.0762,0.1088,79,4.676,0.0,6.93,3.25,0,0,0,0
PDF_02827,0,1,8.1,1,2,1,0,0.0,0.0447,0.1138,86,4.628,0.0,0.0,2.34,0,0,0,0
PDF_02828,1,1,4.87,4,0,1,0,15.07,0.0814,0.1992,95,4.237,6.77,2.03,20.15,0,0,0,0
PDF_02829,0,1,27.56,0,2,0,0,2.57,0.1485,0.06,107,6.636,16.14,31.33,14.41,0,0,0,0
PDF_02830,0,1,11.61,1,6,0,0,19.05,0.0817,0.1375,97,5.869,2.93,32.8,7.46,0,0,0,0
PDF_02831,0,2,0.0,0,2,1,0,13.13,0.0,0.131,84,4.897,0.0,3.11,17.7,0,1,0,0
PDF_02832,1,1,6.43,0,2,0,0,6.48,0.0792,0.1091,101,4.572,7.6,23.12,2.41,0,1,0,0
PDF_02833,1,1,0.0,3,1,0,0,6.98,0.0,0.091,58,4.549,0.0,14.39,2.79,0,0,0,0
PDF_02834,0,1,46.74,5,4,1,0,19.59,0.1191,0.259,98,6.123,27.4,77.87,33.54,0,0,0,0
PDF_02835,1,2,9.2,4,0,0,0,6.01,0.158,0.2918,84,5.757,1.16,0.0,47.01,1,1,0,0
PDF_02836,0,1,0.0,0,0,2,0,2.71,0.1054,0.3608,114,4.793,0.0,0.0,48.44,1,0,0,0
PDF_02837,0,1,14.46,2,0,0,0,0.0,0.2423,0.4258,116,5.331,10.57,21.84,54.53,1,1,0,0
PDF_02838,0,1,15.31,1,0,0,0,0.38,0.1847,0.2967,141,4.946,13.35,5.09,39.43,1,0,0,0
PDF_02839,0,1,23.03,0,1,0,0,0.0,0.1202,0.2305,80,4.205,20.3,21.24,25.99,0,0,0,0
PDF_02840,2,3,43.38,1,6,1,0,32.48,0.167,0.1262,104,5.362,20.07,28.11,22.96,0,1,0,0
PDF_02841,0,1,9.05,4,1,0,0,0.0,0.0341,0.0699,74,5.234,7.89,2.52,0.0,0,0,0,0
PDF_02842,1,1,20.46,4,3,0,0,21.45,0.2029,0.4043,137,4.571,28.07,35.09,68.11,1,1,0,0
PDF_02843,0,1,19.63,1,1,0,0,0.0,0.1105,0.1256,89,5.105,3.56,7.19,3.75,0,0,0,0
PDF_02844,1,2,0.0,0,1,0,0,0.0,0.014,0.056,14,4.906,0.0,2.65,35.97,0,1,0,0
PDF_02845,1,2,0.0,0,0,0,0,0.0,0.0122,0.1875,75,3.873,0.0,0.06,0.0,0,1,0,0
PDF_02846,1,2,14.2,8,3,0,0,0.0,0.011,0.1303,83,4.335,5.28,6.11,0.0,0,0,0,0
PDF_02847,0,1,0.0,3,1,0,0,0.0,0.0,0.0911,40,5.355,0.0,0.0,0.0,0,0,0,0
PDF_02848,0,1,6.43,2,0,0,0,0.0,0.0722,0.1249,119,5.003,0.0,3.4,0.0,0,0,0,0
PDF_02849,1,2,35.4,7,1,0,0,8.72,0.205,0.2034,132,5.103,12.17,44.19,11.47,0,1,0,0
PDF_02850,2,1,0.59,0,4,0,0,9.18,0.0743,0.324,75,5.88,0.0,0.0,50.59,1,0,0,0
PDF_02851,0,1,0.0,0,0,0,0,8.37,0.0,0.0921,55,4.573,0.0,0.0,0.0,0,0,0,0
PDF_02852,1,1,36.13,5,1,0,0,28.17,0.0814,0.1802,94,6.022,26.47,27.08,8.01,0,1,0,0
PDF_02853,1,3,51.11,4,4,1,0,0.89,0.2778,0.4033,135,5.402,18.3,1.33,71.59,1,0,0,0
PDF_02854,0,2,3.97,1,0,1,0,23.18,0.0418,0.0884,74,5.633,2.42,5.75,8.3,0,1,0,0
PDF_02855,0,1,0.0,0,2,1,0,0.0,0.1308,0.3496,70,4.612,0.38,0.0,40.27,1,0,0,0
PDF_02856,1,1,13.86,0,0,1,0,0.0,0.0597,0.0995,42,5.671,16.82,10.61,22.78,0,0,0,0
PDF_02857,0,1,11.07,3,0,0,0,22.74,0.0344,0.1141,97,4.829,4.8,9.38,0.0,0,0,0,0
PDF_02858,2,2,54.92,5,6,1,0,13.94,0.1485,0.1592,117,5.326,28.16,46.93,25.95,0,0,0,0
PDF_02859,0,2,44.98,3,4,1,0,1.73,0.0726,0.2165,141,5.943,27.6,16.15,9.84,0,0,0,0
PDF_02860,0,2,0.0,0,0,1,0,0.0,0.0899,0.2564,108,4.619,0.0,0.0,55.17,1,0,0,0
PDF_02861,1,1,41.22,6,2,1,0,7.17,0.2502,0.3915,129,6.225,20.36,18.73,71.7,1,1,0,0
PDF_02862,2,2,34.22,4,4,1,0,28.23,0.2415,0.1597,97,5.621,30.21,43.15,29.12,0,0,0,0
PDF_02863,0,2,0.0,0,1,0,0,2.0,0.1083,0.1489,88,6.166,23.4,8.29,29.64,0,0,0,0
PDF_02864,0,1,0.0,2,0,0,0,0.0,0.0,0.1055,80,5.104,0.0,0.0,0.0,0,0,0,0
PDF_02865,0,2,50.01,5,5,1,0,31.01,0.1861,0.2155,123,5.555,29.53,35.33,19.28,0,1,0,0
PDF_02866,0,1,8.32,0,0,0,0,5.83,0.1788,0.3444,97,5.747,15.73,0.0,52.59,1,0,0,0
PDF_02867,1,1,0.0,0,3,1,0,13.73,0.0,0.098,26,4.708,0.0,5.15,0.0,0,0,0,0
PDF_02868,1,2,57.74,8,5,1,0,24.66,0.2061,0.2269,134,5.359,60.98,36.82,41.07,0,0,0,0
PDF_02869,0,1,0.0,3,0,0,0,10.37,0.0509,0.1745,63,4.916,0.0,0.0,10.73,0,0,0,0
PDF_02870,1,2,37.55,2,2,0,0,19.68,0.2644,0.2985,113,4.554,31.36,22.14,71.54,1,0,0,0
PDF_02871,0,2,28.43,5,0,0,0,18.16,0.1448,0.1151,113,6.496,42.83,27.37,26.93,0,0,0,0
PDF_02872,0,2,0.0,1,3,0,0,0.0,0.1194,0.3114,48,4.86,0.0,0.0,34.66,1,1,0,0
PDF_02873,0,2,0.0,4,1,1,0,7.09,0.1174,0.0702,146,5.485,19.48,15.77,27.62,0,0,0,0
PDF_02874,1,3,15.62,3,0,1,0,1.74,0.0116,0.0865,74,5.309,12.79,17.47,17.8,0,0,0,0
PDF_02875,1,2,19.5,5,1,0,0,17.74,0.0678,0.0807,107,5.665,49.7,51.77,14.32,0,0,0,0
PDF_02876,1,2,29.37,7,1,0,0,32.08,0.2738,0.3833,67,5.153,27.05,25.0,79.15,1,0,0,0
PDF_02877,1,1,0.0,1,1,1,1,0.0,0.0492,0.2564,64,5.319,0.0,5.91,27.52,1,0,0,0
PDF_02878,0,1,0.0,1,0,1,1,0.0,0.0362,0.1166,40,5.425,0.0,0.0,4.24,0,1,0,0
PDF_02879,1,1,0.0,3,3,0,0,0.0,0.0,0.0,40,5.387,17.81,15.44,0.0,0,1,0,0
PDF_02880,1,2,0.0,0,2,1,0,0.0,0.0,0.0895,49,4.908,0.0,0.0,2.4,0,0,0,0
PDF_02881,2,1,33.15,1,1,0,0,5.39,0.1994,0.1953,132,4.445,25.25,27.56,17.21,0,1,0,0
PDF_02882,1,1,0.31,0,1,0,0,0.0,0.1453,0.2384,79,6.359,0.0,24.48,48.07,1,1,0,0
PDF_02883,0,1,0.0,3,1,1,0,4.34,0.0528,0.0978,106,6.168,0.0,18.16,10.17,0,0,0,0
PDF_02884,0,1,0.34,2,2,0,0,11.23,0.0314,0.1405,77,4.914,1.16,9.07,9.48,0,1,0,0
PDF_02885,0,1,13.99,3,0,0,0,20.67,0.1112,0.1368,84,4.354,32.21,19.12,2.09,0,1,0,0
PDF_02886,1,2,8.62,3,0,0,0,0.0,0.0286,0.0991,82,4.144,5.24,0.0,5.82,0,0,0,0
PDF_02887,0,1,0.0,0,0,0,0,0.0,0.0,0.1261,35,5.834,0.0,9.13,5.58,0,0,0,0
PDF_02888,0,1,32.08,0,0,0,0,13.14,0.2045,0.2881,92,5.678,22.4,16.29,43.98,1,0,0,0
PDF_02889,0,3,0.16,0,4,1,0,5.4,0.1775,0.2685,104,5.55,0.0,25.03,59.8,1,0,0,0
PDF_02890,0,2,34.48,0,2,0,0,0.0,0.254,0.1967,107,5.692,11.25,37.08,46.75,1,0,0,0
PDF_02891,1,2,18.59,0,0,0,1,0.0,0.1138,0.0954,93,5.34,6.61,13.32,14.65,0,0,0,0
PDF_02892,2,2,25.4,1,0,0,0,25.18,0.1232,0.095,112,4.951,33.27,13.14,10.73,0,0,0,0
PDF_02893,1,1,14.58,1,1,1,0,4.38,0.0693,0.106,93,6.439,17.62,15.07,28.54,0,1,0,0
PDF_02894,0,1,0.0,0,0,1,0,5.48,0.0361,0.1388,64,5.285,1.48,6.56,23.36,0,1,0,0
PDF_02895,0,1,0.0,1,1,0,0,0.0,0.0337,0.3272,103,5.533,0.0,0.0,37.87,1,0,0,0
PDF_02896,0,1,15.72,0,0,1,0,3.13,0.1641,0.3515,76,5.404,8.4,0.0,60.93,1,1,0,0
PDF_02897,0,1,30.15,2,4,0,0,13.49,0.1489,0.1747,47,5.59,4.19,40.94,12.35,0,0,0,0
PDF_02898,1,2,33.48,0,4,0,0,34.38,0.1792,0.1985,116,6.834,35.33,37.17,26.07,0,1,0,0
PDF_02899,0,1,22.48,2,4,0,0,21.73,0.0857,0.1509,82,5.583,5.63,13.43,11.25,0,1,0,0
PDF_02900,0,1,0.0,0,2,0,0,0.0,0.0684,0.0442,7,4.56,0.0,0.0,0.0,0,1,0,0
PDF_02901,1,1,12.94,0,0,0,0,2.21,0.2173,0.3132,116,5.263,16.43,18.82,54.5,1,0,0,0
PDF_02902,1,1,51.65,5,2,0,0,7.58,0.1375,0.1401,98,6.181,0.0,45.77,15.0,0,0,0,0
PDF_02903,1,1,16.55,3,0,0,0,31.5,0.0811,0.0147,109,5.221,0.73,35.44,0.89,0,1,0,0
PDF_02904,0,2,1.92,0,0,1,0,17.7,0.1275,0.0976,119,4.824,0.0,9.36,9.48,0,0,0,0
PDF_02905,1,1,20.45,1,5,0,0,16.32,0.0988,0.1076,109,4.799,9.66,0.0,9.07,0,1,0,0
PDF_02906,0,1,16.16,2,2,0,0,14.02,0.0857,0.1145,54,5.277,16.26,0.0,0.45,0,1,0,0
PDF_02907,1,2,12.62,0,0,0,0,10.67,0.0132,0.2213,62,5.909,0.0,9.43,14.34,0,0,0,0
PDF_02908,1,1,31.43,2,0,2,0,23.06,0.122,0.1597,76,4.955,8.21,32.81,11.13,0,0,0,0
PDF_02909,0,1,0.0,5,1,1,0,0.0,0.0562,0.1512,55,4.715,13.02,0.0,13.9,0,0,0,0
PDF_02910,0,2,0.0,3,0,0,0,0.0,0.0161,0.0664,85,5.26,0.0,10.63,2.25,0,1,0,0
PDF_02911,0,2,14.79,0,0,0,0,26.48,0.1097,0.1631,94,5.005,0.0,15.89,29.28,0,1,0,0
PDF_02912,0,1,33.28,0,0,0,0,11.98,0.093,0.093,102,5.168,13.51,0.0,3.02,0,0,0,0
PDF_02913,0,1,39.66,0,2,0,0,3.64,0.1243,0.1938,101,5.39,34.74,39.24,1.16,0,0,0,0
PDF_02914,1,1,56.14,4,1,3,1,18.1,0.2209,0.1992,156,4.601,24.19,46.42,21.2,0,0,0,0
PDF_02915,1,1,19.32,1,4,1,0,22.52,0.1195,0.1142,60,5.772,4.88,11.06,3.83,0,0,0,0
PDF_02916,0,1,0.0,0,1,0,0,0.0,0.1195,0.0522,78,4.474,0.0,0.0,0.45,0,0,0,0
PDF_02917,1,1,13.98,2,0,0,0,2.39,0.0929,0.1194,63,5.785,15.61,13.6,10.8,0,0,0,0
PDF_02918,0,2,14.23,0,1,0,0,0.0,0.1918,0.2904,100,4.985,2.75,0.0,57.16,1,0,0,0
PDF_02919,2,1,53.15,3,3,1,0,1.59,0.1441,0.1103,132,6.508,40.55,51.32,14.32,0,1,0,0
PDF_02920,0,1,1.49,1,0,0,0,0.0,0.0975,0.3013,73,6.574,0.0,13.22,54.45,1,0,0,0
PDF_02921,0,1,17.7,1,1,0,0,0.0,0.1847,0.252,85,5.688,14.25,4.47,53.59,1,1,0,0
PDF_02922,1,1,0.0,2,2,1,0,5.33,0.1,0.2265,85,4.577,0.71,15.52,50.4,1,0,0,0
PDF_02923,0,1,39.72,0,0,1,0,0.0,0.2771,0.4588,105,5.579,5.5,13.51,68.13,1,0,0,0
PDF_02924,1,2,76.36,2,3,1,0,52.85,0.1626,0.1197,140,5.859,39.08,56.02,21.63,0,1,0,0
PDF_02925,1,2,0.0,1,0,0,0,0.0,0.0195,0.1365,85,5.638,11.21,0.0,15.54,0,0,0,0
PDF_02926,1,1,19.5,0,3,0,0,0.0,0.1077,0.1802,104,6.466,23.13,21.38,17.58,0,0,0,0
PDF_02927,0,2,0.64,2,0,0,0,22.99,0.1329,0.2469,58,5.086,0.0,0.0,41.15,1,1,0,0
PDF_02928,1,1,14.12,0,0,1,0,33.96,0.1839,0.1669,100,5.956,0.0,31.84,27.21,0,0,0,0
PDF_02929,0,1,16.72,1,1,0,0,0.0,0.245,0.4232,103,5.429,0.0,0.0,26.27,1,0,0,0
PDF_02930,2,1,25.31,0,2,1,0,10.42,0.0442,0.0936,91,5.481,12.07,25.13,6.45,0,0,0,0
PDF_02931,0,1,0.0,0,0,0,0,0.0,0.118,0.3723,42,5.396,0.0,0.33,43.3,1,0,0,0
PDF_02932,2,1,18.7,5,0,1,0,11.62,0.1044,0.1798,114,5.331,11.14,11.12,21.27,0,0,0,0
PDF_02933,0,2,0.64,1,1,0,0,0.0,0.0537,0.1206,64,3.242,5.18,0.0,0.0,0,0,0,0
PDF_02934,0,1,0.0,2,0,0,0,0.0,0.0336,0.1243,47,5.253,15.23,0.0,18.91,0,0,0,0
PDF_02935,0,2,13.74,0,0,1,0,0.0,0.0414,0.1029,112,5.092,1.44,9.11,8.56,0,0,0,0
PDF_02936,0,1,21.71,2,0,0,0,3.7,0.1172,0.1405,87,6.383,33.34,34.62,2.58,0,0,0,0
PDF_02937,0,1,0.0,0,2,0,0,0.0,0.106,0.276,49,4.711,0.0,0.0,31.89,1,0,0,0
PDF_02938,0,1,14.62,0,4,0,0,13.98,0.1286,0.2478,99,5.133,15.42,0.0,28.94,1,0,0,0
PDF_02939,1,1,34.17,6,4,1,0,6.21,0.1941,0.1465,115,5.831,36.75,45.95,25.43,0,0,0,0
PDF_02940,0,3,1.3,0,0,1,0,3.53,0.0415,0.2107,50,5.145,14.62,9.33,2.74,0,0,0,0
PDF_02941,0,1,22.47,0,1,0,0,22.87,0.1627,0.1876,123,4.678,25.11,14.92,0.0,0,1,0,0
PDF_02942,0,1,16.07,1,4,0,0,0.0,0.0341,0.1337,84,4.474,0.0,19.8,9.18,0,0,0,0
PDF_02943,1,1,58.3,4,5,0,0,35.91,0.1138,0.1886,166,4.771,32.4,42.06,29.7,0,1,0,0
PDF_02944,1,2,33.53,6,6,1,0,29.59,0.1722,0.1559,178,5.728,34.61,61.35,22.38,0,0,0,0
PDF_02945,0,1,0.0,3,0,0,0,8.41,0.0,0.1106,66,3.849,0.0,0.0,0.68,0,1,0,0
PDF_02946,0,2,13.0,0,1,0,0,18.38,0.0546,0.1019,94,6.317,1.74,2.72,0.0,0,1,0,0
PDF_02947,0,2,0.0,0,2,0,0,0.0,0.0688,0.0987,10,5.221,0.0,11.33,1.3,0,1,0,0
PDF_02948,0,1,0.0,2,3,1,0,4.25,0.0653,0.102,56,3.948,17.09,0.0,3.96,0,1,0,0
PDF_02949,0,1,0.0,0,0,0,0,5.56,0.1711,0.2456,41,4.764,0.0,0.0,43.43,1,0,0,0
PDF_02950,2,1,25.19,2,1,0,0,0.0,0.023,0.1171,89,5.706,39.48,15.29,29.19,0,0,0,0
PDF_02951,0,2,0.0,0,1,0,0,0.0,0.0086,0.1412,54,4.982,2.26,0.0,0.0,0,0,0,0
PDF_02952,0,1,16.56,0,0,1,0,18.0,0.0569,0.1177,94,5.361,4.78,12.83,8.83,0,1,0,0
PDF_02953,0,2,0.0,2,0,2,0,0.0,0.1505,0.3107,12,5.787,0.0,0.0,18.3,1,1,0,0
PDF_02954,1,1,10.14,4,2,1,0,17.61,0.3236,0.3722,109,4.849,14.67,30.66,73.99,1,0,0,0
PDF_02955,0,3,47.5,3,2,0,0,20.65,0.1325,0.1493,92,5.058,12.97,25.35,6.28,0,0,0,0
PDF_02956,1,1,0.0,1,1,0,0,21.03,0.0,0.0648,97,4.827,0.0,4.01,0.0,0,1,0,0
PDF_02957,1,2,0.0,0,3,0,0,0.0,0.0422,0.2729,82,5.43,0.0,0.41,46.5,1,0,0,0
PDF_02958,2,1,25.89,4,0,2,0,31.65,0.1164,0.0716,126,5.82,19.28,25.47,18.84,0,0,0,0
PDF_02959,0,2,9.39,2,0,0,0,0.0,0.0704,0.042,52,5.186,1.35,0.0,13.34,0,0,0,0
PDF_02960,0,2,29.63,1,0,0,0,24.98,0.0702,0.1423,96,5.466,34.09,19.29,20.75,0,0,0,0
PDF_02961,0,2,26.9,4,1,0,0,23.53,0.0884,0.0,158,5.503,17.07,35.24,0.42,0,0,0,0
PDF_02962,0,1,1.49,0,0,0,0,0.0,0.2048,0.2139,108,5.277,12.28,0.0,47.68,1,0,0,0
PDF_02963,0,1,0.0,0,2,0,0,0.0,0.0638,0.0503,93,5.049,0.0,3.84,10.25,0,0,0,0
PDF_02964,0,1,16.06,0,0,0,0,5.71,0.0479,0.1438,107,5.616,0.0,3.17,31.02,0,0,0,0
PDF_02965,2,1,13.48,3,0,0,0,0.0,0.2205,0.3603,102,5.728,0.0,25.4,53.42,1,0,0,0
PDF_02966,1,1,9.22,0,0,0,0,0.0,0.0308,0.1649,128,5.069,22.67,0.0,4.33,0,0,0,0
PDF_02967,0,1,37.81,2,1,1,0,0.0,0.2055,0.3345,114,5.292,1.49,31.2,63.77,1,1,0,0
PDF_02968,0,2,26.15,3,4,0,0,0.0,0.1301,0.2585,117,5.253,4.16,15.23,45.31,1,0,0,0
PDF_02969,0,1,21.26,3,1,0,0,26.64,0.1404,0.1286,86,4.989,43.88,14.05,9.77,0,1,0,0
PDF_02970,0,1,22.64,2,1,1,0,3.44,0.0429,0.2043,86,5.192,0.54,17.86,9.89,0,0,0,0
PDF_02971,0,1,0.0,0,0,0,0,5.98,0.1201,0.0235,70,5.796,0.0,10.08,5.96,0,0,0,0
PDF_02972,0,1,0.0,1,2,1,0,0.0,0.0339,0.0823,105,5.723,0.0,0.0,0.0,0,0,0,0
PDF_02973,0,1,0.0,0,0,0,0,0.0,0.0171,0.1341,43,4.355,0.0,8.87,0.0,0,0,0,0
PDF_02974,1,2,18.02,2,4,1,0,29.63,0.1672,0.1197,155,6.912,30.27,45.28,27.06,0,0,0,0
PDF_02975,1,1,17.59,3,2,1,0,0.0,0.2293,0.3439,84,5.68,16.88,28.58,71.76,1,0,0,0
PDF_02976,0,1,21.8,1,0,0,0,14.08,0.1482,0.2721,88,4.76,1.88,0.0,55.02,1,0,0,0
PDF_02977,0,1,0.0,0,0,1,1,2.58,0.0896,0.2781,94,4.486,0.0,0.0,48.74,1,1,0,0
PDF_02978,1,1,0.0,0,0,1,0,0.0,0.0796,0.3281,106,5.745,0.0,0.0,58.72,1,0,0,0
PDF_02979,0,1,20.53,2,1,0,0,27.36,0.0351,0.1543,79,5.098,18.57,13.72,16.1,0,1,0,0
PDF_02980,0,1,8.26,3,0,0,0,8.43,0.1382,0.3489,24,6.144,22.96,0.0,56.88,1,1,0,0
PDF_02981,0,1,12.1,1,1,0,0,0.0,0.1991,0.3976,111,5.865,17.61,16.35,52.93,1,0,0,0
PDF_02982,1,1,25.17,1,1,1,0,0.0,0.2765,0.3493,172,5.435,30.42,30.24,67.87,1,0,0,0
PDF_02983,0,1,4.03,0,2,0,0,0.0,0.0255,0.1399,66,5.317,0.0,30.6,17.66,0,0,0,0
PDF_02984,0,1,2.96,3,4,0,0,0.0,0.1262,0.145,88,5.254,33.2,7.0,8.76,0,0,0,0
PDF_02985,0,2,16.73,7,0,1,0,0.0,0.0707,0.1309,53,5.861,0.82,2.67,15.64,0,1,0,0
PDF_02986,0,1,26.93,0,1,1,0,2.63,0.1901,0.3248,90,6.183,0.0,21.51,67.52,1,0,0,0
PDF_02987,1,2,45.45,8,5,2,0,5.56,0.1644,0.1809,108,5.687,36.72,26.59,26.55,0,0,0,0
PDF_02988,0,1,39.83,4,2,1,0,16.78,0.1937,0.1911,157,5.285,41.87,20.77,32.07,0,1,0,0
PDF_02989,0,1,0.0,0,0,1,0,0.0,0.0503,0.042,93,5.849,0.0,0.0,8.83,0,0,0,0
PDF_02990,0,1,12.0,1,0,1,0,0.0,0.0463,0.0762,82,4.116,3.19,0.0,17.3,0,0,0,0
PDF_02991,2,1,33.78,1,2,0,0,27.22,0.1545,0.1092,91,6.064,1.56,27.46,29.46,0,1,0,0
PDF_02992,0,2,0.0,3,1,0,0,0.0,0.0638,0.1695,94,4.29,5.75,0.46,0.0,0,0,0,0
PDF_02993,1,1,0.0,1,2,0,0,0.0,0.0,0.0216,42,5.249,0.0,0.0,0.0,0,0,0,0
PDF_02994,1,2,27.02,5,4,0,0,25.06,0.0948,0.1376,79,5.199,34.25,32.73,19.4,0,0,0,0
PDF_02995,0,3,5.7,0,2,1,0,0.0,0.0976,0.1123,72,5.487,0.0,4.23,11.03,0,0,0,0
PDF_02996,1,1,2.57,2,1,0,0,4.33,0.1047,0.0977,100,5.167,0.0,6.72,19.62,0,0,0,0
PDF_02997,0,2,23.46,6,3,0,0,32.59,0.3035,0.3156,129,5.201,9.86,45.04,59.19,1,1,0,0
PDF_02998,0,1,0.0,0,0,0,0,0.0,0.0386,0.0923,65,5.674,0.0,0.0,0.0,0,0,0,0
PDF_02999,1,1,0.0,1,0,1,0,0.0,0.0289,0.1096,35,4.431,0.0,0.0,9.43,0,1,0,0
PDF_03000,0,1,4.73,0,4,0,0,0.0,0.1278,0.3311,107,5.183,0.0,7.04,60.72,1,0,0,0
PDF_03001,0,1,0.0,3,4,0,0,0.0,0.1449,0.3432,59,5.408,15.39,1.77,70.36,1,1,0,0
PDF_03002,0,2,22.18,1,4,1,0,12.05,0.1254,0.129,131,5.576,0.0,44.3,27.02,0,0,0,0
PDF_03003,0,2,10.3,0,0,0,0,0.0,0.1122,0.145,69,5.013,6.95,7.67,0.96,0,0,0,0
PDF_03004,1,2,28.62,0,0,1,0,0.32,0.1188,0.1915,86,5.836,28.52,33.84,26.54,0,0,0,0
PDF_03005,0,2,0.0,1,3,0,0,0.0,0.0972,0.3289,68,3.639,0.0,3.16,39.46,1,0,0,0
PDF_03006,2,1,0.0,0,0,1,0,0.0,0.1689,0.1972,54,5.379,0.0,0.0,40.45,1,0,0,0
PDF_03007,1,1,34.9,0,0,0,0,6.55,0.0951,0.061,92,4.624,27.28,11.61,5.08,0,0,0,0
PDF_03008,0,3,0.0,2,3,0,0,0.0,0.0,0.0341,38,4.178,0.0,0.0,0.0,0,0,0,0
PDF_03009,0,2,31.15,7,0,0,0,5.34,0.1682,0.1873,107,6.172,42.38,19.5,21.75,0,0,0,0
PDF_03010,1,2,21.33,0,2,0,0,14.14,0.2648,0.2679,83,5.731,0.0,1.96,47.6,1,0,0,0
PDF_03011,0,1,0.0,3,4,0,0,0.0,0.055,0.045,52,5.19,2.94,0.0,0.0,0,0,0,0
PDF_03012,1,1,10.67,2,2,0,0,23.9,0.238,0.4474,139,5.649,10.0,32.37,56.89,1,1,0,0
PDF_03013,0,1,24.31,0,0,0,0,32.31,0.1539,0.1357,110,6.222,6.65,24.93,17.07,0,1,0,0
PDF_03014,0,1,16.1,0,0,0,0,19.66,0.0743,0.1545,72,5.308,23.79,0.0,16.55,0,0,0,0
PDF_03015,2,3,28.43,5,4,2,0,30.31,0.1814,0.1285,126,6.083,37.09,55.16,15.34,0,0,0,0
PDF_03016,0,1,24.73,1,3,0,0,0.0,0.0097,0.1128,54,5.018,14.08,0.0,2.82,0,0,0,0
PDF_03017,1,1,11.19,1,1,0,0,8.81,0.2085,0.3652,141,5.139,14.88,22.22,53.65,1,0,0,0
PDF_03018,0,2,1.09,4,4,0,0,6.18,0.22,0.3388,117,4.943,12.1,21.49,52.54,1,0,0,0
PDF_03019,0,1,0.0,0,1,0,1,7.7,0.0794,0.1426,62,6.666,7.73,24.68,13.85,0,0,0,0
PDF_03020,0,1,0.0,1,2,1,0,0.0,0.1566,0.3223,49,5.95,0.0,0.0,34.92,1,0,0,0
PDF_03021,1,1,10.46,2,1,0,0,13.02,0.1371,0.1094,74,6.168,0.0,14.07,1.45,0,1,0,0
PDF_03022,0,2,0.0,1,0,0,0,0.0,0.0996,0.3002,96,4.277,0.0,0.0,62.03,1,0,0,0
PDF_03023,0,1,15.95,5,0,0,0,7.65,0.062,0.1197,83,4.778,0.0,7.57,7.37,0,1,0,0
PDF_03024,0,2,0.0,2,0,0,0,0.0,0.0,0.05,64,4.18,0.0,0.0,0.0,0,0,0,0
PDF_03025,0,1,3.36,5,0,0,0,5.29,0.1763,0.2856,101,6.004,0.0,17.79,61.4,1,0,0,0
PDF_03026,0,1,13.13,1,0,0,0,13.29,0.0788,0.0863,71,5.545,8.76,0.0,15.29,0,0,0,0
PDF_03027,0,2,4.78,4,2,0,0,6.24,0.0855,0.2287,88,5.404,0.0,0.0,34.09,1,0,0,0
PDF_03028,0,2,0.0,0,0,0,0,0.0,0.0,0.1219,50,5.068,0.0,0.0,0.0,0,0,0,0
PDF_03029,1,1,7.84,1,2,0,0,0.0,0.0653,0.1591,53,5.064,17.51,8.83,10.79,0,0,0,0
PDF_03030,1,1,37.54,4,3,0,0,26.55,0.2278,0.3406,104,5.408,22.33,36.01,65.6,1,1,0,0
PDF_03031,0,1,0.0,0,1,0,1,0.0,0.0917,0.1417,51,5.108,0.51,0.0,0.0,0,0,0,0
PDF_03032,2,2,17.63,2,0,0,0,5.43,0.1645,0.3243,94,5.42,14.51,13.86,64.2,1,0,0,0
PDF_03033,1,1,5.55,0,1,0,0,19.14,0.1539,0.1636,91,5.535,0.0,9.27,26.82,0,0,0,0
PDF_03034,1,3,25.59,3,0,0,0,5.92,0.1152,0.1181,125,7.065,14.11,13.85,24.95,0,0,0,0
PDF_03035,1,2,62.87,4,4,1,0,23.91,0.2737,0.2405,126,5.349,19.0,62.79,38.46,0,1,0,0
PDF_03036,1,2,4.41,1,3,0,0,10.52,0.0244,0.1382,95,5.377,5.81,23.87,3.93,0,0,0,0
PDF_03037,0,3,29.25,5,5,1,0,23.62,0.2618,0.4964,117,6.256,15.19,26.54,83.64,1,0,0,0
PDF_03038,0,1,9.98,3,4,1,0,0.0,0.1069,0.2946,67,5.096,4.79,0.0,59.25,1,0,0,0
PDF_03039,1,1,29.77,0,3,1,0,23.64,0.1383,0.1623,106,6.003,21.35,13.92,34.43,0,0,0,0
PDF_03040,2,2,54.53,6,6,1,0,48.18,0.2391,0.1282,109,5.077,39.47,51.5,31.23,0,1,0,0
PDF_03041,0,2,27.96,3,3,1,0,0.0,0.1783,0.2887,68,6.098,0.0,0.0,39.17,1,0,0,0
PDF_03042,2,1,13.6,2,1,0,0,7.33,0.1293,0.2657,133,4.741,0.0,6.37,31.42,1,0,0,0
PDF_03043,0,2,0.0,0,0,0,0,5.56,0.0788,0.1266,33,5.028,0.0,0.0,0.0,0,0,0,0
PDF_03044,1,1,11.43,0,2,2,0,6.07,0.1568,0.1614,99,5.521,16.39,6.77,25.53,0,1,0,0
PDF_03045,1,1,3.5,0,4,0,0,0.0,0.1201,0.1149,72,6.247,22.03,0.0,14.56,0,0,0,0
PDF_03046,1,1,0.0,1,2,1,0,3.1,0.0818,0.0239,49,5.302,15.3,10.39,11.73,0,0,0,0
PDF_03047,1,1,24.76,4,0,0,0,35.65,0.0867,0.1503,83,5.285,0.0,41.87,15.68,0,1,0,0
PDF_03048,1,2,25.08,3,1,0,0,4.38,0.0566,0.1666,125,6.613,13.54,16.53,23.97,0,1,0,0
PDF_03049,0,2,6.32,0,0,0,0,0.0,0.0442,0.0521,29,5.626,6.66,0.0,5.61,0,0,0,0
PDF_03050,0,1,5.55,1,1,0,0,0.0,0.1188,0.4145,66,4.959,0.0,0.0,52.62,1,0,0,0
PDF_03051,0,1,5.07,0,2,0,0,1.22,0.0814,0.0508,17,5.663,0.0,0.0,15.28,0,1,0,0
PDF_03052,1,1,0.0,3,0,1,0,7.31,0.0921,0.2156,91,6.171,28.91,40.47,7.48,0,0,0,0
PDF_03053,0,2,30.87,0,2,0,0,14.01,0.1723,0.0691,116,5.344,0.0,10.73,20.78,0,0,0,0
PDF_03054,0,1,45.02,0,2,0,0,19.45,0.1402,0.1453,75,4.914,37.41,39.91,22.51,0,0,0,0
PDF_03055,0,1,29.76,0,7,0,0,15.07,0.1401,0.1547,113,5.003,5.5,14.26,2.26,0,1,0,0
PDF_03056,0,1,3.26,0,0,0,0,0.0,0.0778,0.0787,64,4.325,0.0,0.0,0.65,0,0,0,0
PDF_03057,1,1,19.29,3,2,0,0,0.0,0.2778,0.3674,112,5.254,19.31,11.35,67.46,1,0,0,0
PDF_03058,0,1,0.0,1,3,1,0,0.0,0.0432,0.2082,54,6.254,0.0,0.0,34.83,1,0,0,0
PDF_03059,0,2,0.0,4,2,1,0,0.0,0.104,0.2928,104,4.759,0.0,0.0,44.14,1,0,0,0
PDF_03060,2,1,0.0,0,1,0,0,0.0,0.0,0.0,76,5.259,0.0,0.0,0.0,0,1,0,0
PDF_03061,0,1,26.06,0,1,0,0,19.36,0.1252,0.1857,151,5.619,1.49,32.33,13.18,0,0,0,0
PDF_03062,0,1,51.52,1,4,2,0,29.35,0.1644,0.1605,103,5.287,45.42,65.44,40.42,0,1,0,0
PDF_03063,1,1,3.24,2,1,0,0,5.49,0.1644,0.0985,49,6.02,9.24,32.87,0.0,0,1,0,0
PDF_03064,0,1,29.8,0,1,2,0,14.67,0.0626,0.2012,114,4.808,30.39,39.85,27.95,0,0,0,0
PDF_03065,1,1,0.0,1,1,0,0,0.0,0.0809,0.2959,74,4.597,0.0,0.0,47.13,1,1,0,0
PDF_03066,0,1,0.0,1,0,0,0,0.0,0.0,0.1288,36,5.396,0.0,0.0,0.0,0,1,0,0
PDF_03067,1,2,0.0,1,1,0,0,0.0,0.0,0.0,40,4.765,0.0,0.0,0.0,0,1,0,0
PDF_03068,0,1,0.0,0,0,0,0,0.0,0.0182,0.1686,55,4.63,0.0,0.0,0.0,0,0,0,0
PDF_03069,0,1,19.08,1,1,0,0,1.0,0.0323,0.0652,86,5.046,0.0,17.39,17.64,0,0,0,0
PDF_03070,2,1,48.06,4,7,2,0,27.71,0.1946,0.2115,112,4.956,16.98,64.92,35.22,0,0,0,0
PDF_03071,0,2,0.0,0,2,1,0,0.0,0.0,0.0859,56,5.173,0.0,0.0,0.0,0,0,0,0
PDF_03072,0,1,18.54,1,1,1,0,20.69,0.0576,0.1237,56,6.111,1.03,22.01,13.34,0,0,0,0
PDF_03073,0,1,0.0,2,0,0,0,0.0,0.171,0.2549,88,5.296,0.0,0.0,50.57,1,0,0,0
PDF_03074,1,3,25.24,2,0,1,0,5.83,0.2207,0.3599,149,5.69,12.96,23.68,68.46,1,0,0,0
PDF_03075,0,1,12.88,2,5,0,0,0.0,0.2111,0.3674,124,6.169,24.93,11.33,63.31,1,0,0,0
PDF_03076,1,1,7.53,3,1,0,0,0.0,0.0,0.0864,75,5.147,2.28,1.4,0.0,0,0,0,0
PDF_03077,0,1,0.0,0,0,1,0,0.0,0.0897,0.1032,70,5.768,9.54,0.0,0.0,0,0,0,0
PDF_03078,0,3,9.49,3,6,1,0,31.45,0.2566,0.3287,120,5.543,25.73,22.32,61.61,1,0,0,0
PDF_03079,0,1,0.0,0,1,0,0,0.0,0.0935,0.1814,73,4.303,0.0,0.0,22.04,0,0,0,0
PDF_03080,1,1,3.45,3,4,0,0,2.03,0.2227,0.3616,115,4.518,14.7,8.19,53.29,1,0,0,0
PDF_03081,0,1,25.35,1,2,0,0,0.0,0.0943,0.1191,87,5.423,10.23,27.24,2.9,0,1,0,0
PDF_03082,0,1,0.0,2,3,0,0,0.0,0.0002,0.0,68,4.984,0.0,0.0,9.52,0,0,0,0
PDF_03083,0,1,0.0,0,0,0,0,0.0,0.0914,0.2637,103,5.487,0.0,0.0,43.34,1,1,0,0
PDF_03084,1,1,23.57,0,0,0,0,0.0,0.1249,0.305,112,6.37,2.78,0.0,67.5,1,1,0,0
PDF_03085,2,1,19.69,2,0,1,0,0.0,0.0,0.1631,96,5.242,12.58,8.93,16.65,0,1,0,0
PDF_03086,0,1,3.75,5,0,0,0,16.9,0.0887,0.0663,90,5.021,5.95,0.0,8.64,0,0,0,0
PDF_03087,0,3,8.16,1,0,0,0,16.38,0.0817,0.0583,93,5.986,0.0,0.0,18.75,0,1,0,0
PDF_03088,1,2,71.4,9,5,1,0,56.87,0.3411,0.2153,173,4.922,51.27,81.4,47.62,0,1,0,0
PDF_03089,2,1,47.4,7,8,0,0,36.46,0.2899,0.3149,197,6.249,43.98,48.28,70.1,1,0,0,0
PDF_03090,1,2,50.31,7,4,1,0,4.8,0.1243,0.1107,127,3.694,7.29,42.68,3.65,0,0,0,0
PDF_03091,1,1,24.38,4,1,0,1,1.74,0.1294,0.2301,152,5.838,54.13,30.89,18.16,0,0,0,0
PDF_03092,1,1,38.73,3,2,1,0,0.0,0.1528,0.143,95,6.203,12.3,32.02,21.83,0,0,0,0
PDF_03093,0,2,40.48,2,2,0,0,3.89,0.1794,0.0155,116,6.166,18.45,24.79,18.74,0,0,0,0
PDF_03094,1,1,0.0,0,2,0,0,0.0,0.0,0.0,5,3.077,0.0,0.0,0.0,0,0,0,0
PDF_03095,1,1,33.02,1,1,0,0,11.67,0.0424,0.0646,124,5.437,0.0,17.19,13.46,0,0,0,0
PDF_03096,0,1,16.96,1,2,0,0,0.0,0.0421,0.084,78,5.481,3.56,30.62,5.53,0,0,0,0
PDF_03097,1,1,34.39,2,1,0,0,27.72,0.2161,0.418,125,5.162,14.33,20.79,95.6,1,0,0,0
PDF_03098,2,1,0.0,0,0,1,0,0.0,0.0154,0.0219,52,5.487,0.0,0.0,5.78,0,1,0,0
PDF_03099,1,1,15.28,0,3,0,0,26.68,0.0784,0.1091,112,6.652,28.48,8.95,3.52,0,1,0,0
PDF_03100,1,2,19.52,5,0,0,0,14.86,0.2006,0.3573,150,5.854,0.0,27.12,60.88,1,0,0,0
PDF_03101,0,1,2.24,1,1,0,0,0.0,0.1062,0.1129,50,5.861,0.0,0.0,13.12,0,1,0,0
PDF_03102,1,2,23.77,0,2,0,0,6.08,0.1248,0.1771,121,6.049,0.0,0.0,15.88,0,0,0,0
PDF_03103,1,1,0.14,3,0,0,0,0.0,0.0,0.1475,60,5.784,3.09,0.0,3.24,0,0,0,0
PDF_03104,1,2,36.67,4,5,1,0,6.39,0.1541,0.0962,76,4.275,5.49,18.25,11.33,0,0,0,0
PDF_03105,1,2,32.83,3,2,1,0,0.19,0.1362,0.1124,109,5.104,14.11,30.34,12.35,0,0,0,0
PDF_03106,0,1,0.0,1,1,0,0,0.0,0.0071,0.2631,94,4.256,0.0,0.0,0.0,0,0,0,0
PDF_03107,0,2,33.21,5,2,0,0,4.4,0.2311,0.1105,128,7.48,17.63,39.36,7.26,0,0,0,0
PDF_03108,0,2,8.56,0,1,0,0,0.0,0.1258,0.1072,103,4.726,17.31,5.89,21.8,0,1,0,0
PDF_03109,0,2,0.0,1,1,0,0,0.0,0.1369,0.319,101,5.617,0.0,0.0,29.88,1,1,0,0
PDF_03110,1,1,0.0,1,3,0,0,0.0,0.1607,0.3156,97,4.357,7.83,0.0,46.01,1,0,0,0
PDF_03111,1,1,7.56,1,0,1,0,12.81,0.1786,0.3625,98,6.649,19.75,35.53,75.97,1,0,0,0
PDF_03112,0,2,47.86,0,2,0,0,16.33,0.202,0.1267,132,5.929,21.58,46.4,19.33,0,0,0,0
PDF_03113,1,1,0.0,0,1,1,0,0.0,0.1231,0.2855,35,4.852,4.41,0.0,58.28,1,1,0,0
PDF_03114,0,1,39.36,0,1,1,0,35.48,0.2613,0.2785,114,6.078,7.05,12.41,75.87,1,0,0,0
PDF_03115,0,1,18.39,0,0,0,0,0.0,0.2089,0.3767,109,6.214,10.73,27.87,63.56,1,0,0,0
PDF_03116,2,1,34.92,4,2,1,0,37.55,0.2923,0.3294,118,7.474,0.0,44.67,72.76,1,0,0,0
PDF_03117,0,1,3.15,0,1,1,0,0.0,0.0,0.2336,72,4.241,0.0,0.0,0.0,0,0,0,0
PDF_03118,0,1,27.72,1,0,0,0,6.71,0.1118,0.1042,68,5.958,0.0,5.37,9.23,0,1,0,0
PDF_03119,1,2,50.92,4,2,0,0,29.95,0.1709,0.0389,127,5.934,16.29,22.58,13.2,0,0,0,0
PDF_03120,0,1,23.37,0,2,1,0,0.0,0.2161,0.227,91,6.276,20.29,0.0,68.11,1,0,0,0
PDF_03121,1,1,0.0,0,1,0,0,0.0,0.2044,0.1505,68,4.603,0.0,0.0,42.08,1,1,0,0
PDF_03122,2,1,0.0,0,1,0,0,5.81,0.159,0.1809,75,5.573,0.0,0.0,2.03,0,0,0,0
PDF_03123,0,1,0.0,2,0,0,0,0.0,0.0219,0.1107,74,6.393,8.03,0.0,0.0,0,0,0,0
PDF_03124,0,2,5.98,3,0,1,0,4.77,0.196,0.3306,135,5.146,0.0,11.96,40.42,1,0,0,0
PDF_03125,2,2,3.48,2,1,0,0,0.0,0.0401,0.055,70,4.581,0.83,12.76,1.98,0,0,0,0
PDF_03126,0,1,24.8,1,6,0,0,2.71,0.2096,0.432,114,5.454,33.27,13.76,70.72,1,0,0,0
PDF_03127,0,1,16.24,0,0,0,0,0.0,0.1775,0.305,95,4.965,16.27,15.02,41.82,1,0,0,0
PDF_03128,1,1,9.97,0,1,0,0,2.48,0.0728,0.1616,96,5.611,7.27,20.16,0.0,0,0,0,0
PDF_03129,0,1,4.26,4,0,1,0,0.0,0.1566,0.2588,96,4.471,0.0,20.36,59.56,1,1,0,0
PDF_03130,1,1,9.13,1,1,0,0,0.0,0.198,0.305,116,6.134,6.63,21.11,57.88,1,1,0,0
PDF_03131,0,1,23.03,0,0,0,0,0.83,0.0809,0.0894,92,5.763,18.13,0.0,9.69,0,0,0,0
PDF_03132,0,1,0.0,0,4,2,0,0.0,0.0041,0.1821,50,5.23,0.0,0.0,1.58,0,0,0,0
PDF_03133,1,1,31.96,8,2,0,0,23.63,0.1395,0.0984,117,5.171,22.28,30.39,5.06,0,0,0,0
PDF_03134,1,2,0.0,2,0,0,0,0.0,0.0559,0.0814,87,4.902,0.0,0.0,0.66,0,0,0,0
PDF_03135,2,1,28.24,5,4,1,0,3.41,0.2314,0.1944,123,6.387,37.64,47.54,16.41,0,0,0,0
PDF_03136,0,2,15.2,1,5,0,0,30.29,0.0915,0.0614,134,4.307,19.3,4.8,13.95,0,1,0,0
PDF_03137,1,1,0.0,0,0,1,0,7.06,0.1242,0.3334,93,6.302,2.94,0.0,71.78,1,1,0,0
PDF_03138,1,1,2.17,0,2,0,0,4.47,0.0389,0.082,7,5.549,12.14,20.53,8.51,0,0,0,0
PDF_03139,0,1,0.0,0,0,0,0,0.0,0.0,0.0449,10,5.724,0.0,0.0,0.0,0,1,0,0
PDF_03140,0,1,10.75,1,0,1,0,1.86,0.1273,0.3222,133,5.661,17.83,0.03,70.48,1,0,0,0
PDF_03141,1,2,28.81,4,1,0,0,18.68,0.1224,0.1063,127,3.927,10.41,39.72,11.76,0,1,0,0
PDF_03142,1,2,0.0,0,0,0,0,9.79,0.0751,0.1852,65,6.049,7.56,0.96,0.0,0,0,0,0
PDF_03143,0,1,0.0,2,1,1,0,0.0,0.032,0.0462,5,5.19,0.0,0.0,0.0,0,0,0,0
PDF_03144,0,1,0.0,0,0,0,0,0.0,0.086,0.0915,55,5.496,7.63,2.75,3.55,0,1,0,0
PDF_03145,0,1,17.63,6,3,0,0,13.12,0.1709,0.1139,134,5.817,50.0,43.07,19.34,0,0,0,0
PDF_03146,1,1,14.52,1,0,1,1,12.66,0.1021,0.1353,82,3.892,8.35,33.57,6.73,0,1,0,0
PDF_03147,1,2,36.7,1,3,1,0,19.99,0.2154,0.3883,103,5.456,3.86,24.68,52.7,1,0,0,0
PDF_03148,0,1,12.22,4,0,1,0,15.8,0.2208,0.3749,121,4.852,13.9,8.71,70.32,1,1,0,0
PDF_03149,1,1,2.64,0,2,0,0,0.0,0.0738,0.0,73,5.782,10.23,2.7,16.58,0,0,0,0
PDF_03150,0,1,28.06,4,3,0,0,31.09,0.1913,0.412,129,5.17,32.65,39.81,62.38,1,1,0,0
PDF_03151,0,2,0.0,2,1,0,0,0.0,0.0757,0.0792,95,5.22,0.0,0.0,6.81,0,1,0,0
PDF_03152,2,1,16.56,0,0,0,0,23.74,0.121,0.0329,150,5.69,17.11,16.45,14.54,0,1,0,0
PDF_03153,0,1,5.26,2,1,1,0,10.36,0.1198,0.2839,48,5.674,0.0,0.0,39.31,1,0,0,0
PDF_03154,1,1,0.0,0,2,1,0,0.0,0.231,0.3449,101,5.732,13.56,0.0,49.46,1,0,0,0
PDF_03155,1,1,19.55,1,5,0,0,2.66,0.2601,0.3028,80,6.652,25.12,27.45,56.11,1,0,0,0
PDF_03156,1,2,0.0,0,0,0,0,0.0,0.0704,0.1146,84,4.975,10.54,0.0,0.0,0,1,0,0
PDF_03157,1,2,10.49,4,0,0,0,13.84,0.1088,0.2374,52,4.589,25.64,24.96,25.94,0,0,0,0
PDF_03158,1,2,0.0,4,0,0,0,10.11,0.0348,0.1546,70,5.401,5.24,0.0,0.2,0,1,0,0
PDF_03159,1,1,0.0,0,3,1,0,0.0,0.0413,0.1094,71,4.564,0.0,12.17,0.0,0,0,0,0
PDF_03160,2,2,44.59,2,4,3,0,16.94,0.1851,0.1674,112,5.574,23.58,28.74,0.0,0,0,0,0
PDF_03161,0,1,13.51,0,0,0,0,0.0,0.1569,0.3258,130,4.639,16.09,15.31,58.41,1,1,0,0
PDF_03162,1,1,31.87,3,0,1,0,21.88,0.1788,0.2536,97,4.827,8.01,44.59,4.92,0,0,0,0
PDF_03163,0,1,16.55,2,4,2,0,17.22,0.2384,0.3448,115,5.418,21.91,45.43,56.66,1,1,0,0
PDF_03164,1,1,30.5,2,3,0,0,0.0,0.0771,0.1303,116,4.681,10.01,9.66,9.26,0,0,0,0
PDF_03165,1,2,36.76,4,4,1,0,11.64,0.0433,0.1942,105,5.676,39.56,38.91,31.14,0,0,0,0
PDF_03166,1,1,2.64,3,1,0,0,0.0,0.1151,0.1241,61,6.123,0.0,0.38,0.67,0,0,0,0
PDF_03167,0,2,0.0,0,3,0,0,0.0,0.1285,0.3215,118,5.262,4.96,0.0,61.86,1,0,0,0
PDF_03168,1,1,15.67,2,1,1,0,0.0,0.103,0.126,57,5.735,0.0,25.07,15.11,0,0,0,0
PDF_03169,1,2,24.33,4,0,1,0,21.28,0.1502,0.0154,126,5.58,24.93,40.62,28.53,0,1,0,0
PDF_03170,1,1,13.89,2,0,2,0,0.0,0.0534,0.0631,67,4.515,0.0,0.0,0.0,0,0,0,0
PDF_03171,2,2,16.98,1,2,1,0,16.19,0.2241,0.3305,147,4.764,6.81,19.12,38.18,1,1,0,0
PDF_03172,0,2,5.93,3,0,0,0,0.0,0.0711,0.1161,23,4.986,9.48,0.0,0.0,0,0,0,0
PDF_03173,1,1,0.0,1,0,0,0,2.2,0.0774,0.1687,117,6.202,2.68,10.12,9.62,0,0,0,0
PDF_03174,1,2,35.01,4,4,0,0,7.49,0.2269,0.3145,100,5.792,33.92,29.82,51.32,1,0,0,0
PDF_03175,1,1,20.2,3,0,1,0,16.89,0.283,0.3234,137,5.712,18.34,21.67,33.03,1,0,0,0
PDF_03176,1,1,20.18,0,0,0,0,7.41,0.0572,0.1525,77,5.545,1.36,0.0,7.51,0,0,0,0
PDF_03177,1,2,0.0,0,0,0,0,4.91,0.0449,0.1331,96,5.312,13.87,0.0,15.51,0,0,0,0
PDF_03178,0,2,38.78,0,2,0,0,0.0,0.0973,0.1708,76,4.865,16.59,5.4,14.53,0,0,0,0
PDF_03179,2,1,31.45,1,2,1,0,38.53,0.1253,0.1405,98,6.687,6.6,30.3,14.27,0,1,0,0
PDF_03180,0,1,17.72,0,4,0,0,34.89,0.0764,0.1565,84,5.146,18.67,3.63,18.39,0,0,0,0
PDF_03181,1,1,0.0,0,3,1,0,0.0,0.0937,0.0678,46,5.124,0.0,14.7,0.62,0,0,0,0
PDF_03182,0,2,15.44,2,4,0,0,13.03,0.1157,0.1737,86,5.772,27.09,20.39,6.08,0,0,0,0
PDF_03183,0,1,6.03,0,1,0,0,0.0,0.0218,0.0974,5,4.287,0.0,0.0,0.0,0,0,0,0
PDF_03184,1,1,29.71,3,2,1,0,11.47,0.183,0.3678,102,5.444,20.35,22.59,60.12,1,0,0,0
PDF_03185,0,1,0.18,3,0,1,0,0.0,0.1309,0.4035,78,4.932,9.03,5.14,66.7,1,1,0,0
PDF_03186,1,1,8.77,1,0,0,0,0.0,0.1081,0.3804,59,4.989,0.0,7.19,41.96,1,0,0,0
PDF_03187,1,1,19.64,1,0,0,0,20.88,0.1511,0.1159,88,5.771,35.31,17.35,25.0,0,1,0,0
PDF_03188,1,1,32.62,1,0,1,0,3.03,0.0812,0.1477,159,6.187,22.12,24.6,12.39,0,0,0,0
PDF_03189,1,2,61.79,4,6,0,0,33.76,0.1989,0.2221,164,6.334,28.69,54.99,25.23,0,1,0,0
PDF_03190,0,2,11.03,0,2,0,0,0.0,0.0394,0.1594,68,5.635,0.0,0.0,0.0,0,0,0,0
PDF_03191,0,2,6.88,0,0,0,0,0.0,0.1336,0.3186,112,5.163,0.0,0.0,55.13,1,0,0,0
PDF_03192,0,1,15.25,3,0,1,0,0.0,0.157,0.3175,82,5.075,12.05,21.87,55.84,1,0,0,0
PDF_03193,1,1,0.0,1,4,0,0,0.0,0.0072,0.0763,33,3.882,0.0,0.0,9.89,0,0,0,0
PDF_03194,1,1,22.63,1,1,0,0,10.64,0.1193,0.0969,149,5.045,38.14,22.25,19.27,0,0,0,0
PDF_03195,0,1,32.15,4,6,0,0,23.38,0.3125,0.3251,129,4.976,32.28,34.11,71.11,1,0,0,0
PDF_03196,0,1,0.0,0,2,1,0,0.0,0.0601,0.0358,32,4.638,18.24,0.0,7.41,0,0,0,0
PDF_03197,1,1,58.55,7,3,2,0,35.85,0.2264,0.3691,159,5.365,34.25,53.76,95.1,1,0,0,0
PDF_03198,1,1,0.0,0,2,0,0,4.26,0.0393,0.1908,65,4.816,0.0,0.13,18.62,0,0,0,0
PDF_03199,1,2,36.9,4,0,0,0,17.26,0.2972,0.3512,112,5.712,9.92,16.92,56.79,1,0,0,0
PDF_03200,0,2,0.0,1,2,0,0,0.0,0.1187,0.2955,105,4.981,8.79,0.0,50.17,1,0,0,0
PDF_03201,2,1,0.0,0,0,0,0,0.0,0.0556,0.1579,35,5.368,0.0,0.0,13.2,0,0,0,0
PDF_03202,0,1,32.78,4,3,1,0,55.92,0.1793,0.1633,124,5.743,25.46,46.04,21.43,0,0,0,0
PDF_03203,0,2,46.26,1,0,0,0,0.0,0.2315,0.1226,97,6.453,31.85,6.58,11.1,0,0,0,0
PDF_03204,1,2,17.42,6,2,1,0,11.3,0.0378,0.04,99,5.304,12.69,11.34,15.68,0,0,0,0
PDF_03205,0,1,21.04,2,3,0,0,2.42,0.1991,0.338,136,5.489,40.71,20.02,45.02,1,0,0,0
PDF_03206,1,2,0.74,2,0,0,0,0.0,0.0683,0.0285,66,5.532,0.0,0.0,9.92,0,0,0,0
PDF_03207,0,1,3.46,2,2,1,0,0.0,0.0282,0.0826,74,6.492,0.0,0.0,0.0,0,0,0,0
PDF_03208,0,1,7.23,0,0,0,0,0.0,0.2025,0.2835,83,4.965,0.0,0.0,51.64,1,0,0,0
PDF_03209,0,2,0.0,0,4,1,0,0.0,0.0,0.0878,73,4.715,3.52,0.0,4.58,0,1,0,0
PDF_03210,0,1,0.0,3,3,0,0,0.0,0.0011,0.0606,48,5.231,0.0,0.0,0.0,0,1,0,0
PDF_03211,1,2,21.15,4,1,1,0,0.15,0.2124,0.3154,99,5.253,0.0,21.9,55.64,1,0,0,0
PDF_03212,0,1,28.94,2,0,2,0,16.12,0.1044,0.1865,90,5.59,38.29,43.74,6.2,0,0,0,0
PDF_03213,1,1,8.11,6,1,0,0,9.41,0.0567,0.1402,85,4.558,8.11,27.4,1.46,0,0,0,0
PDF_03214,0,2,0.25,1,2,0,0,0.0,0.0489,0.0062,76,4.858,0.0,4.89,20.69,0,0,0,0
PDF_03215,1,1,0.0,0,0,0,0,0.0,0.0226,0.1793,44,4.837,0.0,0.0,0.0,0,0,0,0
PDF_03216,0,1,4.78,0,0,1,0,13.35,0.1356,0.2912,134,4.76,0.0,13.25,63.54,1,0,0,0
PDF_03217,0,1,0.0,4,0,0,0,3.6,0.1104,0.1249,82,3.596,12.62,13.14,17.45,0,1,0,0
PDF_03218,1,1,0.42,0,1,0,0,0.0,0.0319,0.0388,97,5.054,12.68,0.0,4.31,0,1,0,0
PDF_03219,0,1,20.42,0,1,0,0,7.98,0.1339,0.055,106,5.281,2.81,18.04,13.79,0,1,0,0
PDF_03220,1,2,0.0,0,0,0,0,0.0,0.077,0.0738,112,4.881,0.0,0.0,3.4,0,0,0,0
PDF_03221,0,2,0.0,3,0,1,0,19.88,0.0352,0.1966,90,4.181,5.03,0.0,5.54,0,0,0,0
PDF_03222,1,1,0.0,1,3,1,0,11.61,0.0,0.1778,106,6.172,13.08,0.0,2.05,0,0,0,0
PDF_03223,0,1,0.0,0,0,1,1,3.67,0.1415,0.2371,100,5.745,0.0,23.62,54.25,1,0,0,0
PDF_03224,0,1,0.0,0,1,1,0,0.0,0.0175,0.0706,69,5.21,0.0,0.0,0.0,0,1,0,0
PDF_03225,0,2,44.62,8,5,1,0,32.87,0.309,0.4265,124,5.469,23.64,22.21,65.76,1,1,0,0
PDF_03226,0,1,10.33,0,1,0,0,0.0,0.212,0.2499,53,4.539,6.58,0.0,58.49,1,0,0,0
PDF_03227,0,2,0.0,3,0,0,0,0.0,0.1763,0.3108,61,4.506,0.0,0.0,30.35,1,0,0,0
PDF_03228,2,1,27.17,3,2,1,0,51.14,0.2667,0.2927,122,6.282,25.45,10.58,65.96,1,0,0,0
PDF_03229,3,3,20.45,4,2,1,0,21.33,0.1459,0.1334,70,5.806,25.96,32.86,14.54,0,0,0,0
PDF_03230,0,1,0.0,0,0,0,0,0.0,0.1248,0.3005,105,4.249,0.0,0.0,46.3,1,0,0,0
PDF_03231,1,1,36.85,3,2,1,0,41.85,0.2477,0.3353,124,5.885,23.08,50.24,66.11,1,0,0,0
PDF_03232,1,1,3.01,0,0,0,0,0.0,0.0293,0.1196,10,5.129,0.0,0.0,0.0,0,0,0,0
PDF_03233,1,2,21.09,4,3,0,0,0.0,0.1559,0.331,116,5.29,0.0,21.73,68.75,1,0,0,0
PDF_03234,2,2,19.58,4,2,0,0,19.02,0.236,0.2577,160,6.565,18.64,34.36,60.72,1,0,0,0
PDF_03235,1,1,0.0,1,0,0,0,22.74,0.1069,0.1996,58,5.046,16.77,1.43,0.0,0,0,0,0
PDF_03236,1,1,10.41,0,1,1,0,18.53,0.0312,0.1854,80,5.168,10.42,4.15,11.71,0,0,0,0
PDF_03237,0,1,0.0,3,1,0,0,0.0,0.0,0.0014,10,5.82,0.0,0.0,6.42,0,1,0,0
PDF_03238,0,2,28.84,0,0,1,0,8.55,0.1396,0.3265,135,5.354,5.01,16.77,53.26,1,1,0,0
PDF_03239,0,1,23.89,4,0,0,0,14.13,0.2242,0.1562,110,6.309,22.13,25.22,12.89,0,0,0,0
PDF_03240,0,2,0.0,0,2,0,0,0.0,0.0659,0.3763,43,5.004,0.0,0.0,60.19,1,1,0,0
PDF_03241,0,1,25.91,1,0,0,0,13.98,0.1601,0.2585,135,4.926,9.36,19.91,67.58,1,1,0,0
PDF_03242,0,1,20.55,2,3,0,0,0.0,0.161,0.2684,74,5.782,17.75,0.0,59.29,1,0,0,0
PDF_03243,1,2,0.0,3,2,0,0,0.0,0.1287,0.0238,17,4.501,14.46,0.55,0.0,0,0,0,0
PDF_03244,1,1,13.24,1,1,0,0,0.0,0.1571,0.3415,116,5.606,25.06,0.0,55.28,1,0,0,0
PDF_03245,1,2,8.81,0,0,0,0,0.0,0.1343,0.149,118,4.658,1.88,17.87,4.76,0,1,0,0
PDF_03246,0,2,5.42,0,2,1,0,2.59,0.1394,0.2475,112,5.674,0.0,0.0,57.53,1,1,0,0
PDF_03247,0,2,15.9,1,2,1,0,8.68,0.1505,0.3469,105,5.314,0.0,6.08,58.38,1,1,0,0
PDF_03248,0,2,0.0,1,4,1,0,0.0,0.0258,0.227,74,5.588,0.0,0.0,19.97,1,0,0,0
PDF_03249,1,1,39.45,0,4,1,0,0.0,0.1523,0.1316,134,5.48,8.67,17.89,35.15,0,0,0,0
PDF_03250,0,1,43.89,4,5,1,0,31.89,0.1811,0.1881,106,4.874,19.04,34.69,16.04,0,0,0,0
PDF_03251,0,1,39.99,2,4,0,0,7.58,0.1443,0.1455,70,4.913,9.42,39.14,13.81,0,0,0,0
PDF_03252,1,1,0.0,0,0,0,0,6.82,0.0554,0.0787,71,4.785,13.55,1.88,0.0,0,1,0,0
PDF_03253,1,1,24.8,0,0,0,0,3.28,0.2331,0.3237,149,4.965,33.98,16.02,69.79,1,0,0,0
PDF_03254,1,1,15.24,0,2,1,0,0.0,0.1317,0.0454,71,4.959,13.58,17.63,0.0,0,1,0,0
PDF_03255,0,1,0.0,3,1,0,0,9.87,0.1193,0.3373,72,5.495,0.0,1.14,46.97,1,1,0,0
PDF_03256,0,1,23.9,3,5,0,0,0.0,0.1612,0.1505,98,5.16,0.0,13.72,0.0,0,0,0,0
PDF_03257,0,1,8.72,0,1,0,0,5.59,0.1722,0.2198,62,5.639,9.34,0.0,50.25,1,0,0,0
PDF_03258,1,1,15.68,1,4,1,0,11.54,0.216,0.4151,135,5.867,15.95,43.6,51.88,1,0,0,0
PDF_03259,1,3,7.34,4,0,0,0,11.29,0.1504,0.1643,81,5.445,11.32,46.28,0.0,0,1,0,0
PDF_03260,1,1,20.12,4,3,0,0,6.33,0.2363,0.3196,82,4.489,17.47,33.22,48.45,1,1,0,0
PDF_03261,0,2,0.0,0,2,0,0,17.24,0.1038,0.1642,80,4.65,25.44,18.2,19.35,0,0,0,0
PDF_03262,0,2,13.62,2,1,0,0,0.0,0.1445,0.2936,92,3.12,9.24,17.6,33.36,1,0,0,0
PDF_03263,1,1,30.72,0,2,1,0,0.48,0.1068,0.1843,69,5.387,8.05,15.73,15.98,0,0,0,0
PDF_03264,1,2,41.84,2,2,0,0,0.0,0.164,0.1968,133,5.281,34.54,24.64,32.24,0,0,0,0
PDF_03265,0,1,0.0,1,0,0,0,0.0,0.1429,0.2547,70,4.89,0.0,0.0,35.04,1,0,0,0
PDF_03266,0,1,0.0,3,0,1,0,0.0,0.0771,0.0783,75,5.555,0.0,0.0,0.0,0,0,0,0
PDF_03267,1,2,5.74,0,2,0,0,12.34,0.084,0.1298,89,5.794,23.57,2.81,6.17,0,0,0,0
PDF_03268,1,1,0.0,1,0,1,0,0.0,0.1928,0.2458,99,4.926,11.82,12.19,37.27,1,1,0,0
PDF_03269,0,3,57.19,5,3,1,0,13.3,0.3243,0.3547,166,5.16,39.16,39.39,50.59,1,1,0,0
PDF_03270,1,1,20.81,0,0,1,0,21.23,0.0739,0.043,72,5.049,0.0,0.0,8.64,0,0,0,0
PDF_03271,1,1,20.69,3,0,0,0,18.51,0.1197,0.1087,122,6.424,27.53,13.13,9.94,0,1,0,0
PDF_03272,0,1,0.0,2,0,0,0,10.34,0.2114,0.3036,25,5.224,0.0,29.5,59.99,1,0,0,0
PDF_03273,1,1,21.16,5,0,0,0,19.49,0.1196,0.2777,104,5.321,5.4,13.06,0.0,0,1,0,0
PDF_03274,1,1,33.68,5,0,0,0,11.78,0.136,0.0872,75,4.341,16.64,33.41,7.59,0,0,0,0
PDF_03275,1,1,3.32,2,0,0,0,0.0,0.0948,0.2311,105,6.262,6.39,7.9,40.67,1,0,0,0
PDF_03276,0,1,8.16,1,4,0,0,0.0,0.0126,0.1299,21,5.182,0.0,11.82,0.0,0,0,0,0
PDF_03277,0,2,16.41,3,0,1,0,17.6,0.0733,0.1246,87,5.152,21.93,0.0,8.27,0,1,0,0
PDF_03278,1,1,27.75,1,1,1,0,13.74,0.2328,0.3415,152,4.76,22.23,28.63,71.82,1,0,0,0
PDF_03279,1,1,13.14,3,1,0,0,19.42,0.0735,0.088,31,4.855,0.0,0.0,1.57,0,1,0,0
PDF_03280,1,1,29.42,3,4,0,0,25.66,0.1364,0.3022,183,5.137,26.54,11.66,74.42,1,0,0,0
PDF_03281,0,1,0.0,0,0,1,0,8.66,0.0774,0.2045,114,4.901,0.0,0.0,11.05,0,1,0,0
PDF_03282,1,1,23.06,3,1,1,0,13.43,0.2744,0.3694,98,5.741,10.75,16.15,55.41,1,0,0,0
PDF_03283,1,1,0.43,2,0,0,0,0.0,0.1184,0.0491,91,5.526,0.0,0.0,0.0,0,0,0,0
PDF_03284,1,2,35.14,4,1,2,0,18.9,0.2309,0.2361,94,5.509,34.21,46.71,78.25,1,0,0,0
PDF_03285,1,1,53.09,6,6,1,0,0.08,0.1646,0.026,84,5.372,14.29,59.71,7.36,0,1,0,0
PDF_03286,0,1,18.1,2,0,0,0,0.0,0.0691,0.2116,104,5.067,18.95,10.77,10.51,0,0,0,0
PDF_03287,1,2,15.61,0,0,0,0,0.0,0.0,0.0252,79,5.572,4.58,3.42,8.3,0,0,0,0
PDF_03288,1,1,10.33,4,2,0,0,0.0,0.0089,0.0742,110,5.409,0.0,33.47,5.39,0,0,0,0
PDF_03289,1,2,55.23,3,6,1,0,13.2,0.2052,0.2084,118,6.92,29.44,18.16,0.0,0,0,0,0
PDF_03290,0,2,18.99,0,0,0,0,0.0,0.0,0.0721,51,5.093,0.0,0.0,8.12,0,0,0,0
PDF_03291,0,2,5.76,0,1,0,0,16.17,0.0491,0.0743,43,5.356,15.4,26.88,23.48,0,0,0,0
PDF_03292,0,3,0.0,0,2,0,0,0.0,0.1008,0.0763,79,5.036,0.0,10.56,0.0,0,0,0,0
PDF_03293,0,1,11.73,0,4,1,0,3.69,0.0982,0.2173,89,5.116,3.61,23.57,0.0,0,0,0,0
PDF_03294,0,1,4.18,1,0,0,0,0.0,0.093,0.1397,97,5.801,3.63,0.0,0.0,0,1,0,0
PDF_03295,1,2,25.44,0,3,0,0,25.33,0.2206,0.3606,75,5.425,0.0,0.0,65.32,1,0,0,0
PDF_03296,1,1,3.71,5,0,0,0,0.0,0.1191,0.4022,114,4.415,0.0,23.9,44.71,1,0,0,0
PDF_03297,0,1,0.0,1,1,0,0,0.0,0.0313,0.0605,22,6.156,0.0,0.0,0.0,0,0,0,0
PDF_03298,1,2,0.0,0,0,0,0,18.43,0.0955,0.1123,68,4.337,0.0,0.0,0.0,0,0,0,0
PDF_03299,0,1,16.85,1,2,0,0,0.0,0.1355,0.2085,87,5.443,6.06,19.41,24.17,0,0,0,0
PDF_03300,0,2,0.0,0,1,0,0,3.08,0.1176,0.341,74,6.132,30.18,6.06,50.43,1,0,0,0
PDF_03301,1,1,43.73,4,0,0,0,19.4,0.1672,0.1197,123,6.115,39.0,16.45,7.13,0,0,0,0
PDF_03302,0,2,22.61,1,0,0,0,30.72,0.1003,0.1581,57,6.191,17.64,30.89,14.46,0,1,0,0
PDF_03303,1,1,27.52,0,0,1,1,27.07,0.0905,0.1687,79,5.646,14.13,11.01,13.59,0,1,0,0
PDF_03304,0,1,0.0,0,0,0,0,0.0,0.0429,0.2092,41,5.887,0.0,0.0,32.6,1,0,0,0
PDF_03305,1,1,27.88,5,2,0,0,1.87,0.2219,0.3258,160,4.633,4.43,40.2,85.77,1,0,0,0
PDF_03306,0,1,27.69,0,0,0,0,0.0,0.1162,0.3865,107,4.559,21.9,11.04,73.9,1,0,0,0
PDF_03307,0,1,0.0,0,1,0,0,0.0,0.0746,0.3454,14,5.321,0.0,0.0,42.21,1,0,0,0
PDF_03308,0,1,0.0,1,0,1,0,0.0,0.0365,0.0541,77,5.446,0.08,21.9,0.0,0,0,0,0
PDF_03309,0,1,0.0,2,0,1,0,0.0,0.1589,0.2964,69,4.679,0.0,0.0,39.77,1,0,0,0
PDF_03310,1,1,0.0,0,1,0,0,0.0,0.0247,0.1278,70,5.92,0.0,6.78,1.63,0,0,0,0
PDF_03311,0,1,41.39,2,1,2,0,46.4,0.1118,0.1327,102,5.507,14.15,14.37,29.92,0,0,0,0
PDF_03312,0,1,29.21,2,3,2,0,21.96,0.0849,0.1902,126,5.797,33.98,4.42,8.17,0,0,0,0
PDF_03313,2,2,26.74,1,0,0,0,24.8,0.0964,0.0536,115,5.065,4.58,14.63,25.74,0,0,0,0
PDF_03314,2,2,50.22,5,3,0,0,34.05,0.1325,0.1443,105,5.347,52.83,37.18,12.85,0,1,0,0
PDF_03315,0,1,35.89,2,6,0,0,9.97,0.1883,0.3032,92,5.376,26.46,29.81,60.74,1,0,0,0
PDF_03316,2,2,0.0,3,1,0,0,2.69,0.0133,0.1345,78,4.702,0.0,0.0,0.0,0,0,0,0
PDF_03317,0,1,0.0,0,0,0,0,0.0,0.0689,0.2756,103,5.228,0.0,0.0,55.44,1,0,0,0
PDF_03318,0,1,4.91,0,2,0,0,1.39,0.1213,0.1489,75,5.863,0.0,11.19,15.09,0,0,0,0
PDF_03319,1,1,0.0,2,1,0,0,0.0,0.0331,0.1652,84,5.533,0.0,0.0,0.0,0,0,0,0
PDF_03320,0,1,0.0,3,1,1,0,0.26,0.0663,0.0396,85,5.042,0.0,0.0,19.95,0,0,0,0
PDF_03321,0,1,0.0,0,0,0,0,0.0,0.0,0.0,31,5.139,0.0,0.0,0.0,0,0,0,0
PDF_03322,2,1,16.68,2,4,0,0,9.65,0.2242,0.3231,122,5.443,13.54,15.85,56.8,1,1,0,0
PDF_03323,1,1,0.0,0,0,0,0,0.0,0.1327,0.2598,44,5.503,0.0,0.0,45.35,1,0,0,0
PDF_03324,1,2,32.97,6,5,2,0,42.74,0.1262,0.1143,190,4.707,24.81,27.84,18.37,0,1,0,0
PDF_03325,1,1,35.8,2,4,1,0,20.57,0.1301,0.0701,143,4.866,2.41,51.06,32.0,0,0,0,0
PDF_03326,1,1,0.0,0,2,0,0,21.01,0.1266,0.2429,99,4.016,0.0,1.62,38.87,1,1,0,0
PDF_03327,0,1,20.58,0,3,1,0,18.96,0.0702,0.1347,114,5.27,24.2,3.78,15.15,0,0,0,0
PDF_03328,1,1,0.74,3,2,0,0,0.0,0.1139,0.251,17,5.214,0.0,0.0,46.51,1,0,0,0
PDF_03329,1,2,21.88,3,4,1,0,5.77,0.1141,0.2114,113,5.883,32.58,25.48,26.98,0,0,0,0
PDF_03330,2,3,70.98,6,6,1,0,50.9,0.1825,0.1397,147,5.791,20.94,74.53,31.15,0,0,0,0
PDF_03331,0,1,0.0,0,1,0,0,0.0,0.1247,0.2207,83,5.016,0.0,0.0,29.33,1,0,0,0
PDF_03332,0,1,0.0,2,1,0,0,0.0,0.0744,0.0974,64,5.42,0.0,0.0,5.63,0,0,0,0
PDF_03333,2,2,6.91,1,5,0,0,2.3,0.0287,0.1129,80,5.411,13.16,0.0,8.43,0,0,0,0
PDF_03334,0,1,0.0,1,0,0,0,0.0,0.057,0.042,49,6.327,0.0,0.0,0.0,0,0,0,0
PDF_03335,1,2,1.96,2,1,0,0,0.0,0.0908,0.1761,81,5.348,12.57,0.0,0.0,0,0,0,0
PDF_03336,1,1,3.52,0,0,1,0,9.9,0.166,0.2985,31,5.479,0.0,0.0,42.79,1,0,0,0
PDF_03337,2,3,63.51,7,1,1,0,46.97,0.2176,0.4048,167,5.359,39.54,42.79,92.87,1,0,0,0
PDF_03338,0,1,7.6,3,6,0,0,0.0,0.1056,0.0679,45,4.959,0.0,0.57,12.14,0,0,0,0
PDF_03339,0,2,0.0,0,2,0,0,0.0,0.1232,0.383,77,4.75,1.5,0.0,76.29,1,0,0,0
PDF_03340,1,1,6.81,0,0,0,0,0.0,0.0312,0.0408,61,4.958,7.67,7.54,15.44,0,0,0,0
PDF_03341,0,3,16.45,2,4,1,0,0.0,0.1934,0.3505,124,5.271,1.74,16.95,48.87,1,0,0,0
PDF_03342,1,1,0.0,2,1,0,0,0.0,0.0735,0.111,98,4.479,0.0,0.0,0.0,0,0,0,0
PDF_03343,0,2,8.87,2,1,0,0,0.0,0.0143,0.0376,27,5.195,0.0,0.0,0.0,0,0,0,0
PDF_03344,1,2,24.94,1,0,0,0,26.45,0.2124,0.1115,87,6.101,18.07,30.24,14.5,0,0,0,0
PDF_03345,0,1,16.53,1,2,0,0,6.88,0.0457,0.0944,25,5.565,35.87,27.49,8.1,0,0,0,0
PDF_03346,1,1,4.2,2,0,1,0,0.0,0.1688,0.1872,76,5.683,0.0,17.7,0.0,0,1,0,0
PDF_03347,0,2,0.0,0,0,0,0,0.0,0.0339,0.0883,60,6.299,0.0,14.59,1.15,0,0,0,0
PDF_03348,1,1,47.3,6,2,1,0,41.64,0.1647,0.2789,112,5.031,24.23,34.89,6.65,0,1,0,0
PDF_03349,2,2,2.93,0,3,0,0,0.0,0.0376,0.1153,24,5.356,0.0,0.51,8.81,0,0,0,0
PDF_03350,0,1,57.24,5,1,1,0,12.77,0.1925,0.171,136,7.013,21.42,57.61,21.59,0,0,0,0
PDF_03351,0,1,8.03,4,0,0,0,0.0,0.1212,0.1059,119,5.067,6.05,0.0,13.55,0,0,0,0
PDF_03352,2,2,44.4,8,2,1,0,30.64,0.215,0.1987,151,5.626,26.25,49.76,32.63,0,0,0,0
PDF_03353,0,2,0.0,1,0,1,0,0.0,0.0,0.0846,48,4.882,0.0,0.0,5.59,0,0,0,0
PDF_03354,1,2,0.0,3,4,0,0,0.0,0.1306,0.3397,94,5.757,6.67,18.06,44.04,1,0,0,0
PDF_03355,1,2,0.0,6,4,1,0,21.6,0.1939,0.3735,94,6.001,0.0,2.78,32.28,1,1,0,0
PDF_03356,1,1,0.0,0,2,0,0,0.0,0.0,0.0986,52,3.913,0.0,0.0,0.0,0,1,0,0
PDF_03357,0,1,9.55,2,0,0,0,27.06,0.1922,0.15,120,4.93,0.0,0.81,24.36,0,0,0,0
PDF_03358,0,1,39.84,5,1,0,0,0.6,0.246,0.365,159,5.394,11.58,29.12,71.41,1,0,0,0
PDF_03359,1,2,0.0,0,0,1,0,2.59,0.1303,0.1205,97,5.741,0.0,16.95,7.59,0,0,0,0
PDF_03360,0,1,11.38,0,0,1,0,0.0,0.2202,0.2838,111,5.019,3.63,31.09,56.11,1,0,0,0
PDF_03361,0,1,0.0,1,3,0,0,0.0,0.0,0.1046,41,5.155,0.0,0.0,0.0,0,0,0,0
PDF_03362,0,2,0.0,3,0,0,0,11.43,0.0317,0.1328,75,4.553,20.95,16.58,22.99,0,0,0,0
PDF_03363,0,1,19.0,2,3,0,0,9.76,0.0575,0.0014,72,6.503,4.82,8.4,0.85,0,0,0,0
PDF_03364,1,1,0.0,1,0,0,0,0.0,0.1037,0.3102,55,4.867,0.0,0.0,52.36,1,0,0,0
PDF_03365,1,2,33.77,8,2,0,0,44.56,0.2086,0.2409,130,6.13,45.23,44.19,23.86,0,0,0,0
PDF_03366,2,1,31.35,4,3,2,0,12.88,0.1705,0.1383,123,6.893,5.19,60.66,13.96,0,0,0,0
PDF_03367,4,1,33.56,1,1,1,0,2.86,0.073,0.0572,39,5.231,25.61,0.0,5.54,0,1,0,0
PDF_03368,1,1,5.84,0,4,1,0,0.0,0.0822,0.1352,122,4.3,0.0,30.44,1.2,0,0,0,0
PDF_03369,0,1,0.21,0,0,0,0,0.0,0.0812,0.0558,59,5.374,0.0,3.57,3.07,0,1,0,0
PDF_03370,0,1,0.0,0,0,0,0,0.0,0.0776,0.0794,105,5.507,7.83,22.1,0.0,0,0,0,0
PDF_03371,1,2,6.05,0,1,0,0,5.88,0.1859,0.3078,111,5.82,4.23,7.34,59.14,1,0,0,0
PDF_03372,1,1,0.0,4,2,1,0,0.0,0.0495,0.0744,72,4.336,0.0,0.0,0.0,0,0,0,0
PDF_03373,0,1,0.0,3,1,0,0,17.01,0.0981,0.1398,109,5.33,0.0,5.02,0.0,0,1,0,0
PDF_03374,0,1,34.65,1,0,0,1,14.14,0.2161,0.3644,91,6.388,18.05,44.86,55.84,1,0,0,0
PDF_03375,2,1,24.21,1,2,1,0,9.17,0.1887,0.3824,107,5.246,14.8,8.57,72.06,1,0,0,0
PDF_03376,0,1,0.0,1,0,0,0,0.0,0.0,0.0193,26,6.291,0.0,0.0,0.0,0,1,0,0
PDF_03377,0,1,9.37,1,1,0,0,0.0,0.2641,0.3191,127,4.384,21.52,18.44,46.22,1,0,0,0
PDF_03378,1,1,0.0,0,0,1,0,8.55,0.1222,0.2962,78,5.581,12.32,0.0,58.21,1,0,0,0
PDF_03379,0,1,24.66,8,5,1,0,23.63,0.2521,0.3577,129,5.592,26.47,26.38,79.28,1,0,0,0
PDF_03380,1,2,21.58,0,1,0,0,34.21,0.2047,0.3592,97,5.907,16.52,30.57,60.36,1,0,0,0
PDF_03381,2,2,34.54,5,5,1,0,16.52,0.1379,0.1848,128,6.223,18.35,33.77,6.25,0,1,0,0
PDF_03382,0,1,14.32,4,4,0,0,24.75,0.204,0.1321,103,6.117,13.2,0.0,11.2,0,0,0,0
PDF_03383,0,2,11.68,0,0,1,0,0.0,0.0616,0.1231,70,4.763,0.0,0.0,0.66,0,0,0,0
PDF_03384,0,1,0.0,2,0,0,0,0.0,0.0701,0.348,100,5.901,0.0,0.0,41.99,1,0,0,0
PDF_03385,1,2,57.37,8,4,1,0,0.0,0.2943,0.3211,191,5.401,20.77,21.58,68.48,1,0,0,0
PDF_03386,0,1,0.0,0,1,0,0,0.0,0.0317,0.0897,19,6.262,0.0,0.0,1.41,0,0,0,0
PDF_03387,2,1,9.74,6,4,0,0,0.0,0.2173,0.3262,105,5.928,13.35,26.44,59.88,1,1,0,0
PDF_03388,1,2,0.0,0,3,1,0,0.0,0.0521,0.1061,72,4.863,0.0,25.86,8.8,0,0,0,0
PDF_03389,0,1,0.0,0,1,1,0,0.0,0.1974,0.2358,152,4.467,5.51,11.38,48.91,1,0,0,0
PDF_03390,0,2,21.87,3,1,0,0,17.28,0.2101,0.3522,136,6.306,38.18,9.62,70.86,1,1,0,0
PDF_03391,0,1,17.79,3,3,0,0,0.0,0.1155,0.1142,79,6.112,21.62,3.3,20.77,0,0,0,0
PDF_03392,0,1,5.43,0,0,0,0,0.0,0.0182,0.0335,47,5.861,4.24,0.0,0.0,0,0,0,0
PDF_03393,0,1,30.35,0,3,0,0,0.27,0.1128,0.0379,76,4.456,6.62,8.17,2.21,0,0,0,0
PDF_03394,1,2,27.5,0,0,0,0,0.0,0.1201,0.103,84,6.06,23.22,10.24,21.62,0,0,0,0
PDF_03395,0,1,21.61,0,1,0,0,0.0,0.1318,0.1177,86,5.025,6.7,20.49,0.0,0,0,0,0
PDF_03396,0,1,24.07,2,1,0,0,0.0,0.1463,0.288,63,5.293,0.0,42.3,63.42,1,0,0,0
PDF_03397,0,1,12.95,1,2,0,0,23.16,0.0579,0.1439,89,5.379,17.78,10.23,35.56,0,1,0,0
PDF_03398,3,2,22.92,1,0,0,0,9.86,0.1364,0.0835,82,5.559,21.91,36.44,8.31,0,0,0,0
PDF_03399,1,3,25.72,1,0,1,0,19.75,0.0955,0.1294,124,5.184,14.09,5.31,36.12,0,0,0,0
PDF_03400,2,2,51.03,1,3,0,0,24.97,0.1975,0.1327,121,6.068,38.74,13.55,24.04,0,0,0,0
PDF_03401,0,2,55.79,2,1,0,0,25.54,0.1876,0.1511,127,5.881,41.38,17.76,0.68,0,1,0,0
PDF_03402,0,1,40.02,5,1,0,0,7.54,0.2118,0.2877,133,5.794,7.99,22.62,75.27,1,0,0,0
PDF_03403,0,1,15.27,4,2,0,0,0.0,0.081,0.169,30,6.234,21.84,27.9,6.6,0,0,0,0
PDF_03404,1,1,34.54,0,4,1,0,15.23,0.099,0.2531,93,5.473,28.94,25.81,11.82,0,0,0,0
PDF_03405,0,3,0.0,0,2,0,0,0.0,0.0368,0.0614,74,4.556,4.31,0.0,25.2,0,0,0,0
PDF_03406,1,1,0.0,3,3,0,0,0.0,0.0471,0.0928,33,5.839,0.0,7.43,6.87,0,0,0,0
PDF_03407,0,2,0.0,4,0,0,0,20.64,0.0683,0.1243,122,4.226,0.0,0.0,15.58,0,1,0,0
PDF_03408,0,1,30.85,1,2,1,1,15.16,0.2207,0.2816,149,6.02,3.51,42.0,58.48,1,0,0,0
PDF_03409,2,2,17.71,0,4,1,0,0.0,0.1604,0.0909,79,6.883,31.87,21.83,13.43,0,0,0,0
PDF_03410,0,1,4.74,0,0,0,0,0.0,0.1491,0.3245,60,4.688,0.0,0.0,57.49,1,0,0,0
PDF_03411,2,1,2.1,0,3,1,0,0.0,0.1403,0.3758,99,6.722,11.22,8.19,37.48,1,0,0,0
PDF_03412,0,1,0.0,0,0,0,0,5.41,0.0962,0.1225,86,5.804,11.31,7.46,6.08,0,1,0,0
PDF_03413,1,3,27.44,5,2,0,0,22.05,0.2869,0.4026,168,4.857,16.01,20.49,67.45,1,1,0,0
PDF_03414,1,2,21.87,1,2,0,0,5.35,0.1291,0.1849,99,5.188,3.95,26.44,23.09,0,1,0,0
PDF_03415,1,1,19.31,3,0,1,0,17.76,0.1823,0.2748,72,6.231,3.08,32.92,59.69,1,0,0,0
PDF_03416,1,2,31.3,3,1,0,0,2.34,0.075,0.2077,78,6.1,10.47,33.36,18.36,0,0,0,0
PDF_03417,1,1,30.95,2,0,1,0,18.12,0.1304,0.0908,78,5.579,16.39,15.48,24.65,0,0,0,0
PDF_03418,0,1,0.0,0,0,0,1,0.0,0.0,0.096,47,5.22,0.0,0.0,6.1,0,0,0,0
PDF_03419,2,1,25.96,1,0,0,0,26.3,0.1384,0.3292,90,5.097,2.57,32.0,61.43,1,0,0,0
PDF_03420,2,2,24.74,4,1,1,0,22.62,0.1355,0.1666,133,5.422,60.1,47.79,16.41,0,0,0,0
PDF_03421,1,1,0.0,2,3,0,0,0.0,0.062,0.1771,33,5.967,3.39,7.04,22.98,0,0,0,0
PDF_03422,0,1,13.39,3,2,1,0,0.0,0.048,0.1433,102,5.37,0.0,5.26,12.51,0,0,0,0
PDF_03423,0,1,6.02,0,0,0,0,1.97,0.0753,0.0932,45,5.259,6.06,13.97,6.45,0,0,0,0
PDF_03424,0,1,2.02,0,3,0,0,0.0,0.1269,0.3253,97,5.547,0.0,0.0,62.44,1,0,0,0
PDF_03425,1,2,21.88,2,0,0,0,27.92,0.2608,0.3249,153,6.194,20.38,47.74,78.34,1,0,0,0
PDF_03426,0,1,16.19,3,0,1,0,0.0,0.0865,0.0976,84,5.503,15.36,21.71,0.0,0,0,0,0
PDF_03427,1,2,0.0,0,1,0,0,0.0,0.0162,0.1152,75,4.657,0.0,0.0,0.0,0,0,0,0
PDF_03428,0,2,0.0,2,0,1,0,3.38,0.0053,0.0957,50,4.143,0.0,0.0,2.27,0,0,0,0
PDF_03429,0,1,0.0,0,0,0,0,0.0,0.0185,0.0447,11,4.991,0.0,0.0,8.73,0,0,0,0
PDF_03430,0,1,18.06,5,0,0,0,10.55,0.106,0.1369,101,5.549,9.54,21.35,13.22,0,0,0,0
PDF_03431,0,2,23.03,0,2,1,0,11.85,0.1167,0.1483,121,5.256,0.0,8.15,10.44,0,1,0,0
PDF_03432,0,1,0.0,0,1,0,0,0.0,0.0504,0.0853,40,5.236,0.0,19.72,0.0,0,0,0,0
PDF_03433,0,2,29.65,3,4,0,0,11.87,0.245,0.3931,136,4.87,0.0,13.15,64.32,1,0,0,0
PDF_03434,0,1,51.14,6,3,1,0,29.0,0.2155,0.2736,164,6.026,34.41,51.32,26.75,0,0,0,0
PDF_03435,1,2,30.49,3,4,0,0,32.39,0.2981,0.3505,129,5.565,17.79,24.23,64.08,1,1,0,0
PDF_03436,0,2,39.19,7,3,2,0,21.01,0.1955,0.1014,99,4.547,20.44,29.33,0.21,0,0,0,0
PDF_03437,1,3,1.04,0,3,0,0,0.54,0.0305,0.0524,82,5.218,10.89,21.35,0.0,0,1,0,0
PDF_03438,0,1,4.52,1,0,1,0,0.0,0.0928,0.1131,81,5.262,3.96,30.54,12.62,0,0,0,0
PDF_03439,2,1,0.0,0,2,0,0,22.68,0.2295,0.2746,120,4.521,14.35,23.23,65.91,1,1,0,0
PDF_03440,1,2,40.31,0,0,1,0,12.96,0.1151,0.1122,106,5.338,38.76,38.56,7.93,0,0,0,0
PDF_03441,1,1,9.72,2,3,0,0,6.2,0.0122,0.172,62,4.889,14.12,11.27,16.04,0,1,0,0
PDF_03442,1,2,0.0,1,2,0,0,0.0,0.2247,0.3388,82,5.399,0.0,21.41,63.1,1,0,0,0
PDF_03443,0,1,13.34,2,0,1,0,19.73,0.1623,0.1911,88,5.099,19.02,31.26,0.0,0,1,0,0
PDF_03444,0,1,0.0,1,2,0,0,4.52,0.195,0.2806,100,5.176,0.0,0.0,58.98,1,1,0,0
PDF_03445,0,1,21.51,0,0,0,0,0.0,0.0045,0.077,24,6.148,2.31,9.25,10.6,0,0,0,0
PDF_03446,0,1,0.0,1,0,0,0,0.0,0.066,0.1452,104,5.23,0.0,0.0,58.3,1,0,0,0
PDF_03447,1,2,12.36,0,4,1,0,0.0,0.1434,0.1024,100,5.795,0.0,38.72,19.88,0,0,0,0
PDF_03448,1,2,22.91,7,7,1,0,21.16,0.2948,0.3854,135,6.712,21.21,6.36,39.43,1,0,0,0
PDF_03449,2,2,32.1,4,0,0,0,31.08,0.246,0.2551,129,5.157,0.0,9.27,37.96,1,1,0,0
PDF_03450,1,3,18.45,0,0,0,0,31.45,0.2964,0.3178,123,5.202,25.65,24.2,57.46,1,1,0,0
PDF_03451,1,1,21.94,4,3,0,0,7.21,0.2159,0.3029,148,5.124,0.0,16.73,58.59,1,1,0,0
PDF_03452,0,2,0.0,0,0,1,0,0.0,0.0402,0.1678,12,5.159,0.0,0.0,36.86,1,1,0,0
PDF_03453,0,2,34.89,0,2,2,0,4.05,0.0881,0.1813,144,5.011,15.5,41.76,8.86,0,0,0,0
PDF_03454,0,1,9.82,0,0,0,0,0.0,0.0819,0.0807,56,5.446,0.0,24.62,10.5,0,0,0,0
PDF_03455,0,1,0.0,1,2,1,0,11.85,0.0522,0.1041,88,5.062,2.64,11.25,24.7,0,0,0,0
PDF_03456,0,1,0.0,0,1,0,0,0.0,0.0575,0.3381,64,5.413,0.0,1.26,44.09,1,0,0,0
PDF_03457,0,1,39.17,0,2,1,0,18.47,0.1897,0.2598,144,5.148,0.0,17.67,56.04,1,0,0,0
PDF_03458,0,1,29.57,0,1,0,0,6.99,0.1086,0.1391,96,5.292,14.59,12.57,13.25,0,1,0,0
PDF_03459,1,2,35.08,7,1,1,0,7.18,0.2245,0.3448,117,4.528,15.08,29.0,71.77,1,0,0,0
PDF_03460,1,1,36.68,4,1,1,0,19.01,0.1344,0.1798,78,5.86,21.14,2.45,23.16,0,0,0,0
PDF_03461,2,2,33.69,5,6,1,0,27.02,0.154,0.1151,151,6.071,45.4,32.14,33.3,0,0,0,0
PDF_03462,0,1,19.02,2,3,0,0,8.18,0.2101,0.3262,100,4.703,0.84,23.04,45.6,1,0,0,0
PDF_03463,1,1,0.0,0,0,1,0,0.0,0.0601,0.1042,83,5.746,0.0,0.0,0.0,0,0,0,0
PDF_03464,1,1,12.54,4,3,0,0,14.72,0.2763,0.1972,101,6.113,9.87,0.0,57.65,1,0,0,0
PDF_03465,0,2,0.0,0,0,0,0,0.0,0.0475,0.0511,119,5.376,0.0,10.41,7.36,0,0,0,0
PDF_03466,0,1,18.04,1,2,0,0,8.8,0.0173,0.1834,53,6.368,0.0,9.05,3.23,0,0,0,0
PDF_03467,0,1,4.65,2,2,0,0,0.0,0.1236,0.2722,109,6.251,0.0,2.71,47.37,1,1,0,0
PDF_03468,0,2,3.54,0,0,0,0,31.06,0.2009,0.3786,152,5.383,10.67,14.27,58.06,1,1,0,0
PDF_03469,0,1,25.78,1,6,0,0,46.16,0.2644,0.3403,126,5.423,30.92,9.49,63.93,1,1,0,0
PDF_03470,0,1,0.0,0,0,0,0,0.0,0.0,0.0,58,5.997,8.76,0.0,0.0,0,0,0,0
PDF_03471,1,1,13.98,0,5,0,0,0.0,0.0585,0.113,36,5.419,0.0,19.39,2.07,0,0,0,0
PDF_03472,0,1,0.0,0,1,0,0,11.95,0.1266,0.1072,83,4.416,18.09,25.35,11.79,0,1,0,0
PDF_03473,2,1,46.18,6,0,1,0,34.43,0.1448,0.1122,134,4.935,41.82,51.1,37.02,0,1,0,0
PDF_03474,1,1,0.0,0,0,0,0,1.03,0.0982,0.2612,58,4.06,0.0,0.0,41.89,1,0,0,0
PDF_03475,0,2,34.01,3,4,1,0,19.43,0.0922,0.1617,85,5.766,17.76,17.51,0.0,0,0,0,0
PDF_03476,0,1,16.42,0,0,1,0,32.64,0.0991,0.1661,112,5.954,23.96,33.28,0.98,0,1,0,0
PDF_03477,0,1,19.75,0,4,0,0,4.54,0.1265,0.0932,80,5.372,5.3,0.0,6.2,0,0,0,0
PDF_03478,1,1,6.22,0,0,0,0,2.35,0.088,0.0907,79,5.031,1.31,0.0,16.06,0,0,0,0
PDF_03479,2,1,0.0,0,0,0,0,0.0,0.1261,0.2158,86,5.325,0.0,0.0,58.35,1,0,0,0
PDF_03480,1,1,0.0,1,0,0,0,2.96,0.103,0.3052,16,4.735,3.71,6.61,35.08,1,1,0,0
PDF_03481,1,2,57.92,7,6,1,0,47.29,0.2384,0.4664,121,5.994,31.12,48.18,70.22,1,1,0,0
PDF_03482,0,2,10.79,0,2,0,0,8.54,0.1906,0.3542,154,5.939,1.18,19.45,66.01,1,1,0,0
PDF_03483,2,2,21.74,0,2,0,0,0.0,0.0958,0.0899,75,4.274,10.87,23.03,0.0,0,0,0,0
PDF_03484,0,1,0.0,0,0,0,0,0.0,0.0505,0.2502,87,4.879,0.0,0.0,66.25,1,0,0,0
PDF_03485,1,1,58.36,4,3,2,0,24.51,0.1218,0.1213,144,5.796,15.38,43.47,23.48,0,1,0,0
PDF_03486,1,2,5.71,2,3,0,0,38.14,0.0911,0.16,130,5.354,32.4,19.8,16.68,0,1,0,0
PDF_03487,0,1,0.0,0,1,0,0,1.56,0.0995,0.2632,129,5.45,0.0,0.0,38.53,1,1,0,0
PDF_03488,1,2,40.15,1,3,1,1,23.56,0.1067,0.148,98,5.64,0.0,38.86,6.18,0,0,0,0
PDF_03489,0,1,9.44,0,0,0,0,5.12,0.0794,0.1564,94,5.599,0.0,27.08,0.0,0,0,0,0
PDF_03490,0,1,27.08,0,1,0,0,9.45,0.2039,0.358,76,4.442,24.26,20.79,38.3,1,0,0,0
PDF_03491,0,1,28.3,2,2,1,0,0.0,0.1459,0.0576,76,6.288,11.77,6.09,6.63,0,0,0,0
PDF_03492,1,1,28.55,1,0,0,0,21.1,0.1145,0.1682,115,5.477,41.67,24.95,29.15,0,0,0,0
PDF_03493,1,2,0.0,1,0,0,0,25.35,0.1256,0.3216,42,4.799,0.0,13.53,51.34,1,1,0,0
PDF_03494,0,2,27.33,3,2,0,0,17.84,0.2947,0.3279,125,5.715,6.49,0.0,48.33,1,1,0,0
PDF_03495,0,1,41.81,0,3,0,0,4.96,0.0782,0.1646,99,5.237,22.91,27.89,5.21,0,0,0,0
PDF_03496,1,1,11.67,0,0,0,0,4.19,0.0,0.1323,76,5.766,0.0,0.0,14.95,0,0,0,0
PDF_03497,0,2,42.15,0,5,1,0,0.0,0.0483,0.1241,110,5.099,10.36,4.85,9.46,0,0,0,0
PDF_03498,2,2,5.02,2,4,0,0,0.0,0.1631,0.2738,81,6.553,0.14,0.0,44.8,1,0,0,0
PDF_03499,0,1,22.49,0,0,0,0,3.29,0.0461,0.101,73,5.476,0.0,0.0,0.0,0,1,0,0
PDF_03500,0,1,0.0,0,0,0,0,12.66,0.1704,0.2911,100,5.714,0.0,0.0,54.13,1,1,0,0
PDF_03501,2,3,39.95,3,1,0,0,25.08,0.1852,0.1613,147,6.037,4.95,52.12,26.11,0,1,0,0
PDF_03502,0,1,0.0,0,2,0,0,0.0,0.0,0.0662,12,5.753,0.0,2.47,0.0,0,0,0,0
PDF_03503,1,1,0.0,0,1,0,0,7.61,0.1368,0.2821,100,4.919,0.0,0.0,55.15,1,1,0,0
PDF_03504,0,1,29.58,2,1,0,0,23.66,0.0767,0.1977,141,5.151,37.45,8.27,22.93,0,1,0,0
PDF_03505,2,2,56.11,8,5,2,0,22.61,0.1918,0.1514,179,6.573,23.09,41.35,15.73,0,0,0,0
PDF_03506,2,2,19.72,4,0,1,0,10.95,0.0561,0.1823,85,5.259,13.26,36.09,25.52,0,0,0,0
PDF_03507,1,2,32.9,5,0,1,0,13.99,0.2373,0.3498,121,4.696,0.0,42.89,69.51,1,0,0,0
PDF_03508,1,2,25.36,2,1,0,0,0.0,0.1294,0.3562,116,4.547,0.0,17.8,59.27,1,0,0,0
PDF_03509,1,1,20.53,3,0,0,0,22.64,0.2177,0.2862,149,5.845,5.92,34.63,65.62,1,1,0,0
PDF_03510,2,1,16.19,3,1,0,0,8.26,0.2093,0.3369,101,5.13,14.53,16.62,57.84,1,0,0,0
PDF_03511,1,1,5.87,1,0,1,0,0.0,0.0312,0.1094,80,5.513,0.0,0.0,3.75,0,0,0,0
PDF_03512,0,1,39.14,5,4,0,0,30.62,0.1922,0.238,158,6.545,14.25,9.04,31.58,0,0,0,0
PDF_03513,0,2,8.72,0,1,0,0,2.42,0.1286,0.1286,110,6.212,6.55,37.45,35.05,0,0,0,0
PDF_03514,0,1,0.0,0,2,2,0,0.0,0.1191,0.2052,81,5.784,0.0,0.0,23.23,1,1,0,0
PDF_03515,1,2,50.99,7,0,0,0,11.69,0.2427,0.4463,142,6.293,37.58,40.63,77.27,1,0,0,0
PDF_03516,0,2,50.78,6,2,1,0,15.93,0.3029,0.3783,143,6.001,0.0,46.36,54.89,1,0,0,0
PDF_03517,0,1,22.04,0,0,0,0,26.79,0.1332,0.1374,125,5.461,27.34,33.22,6.91,0,0,0,0
PDF_03518,2,2,57.42,9,2,0,0,47.3,0.2395,0.3508,171,6.613,39.5,70.58,69.41,1,1,0,0
PDF_03519,2,1,17.88,0,3,0,0,12.65,0.0791,0.0804,66,5.928,0.0,10.64,26.5,0,0,0,0
PDF_03520,2,1,25.84,1,0,1,0,9.08,0.1947,0.3933,139,4.694,18.11,21.45,60.41,1,0,0,0
PDF_03521,1,2,27.29,6,2,0,0,0.0,0.0997,0.0663,95,4.56,5.13,28.95,13.79,0,1,0,0
PDF_03522,3,2,71.81,1,5,0,0,5.29,0.1339,0.117,156,6.213,46.61,56.58,24.91,0,0,0,0
PDF_03523,0,1,2.38,0,0,0,0,23.47,0.0458,0.1963,35,5.572,16.05,3.35,9.73,0,1,0,0
PDF_03524,0,1,16.42,2,3,0,0,10.68,0.0452,0.1187,143,5.836,25.38,20.46,5.0,0,0,0,0
PDF_03525,1,2,0.0,0,0,0,0,0.0,0.0224,0.1596,56,4.277,0.0,0.0,0.0,0,1,0,0
PDF_03526,0,2,27.27,0,0,1,0,30.52,0.1447,0.0989,121,7.15,6.06,24.2,23.23,0,0,0,0
PDF_03527,0,1,2.6,0,0,1,0,0.0,0.0778,0.0861,103,5.56,0.0,16.4,0.0,0,0,0,0
PDF_03528,0,1,29.77,2,0,1,0,2.03,0.1312,0.1858,80,5.76,8.19,34.9,19.95,0,0,0,0
PDF_03529,0,1,15.27,0,1,0,0,0.0,0.1128,0.1305,128,5.189,15.26,0.0,13.42,0,0,0,0
PDF_03530,0,1,0.0,0,1,0,0,0.0,0.1028,0.2565,44,5.475,6.02,0.0,27.31,1,0,0,0
PDF_03531,1,3,21.02,6,0,1,0,28.82,0.1042,0.1589,87,6.396,6.2,13.28,37.28,0,0,0,0
PDF_03532,1,2,9.19,0,0,0,0,0.0,0.0483,0.0835,89,5.709,0.0,7.08,1.38,0,0,0,0
PDF_03533,1,1,8.55,1,0,1,0,0.0,0.0948,0.1442,31,6.286,0.0,9.57,23.36,0,0,0,0
PDF_03534,1,2,27.49,6,4,0,0,8.69,0.1068,0.2064,106,4.871,33.21,38.31,13.93,0,0,0,0
PDF_03535,2,3,29.55,2,0,0,0,4.04,0.1828,0.3078,108,5.128,14.25,47.25,49.79,1,1,0,0
PDF_03536,2,1,2.51,6,3,0,0,22.98,0.169,0.2459,56,5.852,17.55,35.77,17.79,0,1,0,0
PDF_03537,1,1,0.0,1,5,1,0,0.0,0.0766,0.0387,59,5.783,6.25,20.46,0.0,0,1,0,0
PDF_03538,0,2,54.3,0,3,0,0,10.07,0.3075,0.2977,138,5.469,0.0,39.74,68.86,1,0,0,0
PDF_03539,1,1,23.05,4,0,2,0,3.31,0.2162,0.3163,93,5.043,4.78,9.01,52.62,1,0,0,0
PDF_03540,1,1,13.34,0,0,1,0,1.1,0.1573,0.3143,124,5.775,0.0,3.35,34.55,1,0,0,0
PDF_03541,1,2,2.16,2,4,2,0,0.0,0.1875,0.2874,82,5.968,6.55,0.0,45.6,1,0,0,0
PDF_03542,1,1,14.74,2,0,0,0,11.61,0.0828,0.1217,64,5.743,32.96,0.25,32.11,0,1,0,0
PDF_03543,0,2,20.11,1,4,0,0,0.0,0.0659,0.2054,73,5.525,22.68,19.9,13.81,0,0,0,0
PDF_03544,1,1,18.47,0,3,0,0,1.63,0.0448,0.1909,83,6.282,0.0,14.29,0.0,0,0,0,0
PDF_03545,0,1,0.0,0,3,0,0,23.23,0.0327,0.0,83,4.509,3.35,0.0,12.91,0,1,0,0
PDF_03546,0,1,17.17,0,0,0,0,0.13,0.0563,0.1472,42,5.82,27.32,2.08,23.5,0,0,0,0
PDF_03547,2,1,1.74,0,0,0,0,0.0,0.0,0.0635,5,5.5,12.36,0.0,1.54,0,0,0,0
PDF_03548,0,1,0.0,4,4,0,0,0.0,0.1107,0.3229,83,6.377,9.52,9.82,47.78,1,0,0,0
PDF_03549,0,1,0.0,0,1,1,0,0.0,0.0546,0.0899,45,4.272,0.0,0.0,0.0,0,0,0,0
PDF_03550,0,1,4.59,1,0,1,0,26.59,0.017,0.1074,75,4.658,0.0,0.0,0.0,0,1,0,0
PDF_03551,1,2,22.83,0,5,0,0,25.92,0.0195,0.0336,103,5.167,5.68,0.0,0.0,0,1,0,0
PDF_03552,1,1,1.67,0,1,0,0,0.0,0.1142,0.1051,107,6.09,20.95,0.0,3.37,0,0,0,0
PDF_03553,0,1,37.7,4,6,1,0,25.97,0.1429,0.2321,135,5.665,1.92,12.64,0.0,0,1,0,0
PDF_03554,1,1,0.0,0,2,1,0,0.0,0.1435,0.2217,63,5.173,10.69,0.0,60.36,1,1,0,0
PDF_03555,0,1,9.76,0,0,1,0,2.81,0.083,0.0106,114,6.3,14.24,7.18,8.13,0,0,0,0
PDF_03556,1,1,0.0,0,0,0,0,0.0,0.0,0.0684,77,5.396,0.0,0.0,7.31,0,0,0,0
PDF_03557,0,1,14.74,3,1,1,0,12.82,0.0492,0.1507,101,4.755,0.0,21.53,14.57,0,0,0,0
PDF_03558,0,1,0.0,0,0,0,0,0.0,0.0,0.0432,75,6.326,0.0,0.0,1.02,0,1,0,0
PDF_03559,0,1,0.0,0,3,0,0,5.94,0.1272,0.1883,143,5.775,0.0,11.25,2.57,0,1,0,0
PDF_03560,1,1,28.24,0,0,0,0,32.91,0.1484,0.1491,112,6.111,10.12,44.57,14.21,0,0,0,0
PDF_03561,1,2,35.54,6,2,0,0,13.81,0.2451,0.459,117,6.012,6.29,29.09,58.72,1,1,0,0
PDF_03562,1,1,17.98,1,2,1,0,0.0,0.0637,0.0705,54,5.534,16.32,25.85,0.0,0,0,0,0
PDF_03563,2,2,2.84,2,0,0,0,0.0,0.0285,0.1174,48,4.135,0.0,3.65,0.0,0,1,0,0
PDF_03564,1,2,12.38,1,1,0,0,0.0,0.014,0.1151,53,4.589,0.0,0.0,11.76,0,0,0,0
PDF_03565,2,2,70.94,5,5,1,0,43.04,0.218,0.1927,148,6.502,51.9,61.19,34.35,0,0,0,0
PDF_03566,0,2,20.85,0,4,0,0,10.17,0.1738,0.1618,87,5.015,3.0,28.84,20.75,0,0,0,0
PDF_03567,1,1,25.1,0,0,0,0,0.0,0.0579,0.1414,80,5.406,9.34,24.32,6.4,0,0,0,0
PDF_03568,1,2,0.0,4,1,0,0,3.55,0.0618,0.1026,57,6.276,13.65,0.07,0.0,0,0,0,0
PDF_03569,2,1,11.48,0,2,0,0,15.83,0.1703,0.3449,112,5.705,0.0,11.13,53.7,1,0,0,0
PDF_03570,1,1,26.06,3,0,1,0,13.84,0.0748,0.1113,157,6.115,30.57,46.11,5.01,0,1,0,0
PDF_03571,0,1,24.88,3,3,0,0,6.04,0.0554,0.1697,140,5.388,31.12,16.8,16.96,0,0,0,0
PDF_03572,1,1,12.92,2,1,0,0,12.82,0.0529,0.1047,104,5.183,15.26,11.85,20.12,0,0,0,0
PDF_03573,0,1,0.0,0,0,1,0,1.08,0.0045,0.074,63,4.172,0.0,0.0,0.31,0,1,0,0
PDF_03574,0,2,0.0,0,5,1,0,0.0,0.0131,0.0486,33,5.054,3.86,0.0,0.0,0,0,0,0
PDF_03575,0,1,11.09,4,2,0,0,0.0,0.0994,0.1898,56,4.763,3.7,19.15,15.93,0,0,0,0
PDF_03576,2,2,58.61,6,2,1,0,43.33,0.2942,0.3119,138,6.738,50.01,37.05,89.14,1,0,0,0
PDF_03577,1,2,0.0,1,2,1,0,0.0,0.0172,0.008,13,4.292,0.0,0.0,5.01,0,1,0,0
PDF_03578,1,2,44.71,6,1,0,0,4.64,0.1834,0.2011,151,5.622,29.14,26.92,15.41,0,0,0,0
PDF_03579,1,2,24.5,3,1,1,0,0.0,0.0698,0.0822,111,6.59,6.39,28.09,8.97,0,0,0,0
PDF_03580,0,1,17.42,1,2,1,0,9.03,0.0905,0.0825,107,5.372,33.94,28.67,0.0,0,0,0,0
PDF_03581,1,1,0.0,1,1,0,0,0.0,0.1083,0.1246,81,5.265,16.67,0.0,0.0,0,0,0,0
PDF_03582,1,2,10.43,2,1,0,0,0.0,0.0592,0.1041,69,5.317,1.81,26.31,0.69,0,0,0,0
PDF_03583,1,2,3.7,0,1,0,1,1.89,0.0463,0.1202,70,4.196,0.0,0.0,2.47,0,1,0,0
PDF_03584,2,1,49.1,2,4,1,0,7.32,0.1623,0.2433,111,5.847,20.74,54.17,10.47,0,0,0,0
PDF_03585,1,1,18.76,0,0,0,0,0.0,0.0944,0.2719,87,4.732,29.7,20.9,53.7,1,0,0,0
PDF_03586,1,1,49.79,4,7,1,0,42.28,0.2008,0.2169,142,6.033,59.33,54.75,23.74,0,0,0,0
PDF_03587,0,2,10.55,2,0,1,0,20.16,0.1975,0.3189,99,4.674,9.62,8.12,73.52,1,1,0,0
PDF_03588,0,2,24.3,1,3,1,0,21.4,0.1497,0.1343,111,5.345,9.17,5.42,4.89,0,0,0,0
PDF_03589,0,1,19.76,3,5,1,0,7.6,0.1076,0.1106,97,4.16,24.42,7.22,19.99,0,0,0,0
PDF_03590,1,1,0.0,1,0,0,0,4.58,0.0219,0.0297,28,4.89,0.0,0.0,0.0,0,0,0,0
PDF_03591,0,2,0.0,0,2,0,0,0.0,0.0904,0.1759,107,5.512,9.18,42.63,0.0,0,0,0,0
PDF_03592,2,1,47.27,2,0,2,0,13.99,0.078,0.1299,95,5.194,11.49,23.47,21.69,0,0,0,0
PDF_03593,0,2,30.24,4,1,0,0,11.49,0.2164,0.1106,100,5.79,27.89,0.0,0.57,0,0,0,0
PDF_03594,1,2,43.29,3,2,1,0,27.62,0.3349,0.3187,138,6.312,48.27,10.89,67.18,1,0,0,0
PDF_03595,0,1,0.0,3,1,0,0,0.0,0.0,0.1,43,5.072,1.66,0.0,0.88,0,0,0,0
PDF_03596,0,1,13.98,3,0,0,0,0.0,0.2014,0.305,104,5.464,0.0,0.0,53.99,1,0,0,0
PDF_03597,2,1,8.61,0,2,0,0,0.0,0.1564,0.2936,80,5.772,0.59,0.0,35.82,1,0,0,0
PDF_03598,1,2,59.22,6,3,1,0,24.16,0.1824,0.1851,144,6.05,37.32,44.98,26.34,0,0,0,0
PDF_03599,0,1,0.0,0,3,1,1,0.0,0.0,0.1052,10,4.963,0.0,0.0,0.0,0,0,0,0
PDF_03600,0,1,22.13,3,2,1,0,26.05,0.0896,0.0971,114,5.583,16.21,0.0,22.26,0,0,0,0
PDF_03601,0,1,0.0,0,0,1,0,0.0,0.0,0.0923,79,5.726,0.0,0.0,15.75,0,1,0,0
PDF_03602,0,1,1.41,2,1,0,0,0.0,0.0,0.0601,81,6.425,0.0,0.0,13.23,0,0,0,0
PDF_03603,0,2,0.0,0,5,0,0,0.0,0.1638,0.2967,91,4.861,0.0,0.0,35.98,1,1,0,0
PDF_03604,0,1,0.0,1,0,0,0,0.0,0.1428,0.2288,61,5.798,0.0,5.59,47.29,1,0,0,0
PDF_03605,0,1,0.0,0,2,0,0,0.0,0.2177,0.3851,88,5.978,14.91,9.62,31.73,1,0,0,0
PDF_03606,0,2,0.0,0,0,1,0,0.0,0.0361,0.2599,74,4.83,0.0,0.0,45.94,1,1,0,0
PDF_03607,1,2,20.16,6,0,1,0,11.34,0.1587,0.2033,112,4.658,7.98,7.62,14.86,0,0,0,0
PDF_03608,0,1,26.71,0,4,0,0,7.78,0.093,0.0865,106,5.215,20.28,29.74,1.93,0,1,0,0
PDF_03609,0,2,3.08,3,0,0,0,6.62,0.1174,0.1704,74,5.253,27.45,3.89,0.0,0,1,0,0
PDF_03610,0,2,0.0,2,2,0,0,4.94,0.1493,0.3034,46,5.311,0.0,0.0,42.66,1,1,0,0
PDF_03611,2,1,37.99,0,1,0,0,2.2,0.2029,0.3631,133,5.979,9.2,33.44,36.6,1,0,0,0
PDF_03612,0,1,0.0,2,0,0,0,0.0,0.1149,0.1296,89,5.787,0.0,43.23,0.0,0,0,0,0
PDF_03613,1,1,0.0,1,0,0,0,0.0,0.0401,0.0856,54,6.044,0.0,0.0,15.15,0,0,0,0
PDF_03614,1,1,17.81,1,0,0,0,25.85,0.0871,0.037,60,5.143,2.9,16.54,10.97,0,1,0,0
PDF_03615,0,1,38.3,2,4,0,0,22.57,0.1699,0.116,104,4.592,32.99,55.57,17.44,0,1,0,0
PDF_03616,1,1,12.03,2,0,0,0,0.0,0.1054,0.3818,102,6.515,0.0,0.0,50.08,1,1,0,0
PDF_03617,1,1,3.86,0,0,1,0,10.46,0.1176,0.102,67,5.076,19.63,0.0,20.19,0,0,0,0
PDF_03618,0,1,2.27,0,2,0,0,5.32,0.0476,0.1323,99,5.347,1.39,0.0,16.25,0,0,0,0
PDF_03619,0,2,0.0,5,1,0,0,4.8,0.0,0.0878,96,4.504,0.0,14.88,4.64,0,1,0,0
PDF_03620,0,1,0.0,0,0,0,0,0.0,0.1763,0.3012,73,6.2,0.0,1.93,51.2,1,0,0,0
PDF_03621,0,1,20.21,2,1,1,0,9.65,0.2133,0.3528,123,5.768,17.62,0.0,61.14,1,1,0,0
PDF_03622,0,1,2.18,2,1,0,0,0.0,0.0087,0.1616,57,5.755,0.0,0.0,0.0,0,0,0,0
PDF_03623,0,1,7.77,2,2,0,0,0.0,0.1238,0.1826,99,6.306,10.16,5.2,5.05,0,0,0,0
PDF_03624,1,1,38.51,2,3,1,1,23.78,0.183,0.085,167,5.704,33.85,15.59,10.05,0,0,0,0
PDF_03625,0,1,19.91,4,1,0,0,23.39,0.2149,0.4078,106,5.801,20.96,26.82,54.25,1,0,0,0
PDF_03626,1,1,33.0,4,2,0,0,25.96,0.2183,0.4446,122,5.928,0.0,37.93,56.0,1,0,0,0
PDF_03627,0,1,0.0,2,0,0,0,0.0,0.0549,0.0515,92,5.733,0.0,0.0,18.33,0,0,0,0
PDF_03628,1,2,0.0,1,4,0,0,0.0,0.002,0.1307,64,5.052,0.0,12.53,8.63,0,0,0,0
PDF_03629,1,1,0.0,0,0,0,0,10.67,0.0826,0.2867,124,4.732,0.0,0.0,57.22,1,1,0,0
PDF_03630,1,1,33.33,3,4,0,0,7.01,0.1085,0.1313,82,6.084,10.95,32.15,19.2,0,0,0,0
PDF_03631,1,1,26.99,5,0,0,0,5.4,0.1329,0.3777,96,5.11,0.0,26.63,55.89,1,0,0,0
PDF_03632,1,2,60.34,9,4,0,0,61.46,0.1513,0.196,138,4.396,33.8,52.51,27.56,0,1,0,0
PDF_03633,0,2,23.87,2,1,0,0,0.52,0.1865,0.2981,129,6.181,3.62,14.43,57.11,1,1,0,0
PDF_03634,0,2,18.9,3,0,1,0,15.06,0.1573,0.1342,73,4.997,0.67,29.99,18.17,0,1,0,0
PDF_03635,0,1,0.0,0,2,0,0,0.0,0.0244,0.0695,55,5.385,2.38,0.0,0.0,0,0,0,0
PDF_03636,0,1,0.0,2,2,0,0,0.0,0.0542,0.0728,88,5.563,0.0,25.88,13.52,0,0,0,0
PDF_03637,0,1,0.0,1,1,0,0,0.0,0.0259,0.0891,69,4.861,0.0,0.0,0.5,0,0,0,0
PDF_03638,1,2,13.85,0,0,2,0,12.03,0.0,0.2191,92,4.151,0.0,0.0,16.78,0,1,0,0
PDF_03639,0,1,6.24,0,0,1,0,0.0,0.0294,0.16,62,6.473,0.0,14.49,1.06,0,0,0,0
PDF_03640,0,2,27.92,4,0,0,0,6.4,0.1769,0.183,106,5.791,41.85,24.13,20.44,0,0,0,0
PDF_03641,0,2,27.05,3,6,1,0,4.7,0.1004,0.1964,130,5.687,24.68,21.27,0.0,0,0,0,0
PDF_03642,2,2,37.23,0,2,1,0,26.51,0.1866,0.1145,88,5.624,13.38,34.5,11.88,0,0,0,0
PDF_03643,0,1,11.16,0,0,0,0,0.33,0.0598,0.1993,109,4.591,34.83,33.24,7.18,0,1,0,0
PDF_03644,2,2,39.15,4,1,1,0,21.52,0.1725,0.2823,127,6.43,20.93,34.69,67.12,1,0,0,0
PDF_03645,2,2,19.01,0,3,1,0,4.81,0.1447,0.1767,102,5.733,49.4,18.0,11.89,0,0,0,0
PDF_03646,1,1,0.0,0,1,0,0,0.0,0.0,0.0287,65,5.054,0.0,0.0,0.29,0,0,0,0
PDF_03647,0,1,0.0,2,2,0,0,0.0,0.0,0.1685,46,4.902,0.0,0.0,5.88,0,0,0,0
PDF_03648,2,2,0.72,1,0,1,1,0.0,0.2058,0.3542,117,5.276,0.46,0.0,58.61,1,0,0,0
PDF_03649,0,1,32.54,2,2,1,0,16.34,0.1508,0.1344,106,5.091,25.27,28.32,8.12,0,0,0,0
PDF_03650,0,1,0.0,1,0,0,0,0.0,0.0,0.0,78,5.018,0.0,0.0,4.2,0,0,0,0
PDF_03651,1,3,59.7,12,2,2,0,25.91,0.2865,0.4421,189,5.953,40.06,54.04,72.57,1,0,0,0
PDF_03652,1,1,23.29,6,0,0,0,0.0,0.0998,0.1417,25,4.777,16.64,18.15,14.84,0,0,0,0
PDF_03653,0,1,7.06,1,5,0,0,27.01,0.1204,0.3171,114,5.917,0.0,17.54,49.3,1,0,0,0
PDF_03654,1,1,0.0,0,2,0,0,0.0,0.0,0.0471,41,3.555,0.0,8.6,0.0,0,0,0,0
PDF_03655,0,2,0.0,0,0,1,0,0.0,0.0,0.1077,33,4.044,0.0,0.0,0.0,0,0,0,0
PDF_03656,0,1,0.0,5,2,1,0,0.0,0.0696,0.1547,39,4.812,0.0,0.0,13.36,0,0,0,0
PDF_03657,0,1,5.11,0,1,0,0,0.0,0.0955,0.1424,105,4.216,0.0,14.04,17.91,0,1,0,0
PDF_03658,0,1,10.06,3,1,1,0,0.0,0.0624,0.096,31,4.981,0.0,0.0,19.1,0,1,0,0
PDF_03659,0,1,1.41,0,0,0,0,0.0,0.0562,0.1531,45,5.002,4.52,0.0,8.43,0,0,0,0
PDF_03660,2,1,18.06,1,3,1,0,11.63,0.1178,0.1741,79,5.615,17.39,10.17,21.19,0,0,0,0
PDF_03661,1,1,14.89,7,4,0,0,19.14,0.1177,0.1626,103,4.934,26.6,15.84,15.24,0,1,0,0
PDF_03662,2,2,13.69,6,2,0,0,7.25,0.2699,0.293,199,5.354,0.0,23.53,71.3,1,0,0,0
PDF_03663,1,1,1.19,1,0,0,0,8.52,0.0569,0.0916,53,5.014,0.0,11.29,3.52,0,1,0,0
PDF_03664,0,1,32.9,1,3,1,0,23.33,0.0013,0.1534,104,5.659,12.77,28.84,19.28,0,0,0,0
PDF_03665,1,2,0.0,0,3,0,0,0.0,0.0508,0.1495,89,4.367,0.0,0.0,0.0,0,1,0,0
PDF_03666,0,2,15.14,2,0,0,0,0.0,0.0068,0.0383,36,4.836,0.0,0.0,8.24,0,0,0,0
PDF_03667,0,2,8.23,1,0,0,0,0.0,0.1082,0.0463,70,5.331,0.0,11.41,11.4,0,0,0,0
PDF_03668,1,1,28.41,5,0,0,0,9.32,0.1147,0.2123,110,4.562,1.73,26.77,38.92,0,0,0,0
PDF_03669,0,1,6.38,1,0,0,0,22.05,0.0658,0.1506,21,5.438,5.2,8.69,1.45,0,1,0,0
PDF_03670,0,2,15.9,2,0,1,0,0.0,0.1284,0.3382,108,4.673,0.0,3.83,38.63,1,0,0,0
PDF_03671,2,2,71.11,4,2,1,0,26.72,0.1379,0.2193,70,5.949,24.19,68.24,5.92,0,0,0,0
PDF_03672,1,1,5.45,0,1,0,0,0.0,0.0685,0.0619,58,4.216,0.0,0.0,0.88,0,1,0,0
PDF_03673,0,1,0.0,0,0,1,0,18.36,0.0761,0.0674,56,5.636,0.0,10.46,18.08,0,0,0,0
PDF_03674,0,2,0.0,0,0,0,0,0.0,0.0,0.0598,125,4.607,0.0,0.0,0.0,0,0,0,0
PDF_03675,0,1,0.0,1,1,0,0,0.0,0.0,0.1102,11,4.881,0.0,1.15,0.0,0,0,0,0
PDF_03676,0,1,0.0,0,0,0,0,0.0,0.0913,0.2618,71,5.515,0.0,0.0,42.49,1,0,0,0
PDF_03677,2,2,18.38,3,0,0,0,34.35,0.0767,0.1646,116,6.211,12.5,13.32,17.41,0,0,0,0
PDF_03678,0,1,12.36,1,2,0,0,0.0,0.1616,0.2582,45,4.7,8.79,8.37,31.99,1,1,0,0
PDF_03679,0,2,39.01,2,6,1,0,42.33,0.1517,0.0816,147,6.062,37.6,42.18,37.42,0,0,0,0
PDF_03680,0,2,41.8,4,7,0,0,2.67,0.1915,0.358,117,6.095,13.79,31.11,45.07,1,0,0,0
PDF_03681,1,1,0.0,2,1,0,0,12.56,0.0,0.1007,40,5.449,0.0,0.73,0.0,0,1,0,0
PDF_03682,1,1,2.99,0,2,1,0,7.44,0.0677,0.1033,39,4.762,5.24,18.31,0.0,0,0,0,0
PDF_03683,1,1,0.0,0,0,1,1,0.0,0.1496,0.3558,100,6.289,0.08,0.0,49.66,1,0,0,0
PDF_03684,1,1,0.0,0,3,0,0,0.0,0.0,0.0346,72,4.587,0.0,0.0,0.0,0,0,0,0
PDF_03685,1,2,36.61,6,2,1,0,4.1,0.0826,0.1687,76,6.225,13.78,28.63,0.0,0,0,0,0
PDF_03686,1,1,0.32,0,2,0,0,0.0,0.1436,0.3202,91,5.215,0.0,6.39,47.14,1,0,0,0
PDF_03687,2,1,24.49,1,1,0,0,26.04,0.142,0.2101,106,5.763,8.01,4.02,66.81,1,0,0,0
PDF_03688,0,1,40.76,4,2,0,0,8.23,0.1084,0.077,57,5.789,0.24,22.79,27.95,0,0,0,0
PDF_03689,0,1,34.26,0,0,0,0,0.0,0.1432,0.1818,83,4.536,2.86,1.21,10.14,0,0,0,0
PDF_03690,0,1,6.54,0,1,0,0,0.0,0.1341,0.3017,99,5.721,0.0,7.53,47.44,1,0,0,0
PDF_03691,0,1,35.21,4,0,0,0,14.16,0.171,0.1738,117,5.173,15.11,42.33,11.63,0,0,0,0
PDF_03692,1,2,35.6,1,5,1,0,32.48,0.184,0.3349,151,5.166,34.34,23.27,71.36,1,1,0,0
PDF_03693,1,1,49.81,2,1,2,0,0.0,0.1107,0.1564,109,6.642,38.03,25.13,3.08,0,0,0,0
PDF_03694,1,2,17.96,0,2,0,1,0.0,0.1137,0.2245,122,5.863,32.25,31.28,0.0,0,0,0,0
PDF_03695,1,1,41.11,3,1,0,0,18.45,0.2097,0.3631,160,3.974,45.25,19.53,81.25,1,0,0,0
PDF_03696,1,1,9.41,0,2,0,0,6.2,0.1284,0.1008,110,5.292,11.3,23.87,17.37,0,1,0,0
PDF_03697,2,1,22.48,0,1,1,0,4.91,0.0455,0.2101,97,5.829,10.73,13.75,29.77,0,1,0,0
PDF_03698,1,1,15.45,3,0,1,0,7.19,0.1558,0.1552,133,5.25,3.49,9.04,0.0,0,0,0,0
PDF_03699,0,3,6.37,2,0,0,0,0.0,0.1071,0.0616,127,5.458,15.18,6.74,13.0,0,0,0,0
PDF_03700,0,1,30.42,5,0,1,0,7.91,0.1086,0.1016,84,4.662,0.0,23.81,9.17,0,0,0,0
PDF_03701,1,1,5.08,0,0,1,0,0.0,0.1801,0.3353,109,5.796,4.18,0.0,41.89,1,0,0,0
PDF_03702,0,1,0.0,2,4,0,0,0.0,0.0062,0.0511,50,5.059,0.0,0.0,0.0,0,1,0,0
PDF_03703,1,1,0.0,0,0,0,0,0.0,0.0067,0.0915,87,5.323,0.0,0.0,0.82,0,0,0,0
PDF_03704,0,1,45.71,0,0,1,0,25.79,0.208,0.3521,91,6.023,20.31,8.58,54.6,1,1,0,0
PDF_03705,0,1,0.0,0,2,1,0,0.0,0.0,0.1368,87,5.248,0.0,0.91,4.92,0,0,0,0
PDF_03706,1,2,37.54,8,1,0,0,28.61,0.0756,0.0854,143,5.577,31.06,55.15,20.48,0,0,0,0
PDF_03707,1,1,18.33,2,0,1,0,16.78,0.2085,0.3251,132,5.551,21.97,3.96,60.11,1,0,0,0
PDF_03708,0,2,43.93,5,3,0,0,0.0,0.1502,0.0511,109,6.916,23.89,22.2,6.08,0,0,0,0
PDF_03709,1,1,6.98,2,1,0,0,17.36,0.2155,0.2899,96,4.618,0.0,18.4,52.71,1,0,0,0
PDF_03710,1,1,5.54,0,1,0,0,0.0,0.029,0.0456,35,4.504,0.0,0.0,0.0,0,0,0,0
PDF_03711,1,1,26.61,0,3,1,0,0.0,0.1029,0.1085,66,5.134,5.02,14.8,0.0,0,0,0,0
PDF_03712,1,2,5.47,1,0,0,0,30.85,0.1054,0.188,46,5.997,8.07,9.1,5.36,0,1,0,0
PDF_03713,0,1,26.52,5,0,0,0,6.4,0.0977,0.0834,111,5.803,0.0,53.18,7.77,0,0,0,0
PDF_03714,0,3,64.86,7,5,1,0,45.62,0.1583,0.1728,105,5.582,48.66,43.22,29.02,0,0,0,0
PDF_03715,1,3,31.4,4,3,1,0,0.0,0.2135,0.3412,128,6.536,19.42,29.93,59.09,1,0,0,0
PDF_03716,1,1,21.13,0,0,0,0,0.0,0.0963,0.218,102,5.005,22.39,0.0,67.05,1,0,0,0
PDF_03717,0,2,11.9,1,4,0,1,0.0,0.0201,0.1193,77,4.336,0.57,0.0,4.04,0,0,0,0
PDF_03718,1,2,34.46,3,3,1,1,0.0,0.203,0.1206,114,5.376,18.03,21.56,10.14,0,0,0,0
PDF_03719,0,1,35.38,2,0,1,0,35.13,0.0833,0.1444,128,4.974,29.36,4.57,24.35,0,0,0,0
PDF_03720,1,1,19.76,0,3,0,0,0.0,0.0868,0.1633,106,5.216,21.57,10.1,0.0,0,0,0,0
PDF_03721,0,1,19.41,0,5,0,0,4.92,0.2028,0.2418,109,5.541,40.3,10.43,35.14,1,0,0,0
PDF_03722,0,1,12.33,1,4,0,0,3.92,0.1673,0.2569,102,4.067,0.0,0.17,53.24,1,0,0,0
PDF_03723,1,1,27.56,4,2,0,1,24.15,0.1491,0.1006,91,6.072,22.94,14.38,15.84,0,0,0,0
PDF_03724,1,1,16.27,2,3,0,0,0.0,0.1005,0.0927,81,6.602,0.0,17.84,13.2,0,0,0,0
PDF_03725,0,2,61.86,2,2,1,0,28.84,0.2564,0.4192,145,6.249,39.85,31.93,73.43,1,0,0,0
PDF_03726,1,2,22.02,0,3,0,0,23.12,0.2058,0.3854,96,5.804,17.01,36.84,49.99,1,0,0,0
PDF_03727,0,2,0.0,1,1,2,0,0.0,0.0,0.0717,40,5.259,0.0,0.0,0.0,0,0,0,0
PDF_03728,0,1,33.86,0,7,1,0,0.0,0.0761,0.1621,65,5.681,36.29,20.32,23.26,0,1,0,0
PDF_03729,0,1,6.99,0,3,0,0,6.43,0.1751,0.3949,107,4.706,21.61,11.65,59.93,1,1,0,0
PDF_03730,1,4,49.28,4,4,1,0,30.03,0.1695,0.1569,171,4.787,39.33,47.86,7.86,0,1,0,0
PDF_03731,0,1,20.52,2,0,0,0,1.95,0.0366,0.1947,67,5.245,0.0,0.0,10.63,0,0,0,0
PDF_03732,0,2,0.0,0,0,0,0,0.0,0.0546,0.1782,100,5.487,1.08,10.11,40.62,1,0,0,0
PDF_03733,1,3,13.93,0,0,0,0,3.69,0.212,0.2574,88,4.928,2.04,22.1,49.12,1,0,0,0
PDF_03734,1,1,30.04,0,1,1,0,0.0,0.1,0.0053,93,5.142,16.78,0.0,12.74,0,0,0,0
PDF_03735,1,1,48.84,2,0,0,0,16.62,0.0646,0.2177,143,5.618,20.98,22.48,37.85,0,0,0,0
PDF_03736,0,1,2.63,4,0,0,0,0.0,0.1643,0.3395,76,4.735,11.7,0.0,53.96,1,0,0,0
PDF_03737,1,2,28.0,2,4,0,0,16.93,0.1478,0.3213,121,6.169,7.63,4.94,44.31,1,0,0,0
PDF_03738,1,1,5.0,2,3,1,0,0.0,0.0118,0.1014,55,5.991,8.92,1.84,0.0,0,1,0,0
PDF_03739,2,1,33.68,3,1,0,0,0.0,0.0549,0.1083,76,4.68,50.06,34.97,19.82,0,0,0,0
PDF_03740,0,1,12.54,3,1,0,0,3.61,0.1172,0.1724,52,5.502,0.0,45.07,19.25,0,0,0,0
PDF_03741,0,1,0.0,3,2,0,0,0.0,0.0609,0.0833,43,5.458,8.93,9.91,12.51,0,0,0,0
PDF_03742,1,1,32.32,1,3,1,0,9.85,0.269,0.244,133,5.354,11.49,31.68,64.03,1,0,0,0
PDF_03743,2,1,32.08,3,3,0,0,43.08,0.2821,0.3062,193,5.716,38.29,26.4,57.8,1,1,0,0
PDF_03744,2,1,44.32,2,2,1,0,0.78,0.1537,0.278,101,6.279,11.2,23.4,52.57,1,0,0,0
PDF_03745,1,1,11.07,3,0,1,1,0.0,0.2241,0.2348,169,6.777,13.62,0.0,50.96,1,0,0,0
PDF_03746,2,1,50.15,7,3,0,0,28.66,0.2611,0.2252,95,6.194,41.39,52.66,25.42,0,0,0,0
PDF_03747,0,1,21.82,2,0,1,0,10.21,0.061,0.081,82,6.379,18.78,2.08,9.83,0,0,0,0
PDF_03748,0,1,16.78,4,7,1,0,14.1,0.2517,0.3683,169,5.548,1.16,39.75,62.65,1,0,0,0
PDF_03749,0,1,0.0,0,0,0,0,0.0,0.0,0.1323,19,4.936,3.88,0.0,0.0,0,0,0,0
PDF_03750,0,2,0.07,0,1,0,0,0.0,0.0733,0.166,114,5.2,15.53,0.0,16.21,0,0,0,0
PDF_03751,2,2,6.43,3,0,0,0,0.0,0.0111,0.209,143,5.775,13.46,32.96,2.27,0,0,0,0
PDF_03752,0,2,0.0,0,0,0,0,0.0,0.044,0.1012,115,5.347,0.08,0.0,5.68,0,0,0,0
PDF_03753,1,2,15.1,3,0,0,0,28.03,0.0657,0.1212,121,5.524,0.0,11.2,18.88,0,0,0,0
PDF_03754,0,1,15.88,0,0,0,0,6.01,0.0104,0.1119,84,5.739,0.0,2.44,11.17,0,0,0,0
PDF_03755,1,2,8.46,3,1,0,0,11.32,0.1752,0.2936,125,5.544,18.6,0.28,61.46,1,0,0,0
PDF_03756,1,1,44.1,5,0,1,0,27.62,0.2883,0.4398,152,5.316,54.48,66.02,76.44,1,0,0,0
PDF_03757,1,2,25.58,2,1,0,0,24.69,0.258,0.3357,100,4.694,21.34,0.0,60.72,1,1,0,0
PDF_03758,0,1,17.16,0,1,0,0,12.53,0.0434,0.2007,89,5.542,3.8,1.5,16.85,0,0,0,0
PDF_03759,2,2,0.0,1,3,0,0,0.0,0.084,0.1927,88,5.523,0.0,0.0,14.88,0,0,0,0
PDF_03760,0,2,17.85,2,3,0,0,4.73,0.1795,0.3614,156,4.678,0.0,30.37,66.68,1,1,0,0
PDF_03761,0,1,16.43,0,1,1,0,15.06,0.0575,0.0946,93,4.73,0.0,0.0,14.93,0,0,0,0
PDF_03762,0,1,22.33,7,3,0,0,18.11,0.1159,0.1431,104,6.901,26.6,27.02,13.67,0,0,0,0
PDF_03763,0,2,60.7,5,0,0,0,20.24,0.2044,0.1662,127,5.021,32.9,37.36,6.83,0,0,0,0
PDF_03764,1,1,0.0,0,3,1,0,0.0,0.1789,0.1903,85,4.281,3.1,0.0,60.27,1,0,0,0
PDF_03765,1,1,0.0,0,4,1,1,0.0,0.1434,0.3313,60,5.998,0.0,0.0,39.74,1,0,0,0
PDF_03766,0,1,6.61,0,0,0,0,0.0,0.1243,0.1232,60,4.615,0.0,7.26,27.65,0,1,0,0
PDF_03767,1,2,73.22,5,0,0,0,27.45,0.0955,0.1791,122,6.054,44.46,38.77,34.77,0,0,0,0
PDF_03768,0,1,11.21,0,0,0,0,9.63,0.1838,0.2824,105,5.628,31.85,27.47,65.0,1,0,0,0
PDF_03769,0,1,7.0,0,1,1,0,0.0,0.1022,0.1,82,4.162,4.39,9.02,13.11,0,0,0,0
PDF_03770,0,1,9.4,0,5,0,0,13.83,0.1078,0.1384,52,5.39,12.26,35.62,18.94,0,1,0,0
PDF_03771,3,2,18.86,0,0,1,0,4.3,0.0426,0.1469,85,5.308,1.16,3.46,16.33,0,0,0,0
PDF_03772,0,1,0.0,0,0,0,0,2.45,0.064,0.3112,91,4.936,0.0,8.05,52.67,1,0,0,0
PDF_03773,0,2,22.96,0,3,0,0,11.3,0.0893,0.1392,61,5.598,13.54,6.49,10.97,0,1,0,0
PDF_03774,0,1,7.22,1,1,0,0,17.41,0.0241,0.0819,82,4.814,4.57,0.0,13.09,0,0,0,0
PDF_03775,2,2,48.43,9,3,1,0,24.79,0.3188,0.4345,169,5.963,44.98,62.61,84.91,1,1,0,0
PDF_03776,1,2,30.31,1,0,0,0,6.54,0.063,0.1438,108,5.57,14.88,6.62,8.33,0,1,0,0
PDF_03777,0,1,0.0,0,0,0,0,0.0,0.1418,0.2878,117,5.563,0.0,10.89,59.67,1,0,0,0
PDF_03778,2,2,14.32,1,3,1,1,19.67,0.0821,0.1545,94,5.078,0.0,0.0,9.15,0,1,0,0
PDF_03779,1,1,6.45,2,0,0,0,0.0,0.227,0.3805,137,5.536,8.91,0.0,37.01,1,1,0,0
PDF_03780,2,1,27.04,0,0,0,0,8.0,0.2373,0.3523,90,4.32,2.07,33.39,82.58,1,0,0,0
PDF_03781,0,1,24.11,1,0,0,0,22.44,0.0489,0.1614,44,4.244,6.22,31.9,0.0,0,0,0,0
PDF_03782,0,1,0.0,1,0,0,0,0.0,0.0,0.1073,5,4.627,0.0,0.0,0.0,0,0,0,0
PDF_03783,0,1,29.94,0,2,0,0,15.37,0.1608,0.316,126,5.265,15.09,3.34,53.79,1,1,0,0
PDF_03784,1,1,3.68,1,2,0,0,22.91,0.011,0.1654,55,5.711,10.24,0.0,11.28,0,0,0,0
PDF_03785,0,1,0.0,2,1,0,0,0.0,0.0647,0.2781,23,5.736,0.0,0.0,56.7,1,0,0,0
PDF_03786,1,1,14.26,2,2,0,0,24.01,0.1124,0.1009,88,4.739,0.0,15.7,23.27,0,1,0,0
PDF_03787,1,2,36.22,2,1,2,0,19.74,0.2671,0.3507,139,5.364,39.51,26.61,63.08,1,0,0,0
PDF_03788,1,1,22.23,6,0,0,0,16.63,0.1259,0.1148,108,6.574,63.55,16.18,8.2,0,0,0,0
PDF_03789,0,2,0.0,0,3,0,0,13.75,0.0853,0.1178,80,5.621,6.36,14.47,10.74,0,0,0,0
PDF_03790,0,1,4.66,2,4,0,0,0.0,0.141,0.2616,66,5.016,0.35,17.42,55.95,1,0,0,0
PDF_03791,0,1,14.1,0,1,1,0,0.0,0.0515,0.099,80,4.905,0.0,1.87,0.0,0,0,0,0
PDF_03792,0,1,13.84,4,6,2,0,21.14,0.1907,0.3677,95,5.526,33.94,21.73,51.61,1,0,0,0
PDF_03793,1,1,18.57,0,0,0,0,0.0,0.1469,0.3226,93,4.983,0.22,28.35,62.59,1,0,0,0
PDF_03794,0,2,25.51,2,0,1,0,14.65,0.2397,0.3521,111,4.782,36.93,35.3,66.72,1,0,0,0
PDF_03795,1,2,9.34,1,0,1,0,2.09,0.0229,0.1767,96,4.951,0.0,2.13,7.29,0,0,0,0
PDF_03796,2,2,56.14,6,4,1,0,32.41,0.1855,0.1912,176,5.121,69.92,34.95,30.26,0,0,0,0
PDF_03797,1,2,7.89,1,2,0,0,7.46,0.1399,0.2019,106,5.19,0.0,37.55,16.83,0,0,0,0
PDF_03798,0,2,15.06,3,1,0,0,0.0,0.0897,0.1339,103,5.733,21.42,0.0,0.0,0,0,0,0
PDF_03799,1,2,14.19,6,0,1,0,16.02,0.098,0.1626,85,5.507,5.91,21.32,14.24,0,0,0,0
PDF_03800,0,1,5.15,3,0,0,0,3.56,0.1227,0.1251,56,6.46,11.89,26.25,0.0,0,0,0,0
PDF_03801,0,1,0.25,3,0,0,0,5.21,0.0059,0.031,51,5.185,12.13,0.0,0.0,0,1,0,0
PDF_03802,1,1,0.0,0,1,1,0,0.0,0.0979,0.3153,104,5.819,0.0,0.0,47.59,1,0,0,0
PDF_03803,0,1,0.0,1,5,0,0,0.0,0.1907,0.2216,172,5.455,14.22,0.0,47.26,1,0,0,0
PDF_03804,0,2,21.66,1,0,0,0,38.06,0.069,0.0424,134,6.502,25.36,41.99,24.05,0,0,0,0
PDF_03805,1,1,13.97,1,0,0,0,16.06,0.1382,0.1523,99,5.605,0.0,6.17,8.27,0,0,0,0
PDF_03806,0,2,4.02,0,4,0,0,0.0,0.0732,0.0823,66,5.618,0.0,0.0,3.27,0,1,0,0
PDF_03807,1,1,8.36,0,0,0,0,0.0,0.1656,0.2679,88,6.676,7.58,11.82,50.29,1,0,0,0
PDF_03808,0,1,23.07,0,0,0,0,2.8,0.1063,0.2059,111,4.954,0.0,23.47,1.91,0,0,0,0
PDF_03809,2,2,37.07,1,5,0,0,5.67,0.1948,0.2975,118,6.784,15.2,16.34,63.73,1,0,0,0
PDF_03810,2,1,14.84,1,3,1,0,7.88,0.1591,0.371,102,5.284,14.41,27.21,61.39,1,1,0,0
PDF_03811,1,2,17.75,1,3,1,0,28.52,0.1847,0.1976,136,5.951,23.84,40.37,24.28,0,1,0,0
PDF_03812,0,1,0.0,0,0,0,0,0.0,0.0,0.0826,75,5.501,0.0,0.0,0.0,0,0,0,0
PDF_03813,0,1,15.38,1,0,0,0,0.0,0.1154,0.0842,83,5.26,0.0,13.78,9.97,0,0,0,0
PDF_03814,1,1,12.15,0,0,0,0,0.0,0.0798,0.1415,62,4.547,0.0,0.0,1.03,0,0,0,0
PDF_03815,1,1,48.07,0,5,2,0,41.38,0.104,0.2097,100,5.564,48.12,56.11,22.57,0,0,0,0
PDF_03816,1,1,18.03,3,4,0,0,1.68,0.1819,0.4054,119,4.896,15.38,0.0,60.71,1,0,0,0
PDF_03817,0,1,0.0,3,2,0,0,0.0,0.0,0.0704,58,4.544,0.0,0.0,0.0,0,1,0,0
PDF_03818,1,1,10.52,1,1,0,0,8.48,0.134,0.3827,110,6.311,1.46,25.88,50.99,1,0,0,0
PDF_03819,0,1,0.0,0,1,1,0,0.0,0.0231,0.0967,112,5.255,0.0,0.0,0.0,0,1,0,0
PDF_03820,1,1,13.14,1,0,0,0,19.27,0.2058,0.3209,134,5.293,6.98,20.02,59.54,1,1,0,0
PDF_03821,2,2,54.8,4,3,2,1,21.98,0.1935,0.2042,98,6.259,35.07,49.95,24.41,0,1,0,0
PDF_03822,1,1,20.85,11,0,1,0,9.13,0.1753,0.0792,130,5.463,1.3,43.71,20.83,0,0,0,0
PDF_03823,0,1,2.94,5,6,0,0,1.53,0.0539,0.0261,14,5.254,0.0,0.0,0.28,0,1,0,0
PDF_03824,0,2,7.65,0,1,1,0,4.95,0.1565,0.1701,111,5.178,0.0,32.38,6.27,0,0,0,0
PDF_03825,0,2,37.59,4,1,0,0,0.0,0.1791,0.0702,98,5.462,4.56,32.84,0.0,0,0,0,0
PDF_03826,1,2,13.86,2,2,0,0,17.01,0.0856,0.1537,116,6.282,12.25,6.73,1.08,0,1,0,0
PDF_03827,1,1,8.41,0,0,0,0,0.2,0.1817,0.285,91,5.36,0.07,6.16,48.35,1,0,0,0
PDF_03828,1,2,0.29,0,2,0,0,13.11,0.0798,0.1239,76,4.299,8.15,10.27,24.33,0,0,0,0
PDF_03829,1,1,28.14,1,4,0,0,4.96,0.1216,0.1262,91,5.146,11.45,12.31,11.18,0,1,0,0
PDF_03830,0,1,0.0,1,0,1,0,0.0,0.0681,0.3552,107,5.076,0.0,0.0,41.68,1,0,0,0
PDF_03831,0,1,3.23,0,1,1,0,15.07,0.0563,0.1763,131,4.822,0.07,0.0,0.33,0,0,0,0
PDF_03832,1,1,16.61,3,2,0,0,10.74,0.0162,0.1113,69,6.664,0.0,11.36,0.0,0,1,0,0
PDF_03833,0,1,2.37,1,3,0,0,0.0,0.0384,0.1855,39,6.147,12.09,14.17,17.7,0,0,0,0
PDF_03834,0,2,11.22,0,0,1,0,10.43,0.1302,0.1589,64,5.341,0.0,13.3,0.0,0,0,0,0
PDF_03835,0,1,0.0,0,0,0,0,0.0,0.0801,0.1331,70,5.605,0.0,17.28,12.01,0,0,0,0
PDF_03836,1,1,4.31,0,0,0,0,12.46,0.1963,0.272,96,5.683,16.07,12.87,67.32,1,1,0,0
PDF_03837,2,1,1.72,2,4,0,0,17.34,0.0849,0.1653,112,5.667,0.0,0.44,9.83,0,0,0,0
PDF_03838,0,2,0.0,1,0,0,0,2.83,0.084,0.177,90,5.038,3.27,25.77,18.62,0,1,0,0
PDF_03839,1,1,0.0,0,0,0,0,0.0,0.1042,0.2531,43,4.1,0.0,0.0,38.96,1,0,0,0
PDF_03840,1,1,1.51,0,0,0,0,0.0,0.0542,0.1026,54,4.668,0.0,3.9,0.0,0,0,0,0
PDF_03841,0,1,24.02,3,0,0,0,29.52,0.2189,0.2803,159,5.8,3.03,0.0,49.84,1,0,0,0
PDF_03842,0,1,0.0,1,0,0,0,0.0,0.1606,0.2258,70,5.964,3.32,4.04,45.11,1,1,0,0
PDF_03843,0,1,11.5,1,2,1,0,0.0,0.1355,0.3022,93,5.731,0.0,6.49,32.95,1,0,0,0
PDF_03844,0,1,0.0,0,0,1,0,0.0,0.0,0.0543,5,3.714,0.0,0.0,0.0,0,1,0,0
PDF_03845,1,1,10.16,1,0,0,0,0.0,0.1353,0.296,125,5.731,0.0,0.55,47.45,1,0,0,0
PDF_03846,2,2,31.89,4,1,3,0,19.89,0.1894,0.1263,129,5.849,38.5,37.28,0.0,0,0,0,0
PDF_03847,1,1,35.02,2,5,2,0,5.72,0.2929,0.3319,90,5.244,27.96,12.64,67.81,1,1,0,0
PDF_03848,0,1,0.74,3,3,1,0,0.0,0.1118,0.1887,95,4.836,5.66,0.0,42.15,1,0,0,0
PDF_03849,0,1,0.0,0,0,0,0,0.0,0.0357,0.0,55,5.149,0.0,0.0,5.18,0,0,0,0
PDF_03850,0,1,17.64,3,1,0,0,0.0,0.1944,0.3001,94,5.486,0.0,0.0,48.62,1,0,0,0
PDF_03851,1,1,19.19,1,0,0,0,23.98,0.2916,0.2885,148,5.345,5.87,29.43,57.89,1,0,0,0
PDF_03852,2,1,33.24,2,1,1,0,2.72,0.2017,0.3842,133,5.37,31.33,35.65,58.94,1,0,0,0
PDF_03853,0,1,0.0,3,1,0,0,0.0,0.1752,0.223,137,4.816,0.0,16.78,56.49,1,0,0,0
PDF_03854,0,2,0.0,3,2,0,0,4.8,0.0,0.0,18,4.542,0.0,0.0,0.0,0,0,0,0
PDF_03855,0,2,0.0,0,0,1,0,0.0,0.1419,0.3015,86,5.447,10.87,6.99,52.81,1,0,0,0
PDF_03856,0,1,4.29,1,0,0,0,11.68,0.0364,0.1233,53,5.773,0.0,1.47,0.0,0,0,0,0
PDF_03857,0,1,4.04,0,0,0,0,2.31,0.0936,0.1967,92,5.537,0.0,32.0,21.64,0,1,0,0
PDF_03858,1,1,0.0,0,3,0,0,0.0,0.02,0.0223,72,5.282,2.33,0.0,0.0,0,1,0,0
PDF_03859,2,2,39.8,5,0,0,0,0.0,0.1348,0.2015,79,5.125,0.0,51.79,0.0,0,1,0,0
PDF_03860,1,2,22.96,7,0,1,1,29.96,0.1629,0.1493,84,5.887,38.65,23.92,26.02,0,1,0,0
PDF_03861,0,1,19.73,4,1,0,0,2.79,0.1878,0.2883,129,5.254,10.77,22.76,54.83,1,0,0,0
PDF_03862,0,2,0.0,3,1,1,0,0.0,0.1492,0.3494,56,5.083,0.0,19.7,50.52,1,0,0,0
PDF_03863,1,2,24.78,0,2,0,0,17.1,0.1572,0.2972,103,5.521,1.87,33.03,56.11,1,0,0,0
PDF_03864,1,2,0.0,0,1,0,0,0.0,0.0,0.0229,67,3.709,0.0,0.0,3.19,0,0,0,0
PDF_03865,0,2,26.16,3,0,0,0,1.35,0.0,0.1652,40,5.442,30.42,27.54,13.06,0,0,0,0
PDF_03866,0,1,16.24,0,2,0,0,0.0,0.1098,0.0731,60,6.64,3.39,27.26,20.66,0,1,0,0
PDF_03867,0,1,7.36,6,2,1,0,0.0,0.1145,0.0628,66,5.135,23.13,31.01,9.98,0,1,0,0
PDF_03868,0,2,0.0,5,5,1,0,0.0,0.0,0.0928,87,5.819,0.0,0.0,2.0,0,0,0,0
PDF_03869,1,1,13.01,1,2,0,0,17.92,0.1317,0.2915,55,4.623,0.0,0.86,79.47,1,1,0,0
PDF_03870,1,2,41.85,0,6,0,0,21.51,0.1955,0.2471,87,5.737,16.21,45.01,29.12,0,0,0,0
PDF_03871,0,1,0.0,0,2,1,0,0.0,0.078,0.0291,35,4.824,0.0,0.0,9.15,0,0,0,0
PDF_03872,1,1,16.09,0,0,0,0,24.85,0.0879,0.0825,108,4.777,11.22,16.52,15.57,0,1,0,0
PDF_03873,0,2,5.53,0,0,1,0,0.0,0.0903,0.1457,77,6.138,10.46,2.54,16.18,0,0,0,0
PDF_03874,0,1,0.0,1,0,0,0,0.0,0.0,0.027,26,5.604,0.0,0.0,4.68,0,0,0,0
PDF_03875,0,1,32.93,0,1,1,0,16.72,0.069,0.1065,100,6.02,37.51,7.82,30.39,0,1,0,0
PDF_03876,2,1,49.77,6,3,1,0,11.46,0.1956,0.1257,145,5.534,24.89,70.68,11.33,0,1,0,0
PDF_03877,0,1,7.04,2,2,0,0,0.0,0.0411,0.1037,54,4.686,0.0,0.0,3.74,0,0,0,0
PDF_03878,0,1,11.03,2,0,1,0,9.37,0.1511,0.3133,154,5.072,0.0,0.0,45.56,1,1,0,0
PDF_03879,1,2,19.9,5,2,1,0,20.25,0.2373,0.3682,117,5.178,40.11,44.24,69.22,1,0,0,0
PDF_03880,0,1,9.71,0,1,1,0,7.7,0.0523,0.1425,61,6.067,0.0,25.23,0.0,0,1,0,0
PDF_03881,1,2,43.64,3,2,0,0,25.53,0.1226,0.2168,138,5.213,31.87,34.71,3.86,0,0,0,0
PDF_03882,0,2,26.85,0,0,0,0,29.16,0.176,0.1635,69,4.826,8.88,21.39,19.44,0,0,0,0
PDF_03883,1,1,19.69,1,3,1,0,16.4,0.0951,0.1334,99,5.622,2.97,0.0,23.15,0,0,0,0
PDF_03884,0,2,17.69,0,0,0,1,0.0,0.1165,0.166,123,4.613,22.18,0.0,20.22,0,0,0,0
PDF_03885,0,2,0.0,1,0,1,0,0.75,0.0302,0.0797,42,5.03,0.0,0.0,15.38,0,1,0,0
PDF_03886,1,1,38.3,1,4,0,0,13.9,0.2337,0.3216,180,5.847,28.54,35.06,75.01,1,0,0,0
PDF_03887,0,1,0.0,0,0,0,0,3.97,0.0241,0.1055,74,5.392,0.0,8.58,6.65,0,0,0,0
PDF_03888,2,1,9.97,0,1,0,0,10.0,0.0865,0.1722,112,6.178,17.06,0.0,10.25,0,1,0,0
PDF_03889,1,2,16.39,1,0,0,0,0.0,0.1924,0.3559,112,5.754,27.28,25.0,47.68,1,1,0,0
PDF_03890,0,1,21.83,0,0,0,0,0.0,0.0858,0.1284,60,4.336,0.0,0.0,3.45,0,1,0,0
PDF_03891,0,1,0.0,0,3,0,0,3.99,0.0472,0.0958,102,5.154,0.0,0.0,5.92,0,1,0,0
PDF_03892,0,2,7.03,2,0,0,0,14.68,0.0426,0.0886,56,5.701,0.0,5.31,13.12,0,1,0,0
PDF_03893,2,2,12.4,0,0,0,0,0.0,0.0509,0.1445,56,5.14,0.0,18.41,0.0,0,0,0,0
PDF_03894,0,1,15.92,3,0,1,0,17.56,0.033,0.136,83,4.942,1.6,24.71,19.51,0,0,0,0
PDF_03895,1,2,13.13,4,0,1,0,14.88,0.1319,0.1492,79,5.777,13.27,37.79,4.78,0,0,0,0
PDF_03896,0,1,0.0,0,0,0,0,0.0,0.0052,0.0879,48,4.616,0.0,0.0,9.09,0,0,0,0
PDF_03897,1,1,0.0,0,0,1,0,0.0,0.0141,0.0914,40,5.542,0.0,0.0,0.0,0,0,0,0
PDF_03898,1,2,36.87,3,4,1,0,25.19,0.203,0.3674,128,5.149,6.8,22.49,65.23,1,1,0,0
PDF_03899,0,1,22.24,0,2,0,0,0.0,0.1155,0.0855,76,5.969,26.2,0.0,5.12,0,0,0,0
PDF_03900,0,1,24.0,0,1,0,0,0.0,0.1364,0.1442,93,5.521,37.04,64.87,12.61,0,0,0,0
PDF_03901,1,1,0.0,2,0,0,0,0.0,0.0,0.1052,5,5.144,0.0,0.0,0.0,0,0,0,0
PDF_03902,1,1,0.69,3,1,0,0,0.0,0.0,0.1123,48,5.548,0.96,0.0,0.0,0,0,0,0
PDF_03903,1,2,37.15,4,0,1,0,0.0,0.2012,0.3846,113,5.75,14.74,20.5,70.28,1,0,0,0
PDF_03904,0,1,4.96,3,3,0,0,0.0,0.0,0.0855,89,5.406,0.0,12.25,14.76,0,1,0,0
PDF_03905,0,1,6.9,0,0,0,0,14.81,0.1365,0.3289,92,4.907,36.85,10.21,35.04,1,1,0,0
PDF_03906,1,2,32.08,3,2,0,0,14.34,0.1168,0.0571,92,5.709,31.17,6.49,11.5,0,0,0,0
PDF_03907,1,2,31.0,6,5,1,0,36.27,0.1527,0.1993,102,5.135,33.49,44.8,20.84,0,1,0,0
PDF_03908,0,1,0.0,1,0,0,0,0.0,0.0223,0.0405,31,5.57,0.0,0.0,8.79,0,0,0,0
PDF_03909,1,1,4.26,0,4,1,0,0.0,0.0733,0.1247,75,5.45,0.0,22.28,1.75,0,0,0,0
PDF_03910,0,1,26.09,4,4,1,0,3.2,0.3021,0.3811,152,5.777,18.93,51.05,65.15,1,0,0,0
PDF_03911,0,1,23.88,3,0,0,0,0.0,0.1931,0.2725,117,4.858,0.0,29.06,47.68,1,0,0,0
PDF_03912,0,1,65.18,1,6,1,0,33.01,0.1503,0.2376,127,6.584,50.36,83.49,34.53,0,0,0,0
PDF_03913,0,2,0.0,0,2,0,0,0.0,0.0119,0.0475,12,5.93,0.0,0.0,7.95,0,0,0,0
PDF_03914,0,1,0.0,1,2,0,0,19.69,0.1285,0.1309,99,5.457,14.01,17.75,14.06,0,0,0,0
PDF_03915,1,1,6.89,3,0,0,0,17.55,0.107,0.226,73,4.576,8.93,7.8,52.76,1,1,0,0
PDF_03916,1,1,4.85,0,2,0,0,0.0,0.0525,0.1281,86,4.827,1.21,1.37,18.62,0,0,0,0
PDF_03917,0,2,31.16,5,3,1,0,2.89,0.1309,0.081,171,4.896,46.32,43.3,12.63,0,0,0,0
PDF_03918,0,2,22.81,0,3,1,0,7.45,0.0712,0.189,69,5.621,0.0,0.0,12.17,0,1,0,0
PDF_03919,1,1,13.12,3,0,1,0,10.3,0.1215,0.119,85,5.638,13.93,24.81,17.47,0,1,0,0
PDF_03920,0,1,2.39,0,0,0,0,0.0,0.096,0.1266,109,5.317,23.65,3.27,8.4,0,0,0,0
PDF_03921,0,2,19.67,0,0,0,0,33.53,0.0699,0.1725,92,5.407,0.87,0.0,14.78,0,1,0,0
PDF_03922,0,1,7.73,2,0,0,0,0.0,0.0584,0.1108,66,5.52,0.0,0.0,0.73,0,0,0,0
PDF_03923,0,1,20.57,0,2,1,0,25.94,0.1332,0.0919,119,6.112,25.55,34.94,11.72,0,0,0,0
PDF_03924,0,2,28.37,2,0,0,0,0.57,0.114,0.2757,74,5.834,0.0,14.36,51.86,1,0,0,0
PDF_03925,0,1,0.0,0,2,1,0,0.0,0.0395,0.204,18,4.022,0.0,0.0,51.6,1,0,0,0
PDF_03926,0,1,17.09,1,1,1,0,1.34,0.0954,0.2403,110,6.09,13.25,15.95,61.64,1,1,0,0
PDF_03927,1,1,0.67,3,3,0,0,0.0,0.0882,0.2109,78,5.884,0.0,0.0,52.53,1,0,0,0
PDF_03928,0,1,9.65,0,1,0,0,2.52,0.1787,0.2264,83,5.999,1.53,0.0,53.7,1,0,0,0
PDF_03929,1,2,34.01,2,0,0,0,22.24,0.2563,0.4123,147,6.94,28.33,37.85,87.06,1,0,0,0
PDF_03930,1,2,29.08,1,0,0,0,4.01,0.1505,0.1679,110,4.843,0.0,7.42,19.44,0,0,0,0
PDF_03931,0,1,18.32,1,5,0,0,30.34,0.069,0.1294,93,5.965,2.32,3.39,0.0,0,1,0,0
PDF_03932,0,3,0.0,0,0,1,0,0.0,0.1372,0.2939,74,5.326,0.0,1.37,49.76,1,0,0,0
PDF_03933,1,1,9.32,3,1,0,0,0.0,0.2178,0.3659,91,5.471,0.0,14.32,47.68,1,0,0,0
PDF_03934,0,1,22.07,3,3,2,0,14.15,0.0767,0.1886,136,5.491,11.49,40.06,30.58,0,1,0,0
PDF_03935,2,1,0.0,5,0,2,0,0.0,0.0486,0.1945,44,4.756,0.0,0.0,26.2,1,0,0,0
PDF_03936,1,1,0.0,0,4,0,0,0.0,0.0608,0.2242,103,5.49,0.0,0.0,40.85,1,0,0,0
PDF_03937,0,2,4.95,3,2,1,0,20.06,0.2339,0.3808,101,5.219,7.56,25.12,72.76,1,1,0,0
PDF_03938,0,1,29.11,3,0,0,0,2.16,0.1146,0.3192,57,5.883,0.0,0.0,43.99,1,1,0,0
PDF_03939,0,1,35.21,4,2,1,0,22.45,0.1622,0.12,104,5.94,33.17,23.78,16.1,0,0,0,0
PDF_03940,0,3,32.02,1,2,0,0,4.51,0.2755,0.4286,89,6.404,28.09,34.85,65.78,1,0,0,0
PDF_03941,0,2,33.96,1,2,1,0,37.52,0.1922,0.1579,102,6.233,9.47,10.36,24.75,0,1,0,0
PDF_03942,0,1,5.92,2,1,0,0,0.0,0.1174,0.31,73,5.323,14.55,0.0,52.47,1,0,0,0
PDF_03943,0,1,30.07,2,2,0,0,15.44,0.1692,0.4444,107,5.454,0.0,26.04,62.37,1,1,0,0
PDF_03944,0,1,8.99,2,5,1,0,0.0,0.0,0.0545,53,5.357,6.69,0.0,0.0,0,0,0,0
PDF_03945,0,1,21.91,3,1,0,0,8.26,0.1137,0.0842,116,6.078,29.67,21.64,18.21,0,0,0,0
PDF_03946,0,1,1.34,3,0,0,0,0.0,0.0164,0.0993,102,5.509,0.0,0.79,10.39,0,1,0,0
PDF_03947,0,1,8.51,0,0,1,0,0.0,0.0233,0.1409,43,6.032,0.0,0.0,0.0,0,1,0,0
PDF_03948,1,1,51.29,1,1,1,0,39.13,0.243,0.293,132,4.977,22.9,43.55,65.15,1,1,0,0
PDF_03949,2,1,0.0,0,1,0,0,0.0,0.0,0.1093,58,3.752,0.0,0.0,0.0,0,0,0,0
PDF_03950,0,1,0.0,2,1,0,0,2.22,0.1029,0.273,65,5.371,0.0,23.13,40.57,1,0,0,0
PDF_03951,0,2,0.0,0,1,1,0,2.83,0.0656,0.1088,69,3.633,0.0,0.0,0.0,0,0,0,0
PDF_03952,0,1,12.45,0,2,0,0,0.0,0.1268,0.3343,59,5.256,0.0,0.0,60.98,1,0,0,0
PDF_03953,0,1,52.09,5,7,1,0,6.65,0.1809,0.2197,143,6.88,18.2,52.34,11.76,0,1,0,0
PDF_03954,1,3,21.78,4,9,0,0,26.09,0.2624,0.4224,121,4.914,15.01,8.05,62.71,1,0,0,0
PDF_03955,0,1,2.47,3,2,0,0,14.43,0.1225,0.1435,114,5.689,0.0,0.0,0.0,0,0,0,0
PDF_03956,0,1,2.2,0,0,2,0,7.19,0.0857,0.0683,86,5.493,0.11,13.69,0.0,0,1,0,0
PDF_03957,1,2,3.54,3,4,0,0,0.0,0.0429,0.2492,59,4.821,18.96,1.36,0.0,0,0,0,0
PDF_03958,0,1,33.29,5,1,0,0,14.71,0.1203,0.2443,127,5.982,21.98,28.63,31.09,0,0,0,0
PDF_03959,1,1,37.63,5,5,1,0,0.0,0.1528,0.1192,97,5.039,0.0,35.39,9.95,0,0,0,0
PDF_03960,1,2,38.43,4,5,0,0,4.86,0.0792,0.1015,168,4.888,36.2,47.77,34.97,0,1,0,0
PDF_03961,0,2,54.16,2,4,1,0,34.88,0.1813,0.1268,126,6.553,33.92,20.64,17.63,0,1,0,0
PDF_03962,1,2,0.0,3,0,1,0,0.0,0.0417,0.0766,22,5.415,0.0,0.0,0.0,0,0,0,0
PDF_03963,0,1,5.98,0,5,0,0,0.0,0.0477,0.1008,122,5.843,3.27,0.0,10.02,0,0,0,0
PDF_03964,0,1,9.55,0,0,0,0,0.0,0.116,0.3614,134,5.145,6.42,4.0,61.29,1,0,0,0
PDF_03965,0,1,5.28,0,3,0,0,0.0,0.0925,0.1244,51,5.658,0.0,0.0,2.49,0,0,0,0
PDF_03966,1,1,0.0,4,3,1,0,0.0,0.128,0.2758,71,5.013,1.75,0.0,63.36,1,0,0,0
PDF_03967,1,1,26.78,3,0,0,0,27.64,0.1186,0.108,93,4.8,0.6,21.7,27.58,0,1,0,0
PDF_03968,1,3,29.1,2,2,1,0,17.08,0.1817,0.1809,95,5.406,21.18,20.55,8.81,0,0,0,0
PDF_03969,2,1,15.78,2,0,1,0,3.96,0.1113,0.118,55,4.9,0.0,0.0,20.27,0,0,0,0
PDF_03970,0,1,15.77,3,1,0,0,9.7,0.1817,0.3979,79,5.341,0.0,0.0,28.25,1,1,0,0
PDF_03971,0,2,21.07,2,2,0,0,25.67,0.0631,0.1381,118,6.397,12.86,36.67,45.72,0,0,0,0
PDF_03972,1,2,0.0,0,0,1,0,0.0,0.147,0.1212,79,4.506,0.0,0.0,50.16,1,0,0,0
PDF_03973,0,1,6.95,0,3,0,0,6.04,0.2289,0.2815,104,3.971,19.53,0.0,55.68,1,0,0,0
PDF_03974,0,1,26.31,2,5,1,0,11.23,0.1032,0.1456,91,6.137,5.98,4.48,0.19,0,1,0,0
PDF_03975,1,2,13.52,1,5,1,0,0.0,0.0291,0.1387,75,6.27,0.0,26.84,23.25,0,0,0,0
PDF_03976,1,1,0.0,3,1,0,0,0.0,0.0,0.0916,33,5.472,0.0,0.0,0.0,0,0,0,0
PDF_03977,0,2,7.84,1,2,0,0,5.24,0.0,0.099,52,5.542,14.98,13.89,11.45,0,0,0,0
PDF_03978,2,3,47.88,4,5,0,0,19.2,0.3233,0.3263,182,4.158,11.15,39.74,82.96,1,0,0,0
PDF_03979,1,1,7.85,0,1,0,0,0.0,0.0,0.0447,106,5.698,4.46,0.0,2.59,0,0,0,0
PDF_03980,1,1,0.0,2,0,1,0,0.0,0.0,0.0648,8,4.841,0.0,0.0,0.0,0,0,0,0
PDF_03981,2,1,55.42,6,1,0,0,10.31,0.1081,0.1802,91,5.258,25.55,26.59,22.09,0,0,0,0
PDF_03982,1,1,0.0,1,0,1,0,9.78,0.0049,0.2182,63,4.948,0.0,0.0,0.87,0,1,0,0
PDF_03983,3,2,65.41,0,6,1,0,12.03,0.2852,0.3656,131,5.362,18.48,25.22,77.66,1,0,0,0
PDF_03984,1,2,0.0,1,2,1,0,1.19,0.0654,0.0798,55,5.408,4.67,0.0,0.0,0,1,0,0
PDF_03985,0,2,16.83,1,0,0,0,9.23,0.088,0.0721,128,5.431,26.31,0.8,13.6,0,0,0,0
PDF_03986,1,1,25.49,6,2,0,0,38.59,0.1362,0.1899,103,5.646,5.09,4.13,14.83,0,0,0,0
PDF_03987,1,1,0.0,3,3,0,0,0.0,0.0586,0.1357,72,4.633,0.0,0.0,2.43,0,0,0,0
PDF_03988,0,1,0.0,1,0,0,0,0.0,0.0,0.0533,61,5.818,0.0,0.0,0.0,0,0,0,0
PDF_03989,2,1,34.39,0,5,1,0,0.0,0.1771,0.3441,109,6.112,4.6,33.87,70.9,1,0,0,0
PDF_03990,0,3,44.73,1,0,0,0,14.64,0.1779,0.1133,116,6.82,24.01,28.73,24.02,0,0,0,0
PDF_03991,0,1,35.95,0,1,0,0,7.0,0.0,0.1828,66,5.384,13.07,21.58,16.32,0,0,0,0
PDF_03992,0,1,7.07,1,2,1,0,0.0,0.0973,0.1467,64,4.623,6.34,18.46,31.34,0,0,0,0
PDF_03993,1,2,0.0,1,3,1,0,0.15,0.0193,0.0835,112,5.282,0.0,15.76,0.0,0,0,0,0
PDF_03994,0,1,19.79,3,0,0,0,1.34,0.1247,0.2083,80,5.446,15.15,21.17,18.75,0,0,0,0
PDF_03995,0,1,22.94,2,0,0,0,23.54,0.2264,0.2328,142,5.547,0.0,39.77,61.52,1,0,0,0
PDF_03996,0,2,8.44,1,0,0,0,4.81,0.1329,0.2911,71,5.312,2.32,24.25,43.46,1,0,0,0
PDF_03997,0,1,68.37,6,9,1,0,49.2,0.2602,0.1742,174,6.423,27.55,52.34,42.81,0,1,0,0
PDF_03998,0,2,6.95,1,4,1,0,10.48,0.1925,0.3752,105,5.588,3.39,35.0,40.45,1,0,0,0
PDF_03999,0,1,3.76,0,0,0,0,0.0,0.1066,0.3684,93,5.075,12.37,12.33,46.0,1,0,0,0
PDF_04000,0,1,0.0,1,1,1,0,0.0,0.0,0.0884,76,4.719,0.0,0.0,0.0,0,0,0,0
PDF_04001,0,1,10.76,1,2,1,0,2.33,0.0936,0.1303,87,5.882,14.22,23.73,14.21,0,1,0,0
PDF_04002,0,1,0.0,1,2,0,0,0.0,0.0147,0.0505,78,5.29,6.27,0.0,0.0,0,0,0,0
PDF_04003,1,2,19.6,1,2,0,0,5.24,0.0468,0.1229,109,6.144,0.0,0.0,0.0,0,0,0,0
PDF_04004,1,3,0.0,0,1,0,0,0.0,0.191,0.3006,115,5.514,0.0,0.0,55.36,1,0,0,0
PDF_04005,1,1,6.93,6,2,0,0,16.46,0.086,0.1363,77,5.515,3.68,0.0,0.03,0,0,0,0
PDF_04006,1,1,0.0,3,2,0,0,0.0,0.1175,0.146,96,3.766,0.0,2.75,30.49,1,0,0,0
PDF_04007,1,1,14.36,3,0,0,0,10.15,0.0462,0.0468,50,4.768,25.41,27.12,0.0,0,0,0,0
PDF_04008,0,1,0.0,2,0,0,0,1.76,0.0298,0.1258,89,5.489,0.0,2.23,11.44,0,1,0,0
PDF_04009,2,1,29.37,2,3,1,0,7.14,0.087,0.143,91,6.683,15.85,27.79,0.0,0,0,0,0
PDF_04010,0,1,0.0,0,0,0,0,1.46,0.0,0.0,21,4.421,0.0,0.0,0.0,0,0,0,0
PDF_04011,2,2,45.95,3,0,0,0,10.3,0.152,0.1126,166,6.162,35.77,44.73,8.56,0,0,0,0
PDF_04012,0,1,0.0,0,0,2,1,5.31,0.1691,0.3253,93,5.935,8.43,5.17,56.06,1,0,0,0
PDF_04013,0,1,0.0,2,0,0,0,0.0,0.0,0.1295,89,5.417,0.0,0.0,0.0,0,0,0,0
PDF_04014,1,2,17.24,2,1,0,0,0.0,0.2067,0.3282,107,5.137,17.29,2.86,76.76,1,1,0,0
PDF_04015,0,1,0.0,1,0,0,0,12.83,0.141,0.3097,108,5.541,6.82,0.0,70.85,1,1,0,0
PDF_04016,1,2,65.38,6,6,2,0,9.19,0.1502,0.0994,168,6.134,35.43,66.76,21.15,0,0,0,0
PDF_04017,2,2,46.88,7,0,0,0,35.82,0.1709,0.2615,114,5.782,44.11,22.19,16.8,0,1,0,0
PDF_04018,1,2,43.58,6,3,0,0,9.64,0.0969,0.0967,127,4.731,9.35,30.73,2.63,0,0,0,0
PDF_04019,2,1,15.61,4,4,0,0,2.15,0.1043,0.0987,50,6.333,20.95,26.5,16.37,0,0,0,0
PDF_04020,2,2,34.49,4,1,1,0,20.19,0.1538,0.1235,108,5.839,17.97,42.62,39.56,0,0,0,0
PDF_04021,0,2,22.27,1,2,0,0,0.0,0.1297,0.1491,92,4.188,26.9,22.59,0.64,0,0,0,0
PDF_04022,0,1,10.85,2,0,1,0,4.62,0.1431,0.3253,54,5.493,15.09,10.22,37.22,1,1,0,0
PDF_04023,0,2,18.55,0,1,0,0,11.88,0.0816,0.1658,97,4.357,10.72,15.21,0.0,0,0,0,0
PDF_04024,1,2,12.03,1,0,0,0,0.0,0.1595,0.2783,94,5.467,0.0,13.6,49.25,1,1,0,0
PDF_04025,0,1,0.0,1,0,0,0,0.0,0.0,0.1002,26,4.539,0.0,0.0,1.13,0,0,0,0
PDF_04026,0,1,0.0,0,2,0,0,8.55,0.1806,0.3086,104,4.4,0.0,5.47,57.41,1,0,0,0
PDF_04027,0,1,16.87,3,2,1,0,43.86,0.0935,0.1411,89,5.872,1.39,1.06,6.93,0,1,0,0
PDF_04028,0,2,0.0,3,3,0,0,0.0,0.0782,0.2887,16,5.407,0.0,0.0,45.11,1,0,0,0
PDF_04029,1,2,12.15,3,2,0,0,4.27,0.1443,0.4625,105,5.078,0.0,2.03,61.4,1,0,0,0
PDF_04030,1,1,0.0,1,1,0,0,0.0,0.0034,0.1039,101,5.247,18.91,0.0,3.38,0,0,0,0
PDF_04031,1,1,14.9,0,0,0,0,0.0,0.0527,0.0957,106,5.605,6.21,4.02,13.02,0,0,0,0
PDF_04032,1,2,15.41,4,0,0,0,3.13,0.1873,0.3882,100,4.169,0.0,0.0,50.11,1,0,0,0
PDF_04033,0,2,0.0,2,3,0,0,0.0,0.0032,0.098,91,5.507,0.0,0.0,11.12,0,0,0,0
PDF_04034,0,3,49.17,1,3,1,0,12.68,0.3707,0.4,125,6.353,20.75,75.27,67.1,1,0,0,0
PDF_04035,0,1,3.09,4,1,0,0,12.31,0.0435,0.1075,166,5.078,1.16,23.87,7.66,0,0,0,0
PDF_04036,0,1,0.0,0,1,1,0,0.0,0.1025,0.3102,119,4.731,0.0,0.0,56.61,1,1,0,0
PDF_04037,0,1,0.0,2,0,0,0,0.0,0.1951,0.2842,105,6.172,2.88,38.94,60.04,1,0,0,0
PDF_04038,0,1,13.28,6,6,1,0,18.94,0.098,0.1043,114,6.909,13.96,20.95,5.03,0,0,0,0
PDF_04039,1,1,18.2,3,4,0,0,10.53,0.1814,0.177,110,6.781,27.89,45.12,16.61,0,0,0,0
PDF_04040,0,1,26.29,4,4,1,0,13.71,0.0252,0.1233,120,4.981,0.0,16.62,14.6,0,1,0,0
PDF_04041,0,3,32.11,1,2,1,0,27.79,0.1999,0.1999,94,4.46,13.68,27.3,0.0,0,0,0,0
PDF_04042,1,1,0.0,2,1,1,0,0.0,0.0,0.0958,16,5.511,0.0,0.0,0.0,0,0,0,0
PDF_04043,0,1,2.82,1,2,0,0,0.0,0.0939,0.092,55,4.7,22.09,20.1,12.8,0,1,0,0
PDF_04044,0,2,2.08,0,0,0,0,0.0,0.0596,0.1437,107,5.456,11.86,15.2,7.6,0,0,0,0
PDF_04045,0,2,1.61,1,3,0,0,10.1,0.1678,0.2289,63,5.048,0.0,0.0,62.98,1,0,0,0
PDF_04046,1,1,21.03,0,0,0,0,0.16,0.1955,0.269,86,6.262,0.0,16.71,49.35,1,1,0,0
PDF_04047,1,1,23.03,1,3,1,0,0.0,0.0554,0.0966,112,5.272,0.0,3.37,8.82,0,0,0,0
PDF_04048,0,1,0.0,0,0,0,0,0.0,0.0281,0.1171,59,4.338,0.0,0.0,24.97,0,1,0,0
PDF_04049,0,1,24.58,0,2,0,0,0.0,0.0,0.2474,72,4.68,9.44,6.88,4.59,0,1,0,0
PDF_04050,0,1,0.0,0,2,1,0,0.0,0.1085,0.092,63,3.487,0.0,0.0,15.0,0,0,0,0
PDF_04051,1,2,0.0,3,1,0,0,6.47,0.1081,0.2244,36,5.689,0.0,0.36,22.64,1,0,0,0
PDF_04052,1,2,28.46,0,0,0,0,0.0,0.1631,0.1389,148,5.206,14.71,11.44,17.99,0,0,0,0
PDF_04053,0,1,16.9,2,0,1,0,15.23,0.0488,0.1548,82,6.047,0.0,2.94,1.29,0,0,0,0
PDF_04054,1,1,1.37,1,2,0,0,0.0,0.1741,0.2478,133,5.708,11.99,33.13,52.92,1,1,0,0
PDF_04055,1,1,19.76,3,0,1,0,25.33,0.1037,0.0987,68,5.508,0.0,0.0,10.49,0,0,0,0
PDF_04056,0,1,11.84,1,0,1,0,1.41,0.0978,0.0976,79,4.746,0.0,16.06,8.91,0,0,0,0
PDF_04057,1,3,52.74,1,4,0,0,46.38,0.1924,0.0946,139,5.622,27.29,35.01,21.48,0,0,0,0
PDF_04058,0,2,34.03,4,3,0,0,20.8,0.2208,0.3822,105,5.772,0.0,28.76,50.47,1,1,0,0
PDF_04059,1,1,24.42,1,0,0,0,0.0,0.1608,0.3143,138,5.314,2.1,0.0,45.17,1,0,0,0
PDF_04060,1,2,42.52,4,0,0,0,0.0,0.1188,0.2449,94,5.621,29.56,27.99,9.14,0,0,0,0
PDF_04061,2,2,26.88,1,1,0,0,0.0,0.2263,0.4628,110,5.423,23.48,32.39,80.27,1,0,0,0
PDF_04062,0,3,18.02,0,0,1,0,0.0,0.1166,0.1925,87,5.466,11.13,36.68,11.66,0,0,0,0
PDF_04063,2,1,0.0,3,1,0,0,0.0,0.0271,0.2368,31,6.024,0.0,0.0,62.33,1,0,0,0
PDF_04064,0,1,0.0,0,2,1,0,0.79,0.0544,0.1092,50,5.119,10.83,1.71,8.94,0,1,0,0
PDF_04065,0,2,0.0,2,0,0,0,0.0,0.0016,0.0774,38,4.541,2.95,0.0,0.0,0,0,0,0
PDF_04066,0,1,23.18,0,4,0,0,0.0,0.1815,0.3112,135,5.494,10.58,31.21,30.0,1,0,0,0
PDF_04067,0,1,2.67,3,0,1,0,0.0,0.0378,0.3159,82,6.121,0.0,0.0,40.66,1,1,0,0
PDF_04068,0,1,0.0,0,0,0,0,0.0,0.0,0.1946,16,4.587,0.0,0.0,0.0,0,1,0,0
PDF_04069,1,1,32.18,4,2,1,1,20.74,0.2835,0.2607,123,4.798,18.95,57.05,87.5,1,0,0,0
PDF_04070,0,2,0.0,0,1,2,0,0.0,0.0585,0.1147,80,5.721,15.51,0.0,15.06,0,0,0,0
PDF_04071,0,2,0.0,2,0,0,0,0.0,0.0111,0.1316,75,5.59,0.0,0.0,0.0,0,0,0,0
PDF_04072,2,2,21.33,1,3,0,0,9.94,0.2842,0.4052,135,5.767,23.44,37.1,62.51,1,0,0,0
PDF_04073,1,1,42.6,0,1,1,0,11.45,0.1467,0.1692,101,6.463,30.64,21.97,22.05,0,0,0,0
PDF_04074,1,2,0.0,2,0,0,0,0.0,0.1035,0.043,55,5.208,18.36,4.92,0.0,0,1,0,0
PDF_04075,0,1,20.83,5,3,1,0,25.22,0.029,0.1366,133,5.9,18.56,7.78,0.0,0,0,0,0
PDF_04076,1,1,40.79,5,0,0,0,24.92,0.1053,0.0946,86,5.142,28.86,36.55,17.8,0,0,0,0
PDF_04077,2,1,27.79,6,1,0,0,44.06,0.2421,0.3724,91,5.295,21.32,29.66,70.87,1,1,0,0
PDF_04078,1,1,14.08,2,4,0,0,8.67,0.145,0.3631,113,4.359,7.65,0.0,56.21,1,1,0,0
PDF_04079,1,1,4.58,3,2,0,0,20.63,0.0451,0.1579,67,5.343,19.67,26.08,24.24,0,1,0,0
PDF_04080,1,2,0.0,1,0,1,0,0.0,0.0202,0.0815,32,4.832,0.0,0.0,3.05,0,1,0,0
PDF_04081,0,1,0.0,0,2,0,1,0.0,0.0103,0.0594,54,4.912,1.33,0.0,1.65,0,0,0,0
PDF_04082,1,2,0.0,4,0,0,0,19.66,0.0692,0.1951,61,5.792,0.28,7.26,10.71,0,1,0,0
PDF_04083,1,2,11.2,1,1,1,0,19.04,0.1847,0.3897,122,6.472,14.54,6.05,60.8,1,0,0,0
PDF_04084,1,2,20.02,3,0,0,0,23.45,0.1666,0.2571,114,6.102,17.03,8.34,72.5,1,0,0,0
PDF_04085,0,1,20.21,7,4,0,0,29.57,0.2118,0.3077,129,5.161,31.19,23.04,52.06,1,0,0,0
PDF_04086,0,3,10.3,0,0,0,0,18.19,0.1707,0.1735,115,4.931,21.6,32.1,0.0,0,0,0,0
PDF_04087,1,1,14.23,4,2,1,0,3.83,0.2496,0.351,118,4.11,12.67,13.99,61.24,1,1,0,0
PDF_04088,0,2,0.0,0,2,0,0,0.0,0.1468,0.264,121,5.42,0.0,0.0,57.82,1,1,0,0
PDF_04089,2,1,42.67,6,3,0,0,24.56,0.2237,0.3249,185,4.542,10.08,51.6,77.6,1,1,0,0
PDF_04090,0,1,0.0,0,0,0,0,0.0,0.0,0.0,21,5.74,2.84,0.0,3.39,0,0,0,0
PDF_04091,0,1,4.17,3,0,0,0,7.51,0.0435,0.0306,64,4.575,5.79,0.0,4.17,0,1,0,0
PDF_04092,1,1,0.0,1,2,0,0,0.0,0.0,0.0522,82,5.723,0.0,0.0,1.5,0,0,0,0
PDF_04093,2,1,0.25,2,2,1,0,0.0,0.2329,0.339,92,5.459,0.0,16.5,57.8,1,0,0,0
PDF_04094,2,2,46.36,3,2,0,0,39.89,0.1608,0.1874,143,6.581,26.53,20.01,24.77,0,1,0,0
PDF_04095,0,2,8.67,0,1,1,0,14.44,0.1173,0.1211,77,5.208,12.74,51.44,0.0,0,0,0,0
PDF_04096,0,3,0.0,3,0,1,0,0.0,0.0018,0.0917,76,4.787,0.0,11.96,17.69,0,0,0,0
PDF_04097,2,1,54.02,7,8,1,0,20.26,0.2837,0.5238,133,5.445,30.51,59.4,71.44,1,0,0,0
PDF_04098,0,2,29.01,0,0,0,0,19.62,0.1802,0.3161,115,6.019,21.64,0.0,65.16,1,0,0,0
PDF_04099,0,1,2.84,0,1,0,0,0.0,0.07,0.134,142,4.268,2.14,8.86,21.68,0,0,0,0
PDF_04100,0,1,0.0,5,2,0,0,0.0,0.0,0.0384,55,5.61,12.94,0.0,8.32,0,0,0,0
PDF_04101,1,2,7.83,0,0,1,0,0.09,0.0687,0.0763,131,5.992,0.0,9.05,0.0,0,1,0,0
PDF_04102,1,1,21.17,0,0,0,0,0.0,0.1637,0.2149,91,5.796,4.66,7.54,5.86,0,1,0,0
PDF_04103,1,1,0.0,3,0,0,0,0.0,0.0,0.0,18,3.744,0.0,0.0,0.0,0,0,0,0
PDF_04104,1,1,11.47,5,0,0,0,5.29,0.0471,0.1387,79,5.367,11.83,11.46,1.29,0,1,0,0
PDF_04105,0,1,6.54,3,1,0,0,22.76,0.1311,0.2788,90,6.141,11.14,6.33,39.22,1,0,0,0
PDF_04106,1,1,16.32,4,3,2,0,16.0,0.1307,0.1704,118,5.528,20.69,35.39,24.84,0,1,0,0
PDF_04107,0,2,0.0,0,1,1,0,0.0,0.1054,0.3098,65,5.156,0.0,0.0,27.79,1,0,0,0
PDF_04108,0,1,0.0,0,0,0,0,1.9,0.06,0.1058,87,5.226,0.59,0.0,13.0,0,0,0,0
PDF_04109,2,1,46.12,3,1,1,0,34.32,0.1734,0.1478,97,6.332,5.54,30.78,0.0,0,0,0,0
PDF_04110,1,2,43.02,2,5,2,0,27.59,0.2808,0.3766,141,5.972,40.12,29.63,44.77,1,0,0,0
PDF_04111,0,2,5.03,0,0,1,0,0.0,0.0,0.0158,15,5.006,0.0,0.0,0.0,0,0,0,0
PDF_04112,0,1,27.69,3,2,0,0,10.74,0.1248,0.1605,130,4.797,25.77,45.31,12.36,0,0,0,0
PDF_04113,0,1,44.03,4,2,0,0,28.61,0.1261,0.1683,111,5.992,29.56,50.69,25.07,0,1,0,0
PDF_04114,0,1,19.0,2,2,0,1,14.64,0.1135,0.1627,91,5.114,6.45,5.3,0.0,0,0,0,0
PDF_04115,1,2,9.43,1,7,1,0,0.0,0.0813,0.2494,95,6.076,5.41,11.99,41.43,1,0,0,0
PDF_04116,0,1,0.0,2,0,1,0,0.0,0.0,0.1414,32,2.714,0.0,0.0,0.0,0,0,0,0
PDF_04117,0,1,0.0,2,0,1,0,0.0,0.0987,0.306,62,4.451,0.0,0.0,31.52,1,0,0,0
PDF_04118,1,2,0.0,0,1,0,0,0.0,0.0178,0.0588,31,5.484,0.0,0.0,0.0,0,0,0,0
PDF_04119,0,1,0.0,0,0,0,0,1.91,0.0,0.2052,117,6.031,0.0,0.79,6.7,0,0,0,0
PDF_04120,0,3,12.65,2,2,0,0,0.0,0.1004,0.2025,115,6.786,0.0,0.0,6.17,0,0,0,0
PDF_04121,0,3,33.01,0,1,1,0,9.8,0.1055,0.1443,70,5.292,20.7,32.69,13.12,0,1,0,0
PDF_04122,0,2,22.67,3,0,0,0,0.0,0.0453,0.1257,72,5.073,3.97,0.0,7.62,0,0,0,0
PDF_04123,0,2,17.86,1,0,0,0,12.82,0.1338,0.287,70,5.252,2.46,0.36,52.1,1,0,0,0
PDF_04124,0,2,21.12,2,3,0,0,0.0,0.0048,0.1659,52,5.82,0.0,0.0,14.8,0,1,0,0
PDF_04125,1,1,27.11,1,1,0,0,12.2,0.2907,0.4031,132,5.62,22.89,2.0,61.01,1,1,0,0
PDF_04126,0,1,0.0,6,0,0,0,0.0,0.102,0.299,38,6.083,0.0,6.23,25.13,1,0,0,0
PDF_04127,0,1,1.47,1,2,0,0,0.0,0.0,0.1048,12,5.387,0.0,3.29,12.39,0,1,0,0
PDF_04128,0,1,16.81,0,0,1,0,18.66,0.2756,0.382,145,5.859,16.72,33.32,66.47,1,1,0,0
PDF_04129,2,1,43.77,6,5,1,0,35.11,0.1565,0.0735,153,6.526,30.0,61.83,23.38,0,0,0,0
PDF_04130,0,1,12.3,1,3,0,0,0.0,0.1457,0.2974,125,4.775,7.78,1.4,58.15,1,0,0,0
PDF_04131,1,1,1.16,2,1,0,0,0.0,0.0422,0.1352,75,4.473,1.51,0.0,0.0,0,1,0,0
PDF_04132,0,1,18.34,1,0,0,0,14.55,0.1162,0.2245,77,5.661,22.27,8.13,11.24,0,1,0,0
PDF_04133,1,1,22.0,3,3,0,0,5.26,0.1003,0.1764,110,6.509,21.6,19.01,13.71,0,0,0,0
PDF_04134,0,1,0.0,0,5,1,0,0.0,0.1485,0.249,50,4.91,0.0,10.15,46.49,1,0,0,0
PDF_04135,0,1,23.97,5,0,0,0,11.09,0.1194,0.0784,60,5.712,21.41,3.43,0.0,0,1,0,0
PDF_04136,2,1,29.52,1,1,1,0,24.43,0.1584,0.2066,110,6.658,12.52,49.8,21.74,0,0,0,0
PDF_04137,1,2,4.74,1,4,0,1,0.0,0.1698,0.2156,89,5.415,0.0,6.29,52.41,1,0,0,0
PDF_04138,0,3,39.54,3,4,0,0,19.89,0.1878,0.352,139,5.153,36.15,18.5,56.91,1,1,0,0
PDF_04139,0,1,28.45,4,0,1,0,18.42,0.2485,0.2697,116,6.242,0.0,0.0,59.67,1,1,0,0
PDF_04140,0,1,8.36,0,0,0,0,0.0,0.0384,0.0706,97,4.812,0.0,0.61,5.3,0,0,0,0
PDF_04141,0,2,16.05,0,0,0,0,0.0,0.0932,0.1082,111,4.594,0.0,5.05,17.26,0,0,0,0
PDF_04142,0,1,0.0,2,0,2,0,2.52,0.0151,0.0587,83,4.644,11.14,6.16,13.39,0,0,0,0
PDF_04143,0,1,30.42,2,0,0,0,23.07,0.1316,0.088,95,5.176,0.0,8.17,19.39,0,1,0,0
PDF_04144,1,1,5.31,3,1,0,0,13.71,0.1542,0.4024,88,5.919,15.04,1.14,67.41,1,0,0,0
PDF_04145,0,3,3.86,2,0,0,0,0.0,0.1772,0.2337,88,4.369,0.34,0.0,76.66,1,0,0,0
PDF_04146,0,1,10.1,0,0,1,0,0.0,0.1915,0.2503,108,5.274,0.0,2.95,61.37,1,0,0,0
PDF_04147,0,1,0.0,0,1,1,0,0.0,0.1136,0.2724,78,5.459,0.0,0.0,43.3,1,0,0,0
PDF_04148,1,1,1.06,1,4,0,0,2.09,0.2233,0.487,107,5.15,28.8,26.67,70.69,1,0,0,0
PDF_04149,0,1,0.0,0,1,1,0,0.0,0.0772,0.0866,61,5.7,6.77,0.0,7.43,0,1,0,0
PDF_04150,1,1,15.94,0,0,0,0,16.22,0.0798,0.1532,78,5.149,0.0,5.73,9.13,0,1,0,0
PDF_04151,1,1,13.51,2,0,0,0,0.0,0.1678,0.349,130,5.664,7.87,0.0,59.56,1,0,0,0
PDF_04152,0,2,18.81,2,1,0,0,0.0,0.0733,0.1601,95,5.242,13.85,17.7,7.07,0,1,0,0
PDF_04153,0,1,0.0,0,3,2,0,18.47,0.0328,0.1354,5,5.719,5.89,24.65,0.0,0,1,0,0
PDF_04154,2,1,26.86,2,0,0,0,22.33,0.1114,0.3132,96,4.68,7.63,4.48,76.5,1,1,0,0
PDF_04155,0,1,2.16,2,3,0,0,0.0,0.0593,0.0372,63,5.806,5.95,0.0,9.37,0,0,0,0
PDF_04156,0,1,0.0,3,3,1,0,0.0,0.0897,0.3164,121,5.581,5.98,0.0,58.86,1,0,0,0
PDF_04157,0,2,7.54,4,3,0,0,0.0,0.0903,0.186,66,5.723,10.94,0.0,0.0,0,1,0,0
PDF_04158,1,1,4.76,2,2,0,0,0.0,0.0317,0.1455,86,6.881,2.91,8.09,0.0,0,1,0,0
PDF_04159,1,2,15.57,2,0,2,0,6.49,0.216,0.2574,72,4.991,0.0,0.0,39.48,1,0,0,0
PDF_04160,1,1,23.84,0,3,1,0,0.64,0.2883,0.3022,137,6.347,6.07,32.42,68.07,1,1,0,0
PDF_04161,0,1,6.97,5,0,0,0,3.97,0.1827,0.3093,93,5.399,8.41,0.0,53.77,1,0,0,0
PDF_04162,1,1,38.98,7,2,0,0,33.58,0.2343,0.2772,161,6.439,4.01,34.32,53.54,1,0,0,0
PDF_04163,0,1,12.52,2,0,0,0,0.0,0.0276,0.0541,136,6.068,13.71,7.0,18.29,0,0,0,0
PDF_04164,1,2,0.0,4,0,0,0,0.0,0.0,0.3489,64,4.691,0.0,0.0,26.75,1,0,0,0
PDF_04165,0,1,0.0,2,0,0,0,0.0,0.1533,0.2231,96,3.999,0.0,0.0,48.94,1,0,0,0
PDF_04166,1,2,43.76,3,4,0,0,18.75,0.1566,0.1201,119,5.629,28.69,25.8,5.54,0,1,0,0
PDF_04167,0,1,8.33,1,0,0,0,0.0,0.0234,0.2587,80,5.904,10.9,0.69,6.21,0,1,0,0
PDF_04168,0,1,17.25,0,2,0,0,2.34,0.0281,0.1169,106,5.186,8.41,0.0,0.0,0,0,0,0
PDF_04169,0,1,20.93,2,2,1,0,11.3,0.0419,0.115,124,5.181,22.22,0.04,9.68,0,1,0,0
PDF_04170,0,1,0.37,3,0,0,0,6.99,0.1626,0.289,82,4.427,16.49,4.4,63.57,1,0,0,0
PDF_04171,0,1,0.0,2,0,1,0,0.0,0.0283,0.0306,84,5.031,5.8,0.0,3.29,0,0,0,0
PDF_04172,2,2,38.61,4,3,0,0,2.46,0.2177,0.3882,137,5.236,30.17,25.64,73.4,1,1,0,0
PDF_04173,1,2,0.0,0,0,1,0,0.0,0.0695,0.2499,87,5.689,2.32,11.22,21.16,0,0,0,0
PDF_04174,1,1,0.0,1,0,1,0,0.0,0.1255,0.3281,5,5.85,0.0,0.0,46.04,1,0,0,0
PDF_04175,1,1,52.92,3,5,2,0,7.45,0.1826,0.1829,152,4.515,16.7,65.53,18.15,0,0,0,0
PDF_04176,0,2,0.0,3,0,0,0,0.0,0.0048,0.1004,28,6.035,0.0,0.79,0.0,0,0,0,0
PDF_04177,0,1,13.63,2,0,1,0,0.0,0.0655,0.1594,110,4.404,18.62,7.66,9.97,0,0,0,0
PDF_04178,1,2,0.0,3,0,0,0,3.52,0.0337,0.0276,96,4.634,5.04,0.0,5.92,0,1,0,0
PDF_04179,1,2,12.2,1,2,0,0,14.52,0.1676,0.1023,70,6.401,10.18,26.29,19.33,0,1,0,0
PDF_04180,0,1,0.0,1,1,0,0,0.0,0.1901,0.2725,114,6.099,0.0,0.0,54.84,1,0,0,0
PDF_04181,0,2,28.02,2,2,1,0,0.93,0.2482,0.326,93,4.626,22.61,19.11,68.43,1,0,0,0
PDF_04182,0,1,4.75,2,2,0,0,0.0,0.2151,0.2105,127,3.849,15.43,0.0,49.17,1,0,0,0
PDF_04183,1,1,9.42,1,0,0,0,0.0,0.0483,0.1503,57,5.269,0.0,0.0,0.0,0,0,0,0
PDF_04184,0,2,0.0,1,0,0,0,0.0,0.093,0.2173,71,5.512,0.0,0.0,29.82,1,1,0,0
PDF_04185,0,1,1.03,0,3,0,0,0.0,0.211,0.229,140,5.588,16.34,0.0,46.71,1,0,0,0
PDF_04186,1,2,16.17,0,3,0,0,19.97,0.1413,0.0793,138,5.623,38.39,0.82,24.96,0,1,0,0
PDF_04187,0,2,0.58,4,4,1,0,0.0,0.0253,0.1118,71,4.97,0.0,38.21,9.57,0,1,0,0
PDF_04188,1,1,17.61,2,2,0,0,0.0,0.104,0.1112,122,6.084,0.0,17.97,8.52,0,1,0,0
PDF_04189,0,1,4.61,0,2,1,0,0.0,0.071,0.0,59,4.493,9.35,2.61,13.11,0,0,0,0
PDF_04190,0,1,0.0,2,0,1,0,0.0,0.0,0.0177,65,4.418,0.0,0.0,0.0,0,1,0,0
PDF_04191,0,2,14.94,2,2,1,0,7.85,0.1639,0.1361,128,6.421,28.35,33.79,2.82,0,1,0,0
PDF_04192,0,1,0.0,3,1,0,0,0.0,0.0,0.0693,95,6.65,0.0,13.5,11.91,0,0,0,0
PDF_04193,0,1,8.44,1,0,0,0,0.0,0.0,0.0042,47,5.627,5.03,0.0,8.83,0,0,0,0
PDF_04194,1,2,18.77,0,1,0,0,5.08,0.1942,0.3016,101,5.972,0.0,5.6,40.56,1,0,0,0
PDF_04195,1,1,8.91,0,2,1,0,0.0,0.1301,0.0529,99,5.005,15.26,5.31,2.55,0,0,0,0
PDF_04196,0,2,13.94,0,2,0,0,30.36,0.0284,0.0,103,5.959,0.0,23.35,2.49,0,1,0,0
PDF_04197,0,1,0.0,1,3,1,0,0.0,0.0615,0.0843,57,4.27,0.0,0.0,6.84,0,1,0,0
PDF_04198,2,2,30.65,5,0,0,0,4.33,0.027,0.1203,81,5.387,8.86,26.86,18.28,0,0,0,0
PDF_04199,1,1,40.97,2,3,0,0,41.29,0.1587,0.1046,158,5.918,2.95,13.38,19.1,0,1,0,0
PDF_04200,1,1,0.0,0,0,0,0,0.0,0.0,0.0584,69,5.628,0.0,3.75,0.0,0,0,0,0
PDF_04201,1,2,44.78,0,0,1,0,5.93,0.2112,0.3208,109,6.152,25.64,18.06,41.9,1,0,0,0
PDF_04202,1,1,0.0,0,1,0,0,0.0,0.1026,0.1124,64,4.79,8.59,17.5,24.34,0,0,0,0
PDF_04203,0,2,15.57,1,0,0,0,39.64,0.0859,0.1045,88,5.397,0.0,9.12,12.76,0,1,0,0
PDF_04204,0,1,8.1,4,3,0,0,0.0,0.1792,0.1121,97,6.003,0.0,8.07,4.08,0,0,0,0
PDF_04205,1,2,0.0,1,0,0,0,0.0,0.0399,0.0766,27,5.248,5.34,0.0,0.0,0,0,0,0
PDF_04206,0,3,0.0,1,0,0,0,0.0,0.0,0.134,91,4.352,8.15,0.0,0.62,0,0,0,0
PDF_04207,0,1,0.0,5,0,0,0,0.0,0.0093,0.1216,41,4.967,0.0,0.0,0.0,0,0,0,0
PDF_04208,0,1,0.55,5,0,0,0,13.6,0.0538,0.1817,72,5.318,0.0,8.17,21.87,0,0,0,0
PDF_04209,2,1,17.24,1,0,1,1,14.42,0.061,0.211,97,5.671,27.91,19.19,15.83,0,0,0,0
PDF_04210,0,1,0.0,0,0,0,0,0.0,0.0482,0.152,39,5.103,5.67,4.5,0.0,0,0,0,0
PDF_04211,0,1,0.0,0,0,0,0,0.0,0.0,0.0603,56,5.652,0.0,0.0,7.27,0,0,0,0
PDF_04212,1,2,32.11,5,6,0,0,9.91,0.1588,0.229,70,6.085,3.15,35.14,19.28,0,1,0,0
PDF_04213,1,2,38.44,1,3,1,0,12.62,0.1042,0.1909,163,5.626,15.44,49.14,35.05,0,0,0,0
PDF_04214,0,1,30.96,2,3,0,0,8.91,0.1136,0.1785,81,5.393,23.15,14.81,10.67,0,0,0,0
PDF_04215,0,1,2.25,2,0,1,0,19.47,0.1029,0.0366,80,4.893,0.0,5.95,0.0,0,1,0,0
PDF_04216,0,3,41.76,5,2,1,0,12.45,0.1617,0.1129,153,6.302,22.2,63.25,17.04,0,0,0,0
PDF_04217,1,2,33.42,1,0,1,0,27.11,0.2702,0.4256,134,6.437,37.27,43.35,44.33,1,0,0,0
PDF_04218,0,2,7.64,2,0,0,0,0.0,0.142,0.3034,71,4.879,3.52,0.0,55.73,1,1,0,0
PDF_04219,0,2,26.75,0,0,0,0,8.12,0.0644,0.1108,69,5.244,7.58,3.4,15.26,0,0,0,0
PDF_04220,1,2,18.01,1,0,0,0,2.85,0.0755,0.1114,108,5.619,0.0,2.44,21.6,0,0,0,0
PDF_04221,1,1,10.13,1,0,0,0,0.0,0.0419,0.1213,84,6.03,0.0,2.78,0.0,0,0,0,0
PDF_04222,0,1,0.0,2,2,1,0,0.0,0.0315,0.0778,10,4.439,0.0,0.0,7.76,0,0,0,0
PDF_04223,0,1,0.0,0,1,0,0,0.0,0.075,0.0663,71,4.613,0.0,0.0,0.0,0,0,0,0
PDF_04224,1,2,8.54,2,1,0,0,37.0,0.0402,0.1543,77,5.648,6.35,2.26,13.13,0,1,0,0
PDF_04225,1,2,37.34,2,2,1,0,23.06,0.122,0.1191,79,5.897,32.57,35.64,28.41,0,0,0,0
PDF_04226,0,1,2.02,1,0,0,0,0.0,0.0363,0.1135,51,4.297,0.0,5.74,9.04,0,1,0,0
PDF_04227,1,1,5.92,4,0,0,0,0.0,0.2046,0.3197,140,5.12,1.85,0.0,53.49,1,0,0,0
PDF_04228,0,1,19.92,1,3,0,0,4.36,0.1171,0.1425,57,5.708,5.44,8.12,0.0,0,0,0,0
PDF_04229,1,1,7.27,0,0,0,0,0.0,0.1419,0.3372,123,5.83,12.15,0.0,46.28,1,0,0,0
PDF_04230,0,2,0.0,3,2,0,0,0.0,0.0276,0.1199,92,5.574,0.0,4.51,0.0,0,0,0,0
PDF_04231,0,1,0.0,0,3,1,0,0.0,0.1519,0.2787,95,5.491,7.28,5.59,43.89,1,0,0,0
PDF_04232,0,2,0.0,0,0,0,0,0.0,0.0666,0.1448,88,4.64,0.0,9.43,8.63,0,0,0,0
PDF_04233,1,1,0.0,0,2,0,0,0.0,0.0,0.0275,41,6.372,0.0,0.0,0.0,0,0,0,0
PDF_04234,0,1,0.0,0,0,0,0,0.0,0.0946,0.2742,42,5.133,0.0,3.63,47.24,1,1,0,0
PDF_04235,0,1,9.14,0,0,0,0,0.0,0.0354,0.3195,80,4.607,0.0,0.0,40.48,1,0,0,0
PDF_04236,1,1,0.0,4,0,0,0,0.0,0.0565,0.2109,67,4.911,0.0,0.0,26.82,1,0,0,0
PDF_04237,0,2,6.38,0,0,0,0,3.06,0.0595,0.1297,90,5.134,0.0,23.67,0.0,0,1,0,0
PDF_04238,0,2,8.12,0,1,0,0,0.0,0.0307,0.1002,26,6.096,0.0,0.0,12.61,0,1,0,0
PDF_04239,0,2,19.2,0,0,1,0,4.6,0.1434,0.1027,107,4.576,29.82,3.73,23.68,0,0,0,0
PDF_04240,0,1,0.0,3,0,1,0,3.85,0.1537,0.3211,72,6.235,5.43,0.0,41.34,1,0,0,0
PDF_04241,2,2,18.67,0,1,1,0,0.0,0.046,0.2523,64,6.558,2.57,0.88,0.0,0,0,0,0
PDF_04242,1,1,0.0,1,1,0,0,0.0,0.1541,0.3518,89,5.447,0.0,0.0,33.14,1,0,0,0
PDF_04243,0,2,12.8,0,0,1,0,0.0,0.1773,0.3161,91,4.703,1.78,4.92,56.39,1,0,0,0
PDF_04244,1,1,0.0,2,4,1,0,24.33,0.1407,0.3201,102,4.579,8.75,0.0,24.85,1,1,0,0
PDF_04245,0,1,0.0,4,5,0,0,0.0,0.0868,0.2399,85,4.648,0.0,0.0,74.43,1,0,0,0
PDF_04246,1,1,33.84,0,0,0,0,14.93,0.2217,0.2908,134,5.891,33.69,5.94,61.68,1,1,0,0
PDF_04247,0,1,23.0,1,0,1,0,0.0,0.1487,0.1564,136,5.08,1.47,22.31,11.95,0,0,0,0
PDF_04248,1,1,44.03,7,0,0,0,14.95,0.2899,0.3424,157,5.367,33.59,34.08,72.95,1,0,0,0
PDF_04249,0,1,0.0,0,2,0,0,5.32,0.0214,0.0872,62,4.543,0.52,0.0,0.0,0,0,0,0
PDF_04250,1,1,7.01,3,0,1,0,4.02,0.2125,0.3186,100,6.772,18.02,0.0,42.08,1,0,0,0
PDF_04251,1,2,6.93,0,1,0,0,0.0,0.0962,0.1356,70,5.047,0.0,8.03,0.0,0,0,0,0
PDF_04252,2,2,36.79,1,0,1,0,11.49,0.1202,0.1131,104,5.915,28.96,39.8,24.99,0,0,0,0
PDF_04253,0,1,0.0,4,2,0,0,0.0,0.0,0.0,5,4.482,0.0,0.0,5.82,0,0,0,0
PDF_04254,0,2,8.43,3,1,0,0,3.01,0.1243,0.0983,64,5.678,4.54,28.52,10.72,0,0,0,0
PDF_04255,1,1,0.0,2,0,0,0,0.0,0.0,0.046,37,5.476,0.0,0.0,0.0,0,1,0,0
PDF_04256,0,1,0.0,0,0,0,0,0.0,0.0195,0.0594,79,5.222,1.4,2.63,4.98,0,0,0,0
PDF_04257,1,1,21.76,5,2,0,0,0.0,0.2841,0.4137,117,5.134,6.93,21.08,53.5,1,0,0,0
PDF_04258,0,2,33.0,5,4,1,0,9.77,0.2404,0.3997,151,5.506,23.13,58.47,64.34,1,0,0,0
PDF_04259,1,2,17.08,4,0,0,0,6.92,0.1083,0.2345,77,5.541,2.43,0.0,0.0,0,1,0,0
PDF_04260,0,3,2.91,0,0,1,0,0.0,0.0061,0.0806,69,5.716,5.14,0.0,0.0,0,0,0,0
PDF_04261,1,2,0.0,0,4,0,0,11.75,0.1604,0.1465,91,5.626,0.0,3.19,18.62,0,0,0,0
PDF_04262,1,1,0.0,0,4,0,0,0.0,0.0395,0.0558,105,5.209,0.0,0.0,0.0,0,0,0,0
PDF_04263,0,2,17.31,2,1,0,0,0.0,0.0382,0.0134,44,5.288,0.0,0.0,0.0,0,1,0,0
PDF_04264,1,1,13.25,5,0,0,0,0.0,0.0365,0.088,103,5.733,30.59,15.1,14.16,0,0,0,0
PDF_04265,0,1,0.0,2,2,0,0,0.0,0.112,0.2524,80,4.577,1.43,0.0,33.14,1,0,0,0
PDF_04266,0,1,18.41,1,0,2,0,4.64,0.0417,0.0778,114,4.562,36.17,32.83,22.1,0,1,0,0
PDF_04267,0,1,9.35,0,1,1,0,0.68,0.1578,0.2834,103,5.361,0.0,6.04,55.6,1,0,0,0
PDF_04268,1,1,0.0,1,6,0,0,0.0,0.0,0.2033,34,5.039,7.68,0.0,0.0,0,0,0,0
PDF_04269,1,2,40.77,3,2,1,0,32.11,0.0715,0.158,121,6.033,18.13,15.73,28.7,0,1,0,0
PDF_04270,2,3,0.0,3,0,0,0,0.0,0.0,0.2902,40,4.796,0.0,0.0,48.71,1,0,0,0
PDF_04271,0,3,0.0,1,0,0,0,0.0,0.0,0.06,94,5.904,9.95,0.0,3.05,0,0,0,0
PDF_04272,0,2,0.0,3,2,0,0,0.0,0.2079,0.3218,84,4.406,9.86,0.0,25.49,1,0,0,0
PDF_04273,1,1,14.07,3,5,0,0,11.95,0.1188,0.1609,101,6.215,20.64,19.33,4.17,0,0,0,0
PDF_04274,0,2,3.35,0,1,0,0,0.0,0.0457,0.1035,94,5.335,0.0,13.83,8.35,0,1,0,0
PDF_04275,2,2,19.72,1,1,0,1,2.71,0.2164,0.3795,87,4.757,4.97,13.86,62.22,1,0,0,0
PDF_04276,0,1,0.0,0,1,0,0,0.0,0.0815,0.1066,51,5.581,15.55,2.39,0.0,0,0,0,0
PDF_04277,0,2,0.0,1,2,1,0,0.0,0.1033,0.3486,109,4.641,6.38,27.85,50.42,1,0,0,0
PDF_04278,0,1,16.93,0,2,0,0,0.0,0.0964,0.0979,97,5.951,8.08,11.04,11.2,0,0,0,0
PDF_04279,0,2,4.25,0,0,1,0,3.12,0.0655,0.1423,63,5.77,14.06,2.25,0.0,0,1,0,0
PDF_04280,0,1,24.97,1,2,1,0,1.77,0.3237,0.4916,122,5.379,33.49,48.23,69.88,1,0,0,0
PDF_04281,0,2,3.62,0,4,0,0,0.0,0.0,0.1585,55,5.155,8.85,13.03,12.89,0,0,0,0
PDF_04282,1,2,18.0,4,3,1,1,0.0,0.0515,0.1888,50,5.11,5.72,27.01,10.66,0,1,0,0
PDF_04283,1,1,15.95,2,0,2,0,9.08,0.1136,0.203,94,5.639,11.0,47.76,8.13,0,0,0,0
PDF_04284,0,1,11.73,2,1,0,0,0.0,0.199,0.2547,98,5.503,1.39,0.0,68.49,1,0,0,0
PDF_04285,0,1,4.5,4,0,1,0,0.0,0.0881,0.1202,93,4.214,9.74,11.34,8.11,0,0,0,0
PDF_04286,1,1,0.0,0,1,0,0,2.66,0.0522,0.1681,81,6.936,0.0,0.0,13.82,0,1,0,0
PDF_04287,1,2,5.49,1,2,0,0,0.0,0.0694,0.1522,103,4.822,0.0,20.89,11.43,0,0,0,0
PDF_04288,0,1,0.0,0,0,0,0,0.0,0.0004,0.1553,50,6.164,0.0,4.98,5.62,0,1,0,0
PDF_04289,0,1,18.01,0,0,0,0,0.0,0.1809,0.3835,87,5.419,19.47,20.27,54.93,1,0,0,0
PDF_04290,0,1,8.9,2,2,0,0,0.0,0.1449,0.125,73,4.723,22.5,7.32,0.0,0,0,0,0
PDF_04291,0,1,0.0,3,0,1,0,0.0,0.0425,0.2411,110,4.694,0.0,0.0,33.19,1,0,0,0
PDF_04292,0,1,18.38,1,3,0,1,18.19,0.1049,0.1111,104,5.046,26.67,17.17,14.11,0,0,0,0
PDF_04293,0,2,40.79,3,0,0,1,0.0,0.2055,0.415,130,6.204,28.87,34.3,75.28,1,0,0,0
PDF_04294,2,2,19.71,1,3,0,0,20.78,0.1149,0.1423,105,5.413,14.43,35.29,12.49,0,0,0,0
PDF_04295,1,1,5.03,0,1,2,0,0.0,0.0478,0.1404,83,4.87,0.0,1.08,5.46,0,1,0,0
PDF_04296,1,1,25.26,1,3,0,0,15.95,0.1518,0.3646,100,5.449,13.77,10.81,66.67,1,0,0,0
PDF_04297,2,1,0.0,0,0,0,0,10.91,0.0507,0.1222,106,6.126,3.03,3.15,2.62,0,0,0,0
PDF_04298,1,1,0.0,0,2,1,0,6.37,0.0878,0.0319,29,6.12,0.0,0.0,0.0,0,1,0,0
PDF_04299,0,1,27.95,2,3,2,0,10.86,0.2414,0.1068,115,7.061,17.97,30.17,19.54,0,0,0,0
PDF_04300,0,1,5.8,6,1,0,0,0.0,0.0284,0.1782,58,5.511,0.0,0.0,16.02,0,0,0,0
PDF_04301,0,1,17.06,2,0,1,0,1.99,0.2181,0.3423,125,6.074,4.48,14.24,46.14,1,0,0,0
PDF_04302,0,1,0.0,2,0,2,0,0.0,0.0,0.0318,5,4.943,0.0,0.0,0.0,0,0,0,0
PDF_04303,1,1,0.0,3,1,0,0,0.0,0.0444,0.1385,44,4.525,0.0,0.0,0.0,0,0,0,0
PDF_04304,1,2,24.77,3,3,1,0,4.93,0.2091,0.2177,51,5.455,42.94,34.11,21.95,0,0,0,0
PDF_04305,0,2,38.01,2,4,0,0,0.34,0.2331,0.3833,130,5.952,4.51,25.98,69.12,1,0,0,0
PDF_04306,0,1,10.53,0,3,1,0,8.46,0.0933,0.1402,94,5.399,0.39,0.0,0.0,0,1,0,0
PDF_04307,2,3,0.0,0,0,1,0,5.91,0.1385,0.0743,110,4.956,11.35,0.53,6.08,0,0,0,0
PDF_04308,0,1,15.49,5,0,0,0,0.0,0.0662,0.0581,90,5.661,16.72,21.02,5.57,0,0,0,0
PDF_04309,1,1,43.64,1,6,2,0,13.8,0.1463,0.3566,148,6.193,0.0,17.98,34.37,1,0,0,0
PDF_04310,1,2,36.35,2,3,1,0,8.69,0.1577,0.2307,139,5.777,26.05,38.98,14.4,0,1,0,0
PDF_04311,1,1,9.64,3,0,1,0,2.66,0.0694,0.1452,117,4.956,12.1,13.17,8.59,0,0,0,0
PDF_04312,1,1,26.6,2,0,1,0,0.0,0.2457,0.3228,130,5.299,26.23,9.98,55.73,1,1,0,0
PDF_04313,0,1,4.06,0,1,0,0,9.32,0.1006,0.1661,59,5.707,8.58,23.03,12.55,0,0,0,0
PDF_04314,1,1,0.0,0,0,0,0,0.0,0.1634,0.2909,60,5.181,0.0,0.0,30.38,1,0,0,0
PDF_04315,0,2,28.03,5,0,1,0,6.77,0.2511,0.3361,112,6.111,31.62,17.56,66.08,1,0,0,0
PDF_04316,0,1,0.0,0,0,0,0,2.65,0.0582,0.1121,84,5.349,9.97,2.73,0.0,0,1,0,0
PDF_04317,0,1,9.59,5,7,1,0,24.42,0.0679,0.1089,69,6.014,27.71,0.0,3.22,0,0,0,0
PDF_04318,1,1,0.0,1,0,1,0,0.0,0.1771,0.2809,95,6.032,0.0,14.49,68.24,1,0,0,0
PDF_04319,0,1,0.0,0,1,0,0,0.0,0.0768,0.0733,65,4.831,0.0,31.04,12.9,0,0,0,0
PDF_04320,0,1,22.88,0,0,0,0,0.0,0.2105,0.3521,97,4.724,17.4,7.81,52.4,1,0,0,0
PDF_04321,0,1,9.57,1,1,0,0,15.14,0.1984,0.0891,84,5.446,10.87,20.38,16.31,0,0,0,0
PDF_04322,1,1,13.8,0,2,0,0,0.0,0.0601,0.0351,59,4.253,0.0,0.0,0.0,0,1,0,0
PDF_04323,0,1,12.82,1,0,1,0,23.65,0.1275,0.3897,116,3.784,18.59,0.0,65.34,1,1,0,0
PDF_04324,2,1,0.6,1,1,0,0,0.0,0.2226,0.0844,66,6.68,10.81,33.08,12.83,0,0,0,0
PDF_04325,1,2,30.11,2,2,1,0,6.93,0.2111,0.2076,86,7.385,22.11,48.16,18.43,0,0,0,0
PDF_04326,1,1,42.89,5,7,2,0,27.58,0.2085,0.2223,145,6.219,37.47,27.53,30.74,0,0,0,0
PDF_04327,1,1,16.09,5,5,1,0,10.59,0.1097,0.1203,91,5.008,32.93,24.84,9.15,0,0,0,0
PDF_04328,1,3,19.92,0,0,0,0,0.0,0.0816,0.2009,67,4.487,7.65,0.0,14.4,0,0,0,0
PDF_04329,1,1,36.67,0,5,0,0,19.32,0.2537,0.4615,149,5.901,3.02,32.75,51.45,1,0,0,0
PDF_04330,1,1,12.13,0,3,0,0,0.0,0.0,0.053,44,5.717,0.0,1.97,0.0,0,0,0,0
PDF_04331,0,1,0.0,0,0,1,0,0.0,0.0239,0.0422,80,5.686,0.0,11.42,4.69,0,0,0,0
PDF_04332,0,1,2.32,0,0,1,0,11.91,0.1725,0.312,162,6.797,4.43,17.74,60.95,1,0,0,0
PDF_04333,2,2,20.12,3,0,1,0,11.93,0.1924,0.494,106,5.447,24.68,0.0,57.62,1,1,0,0
PDF_04334,0,1,0.0,1,0,0,0,0.0,0.0404,0.1589,40,4.918,0.0,0.0,13.84,0,1,0,0
PDF_04335,1,1,11.83,0,0,1,0,0.0,0.0394,0.1682,85,5.314,12.27,12.44,14.77,0,0,0,0
PDF_04336,1,1,17.09,2,0,0,0,0.0,0.1476,0.1061,156,5.714,11.72,17.77,14.72,0,0,0,0
PDF_04337,1,1,5.63,1,1,0,0,0.0,0.0751,0.0258,55,6.294,0.0,0.0,0.62,0,0,0,0
PDF_04338,1,1,3.12,1,4,1,0,22.23,0.0997,0.1889,101,5.751,47.3,23.57,18.04,0,1,0,0
PDF_04339,1,2,28.26,5,0,0,0,9.64,0.1097,0.1021,99,5.919,30.63,12.03,11.11,0,1,0,0
PDF_04340,0,1,76.88,4,3,0,0,22.55,0.1732,0.1909,169,6.387,40.75,55.8,30.61,0,0,0,0
PDF_04341,0,1,28.72,2,3,0,0,14.79,0.1333,0.1677,70,5.706,11.07,50.99,16.67,0,0,0,0
PDF_04342,1,1,7.45,0,0,0,0,1.12,0.0356,0.1304,95,4.734,1.54,0.0,0.0,0,0,0,0
PDF_04343,1,1,21.86,0,0,0,0,0.0,0.1396,0.1234,59,4.475,8.76,10.99,2.79,0,0,0,0
PDF_04344,1,1,17.14,2,0,0,0,0.0,0.1628,0.3872,104,5.072,9.07,13.64,61.0,1,0,0,0
PDF_04345,1,1,0.0,0,0,1,0,0.0,0.1096,0.0853,103,5.42,0.0,0.0,28.04,0,0,0,0
PDF_04346,2,2,0.0,0,0,1,0,0.0,0.1541,0.3473,123,4.844,8.93,22.62,35.55,1,0,0,0
PDF_04347,0,2,7.42,1,0,0,0,0.0,0.0,0.1054,118,5.46,0.0,0.0,0.3,0,0,0,0
PDF_04348,0,2,5.59,0,0,0,0,36.13,0.0753,0.0819,88,4.837,15.98,2.51,0.0,0,1,0,0
PDF_04349,2,1,22.33,2,1,0,0,35.66,0.2343,0.309,81,5.752,22.35,16.28,53.07,1,1,0,0
PDF_04350,1,2,15.94,1,0,1,0,12.1,0.0719,0.0667,67,6.292,0.0,0.0,17.23,0,1,0,0
PDF_04351,1,3,20.01,3,0,0,0,4.39,0.2928,0.3082,140,5.345,19.9,24.24,44.51,1,1,0,0
PDF_04352,1,2,0.0,0,2,0,0,0.0,0.0011,0.0212,5,4.919,0.0,0.0,0.0,0,0,0,0
PDF_04353,0,2,0.0,1,3,1,0,0.0,0.0165,0.1224,24,4.624,0.0,4.99,19.23,0,0,0,0
PDF_04354,0,1,6.73,1,1,1,0,34.56,0.1068,0.0644,93,4.951,5.52,8.25,11.66,0,1,0,0
PDF_04355,0,1,24.94,0,5,0,0,8.45,0.0194,0.1842,89,5.388,1.57,21.72,0.0,0,1,0,0
PDF_04356,1,1,30.81,0,0,1,0,20.82,0.0663,0.2065,121,5.851,24.85,18.92,16.37,0,0,0,0
PDF_04357,0,1,0.0,0,0,0,0,0.0,0.0058,0.1439,14,5.567,0.0,13.75,7.97,0,1,0,0
PDF_04358,1,1,10.82,0,1,1,0,0.0,0.1261,0.0395,110,4.686,14.47,0.0,15.31,0,0,0,0
PDF_04359,1,3,0.0,2,0,0,0,14.47,0.0607,0.1695,67,5.801,0.55,0.0,18.47,0,0,0,0
PDF_04360,1,1,0.0,1,3,0,0,4.75,0.1203,0.1251,102,5.08,7.39,21.56,21.8,0,0,0,0
PDF_04361,0,3,48.73,5,6,1,0,25.11,0.294,0.3232,147,5.866,26.37,24.05,38.95,1,0,0,0
PDF_04362,1,1,0.48,0,6,1,0,17.14,0.0225,0.0972,86,5.163,5.57,36.12,15.64,0,0,0,0
PDF_04363,0,1,28.88,0,0,1,0,0.0,0.0589,0.1023,113,5.184,1.88,37.67,11.35,0,0,0,0
PDF_04364,0,1,6.3,2,3,0,0,10.41,0.087,0.1103,58,5.973,0.0,13.27,0.0,0,1,0,0
PDF_04365,1,1,0.0,4,0,1,0,0.0,0.0,0.0,38,5.133,0.0,0.0,4.29,0,0,0,0
PDF_04366,1,1,0.0,0,2,0,0,0.0,0.0426,0.0886,48,5.009,0.0,0.0,0.0,0,1,0,0
PDF_04367,1,1,0.0,2,4,0,0,0.0,0.0,0.0,16,4.818,0.0,0.0,9.17,0,0,0,0
PDF_04368,0,2,1.59,0,1,0,0,0.0,0.1068,0.0756,52,5.094,3.7,0.0,8.06,0,0,0,0
PDF_04369,1,2,2.66,1,4,0,0,39.65,0.1434,0.085,130,4.204,0.0,19.44,6.21,0,1,0,0
PDF_04370,1,2,24.57,0,0,0,0,18.87,0.1503,0.0382,58,5.626,0.0,9.08,9.41,0,1,0,0
PDF_04371,2,2,39.78,6,2,0,0,0.31,0.2352,0.3827,123,6.438,25.44,20.16,59.02,1,0,0,0
PDF_04372,1,1,18.77,1,6,0,0,33.52,0.1942,0.3232,128,6.091,21.86,23.73,56.64,1,1,0,0
PDF_04373,0,2,10.14,5,5,0,0,13.33,0.2088,0.0946,65,6.537,20.59,11.27,0.0,0,0,0,0
PDF_04374,0,3,0.0,0,2,0,0,0.0,0.0,0.0176,28,5.464,0.0,0.0,0.0,0,1,0,0
PDF_04375,0,1,25.59,0,0,1,0,11.66,0.0556,0.0373,137,4.828,1.95,34.73,21.99,0,0,0,0
PDF_04376,0,1,0.0,1,0,1,0,0.0,0.0,0.1303,52,4.668,0.0,0.0,0.0,0,0,0,0
PDF_04377,1,2,52.31,3,4,1,0,18.79,0.1518,0.191,110,6.901,36.39,44.4,35.27,0,0,0,0
PDF_04378,0,2,31.7,0,0,0,0,17.24,0.2453,0.3186,74,6.261,24.1,17.9,57.37,1,0,0,0
PDF_04379,1,2,60.44,8,2,1,0,23.29,0.2123,0.2515,178,5.868,48.11,60.0,25.31,0,1,0,0
PDF_04380,1,1,25.67,0,0,0,0,1.32,0.1191,0.1998,96,6.305,9.4,0.0,22.15,0,0,0,0
PDF_04381,1,1,5.98,1,0,0,0,2.23,0.2062,0.2531,111,6.492,0.0,0.0,50.34,1,0,0,0
PDF_04382,3,2,57.49,6,5,1,0,24.55,0.3382,0.3076,148,6.228,22.84,47.65,62.56,1,0,0,0
PDF_04383,1,1,30.51,0,2,1,0,18.18,0.0711,0.1056,87,5.339,18.75,6.79,23.91,0,0,0,0
PDF_04384,1,2,0.0,0,1,1,0,14.87,0.1046,0.1178,60,5.392,16.72,0.0,0.0,0,1,0,0
PDF_04385,0,2,2.09,3,0,0,0,0.0,0.2318,0.3774,111,4.563,14.48,13.83,70.72,1,0,0,0
PDF_04386,0,1,0.0,0,0,0,0,7.01,0.0,0.1261,57,5.61,0.0,0.0,0.0,0,1,0,0
PDF_04387,2,2,0.0,2,3,0,0,9.85,0.1034,0.2816,98,5.242,7.09,9.99,48.93,1,1,0,0
PDF_04388,1,1,0.0,1,4,0,0,0.0,0.0,0.0559,73,5.708,0.0,0.0,0.0,0,0,0,0
PDF_04389,1,1,6.72,3,2,1,0,2.47,0.0131,0.1272,85,5.681,0.35,0.0,2.32,0,0,0,0
PDF_04390,0,1,0.0,0,3,0,0,0.0,0.1129,0.3421,46,4.644,0.0,0.0,32.32,1,0,0,0
PDF_04391,0,2,20.95,1,1,0,0,24.21,0.0331,0.212,84,5.766,25.37,7.81,5.3,0,0,0,0
PDF_04392,0,1,17.97,2,3,0,0,18.64,0.1968,0.2778,70,5.296,22.67,8.46,55.65,1,1,0,0
PDF_04393,0,1,17.87,0,6,0,0,0.0,0.0864,0.1655,113,5.778,21.1,28.72,10.11,0,0,0,0
PDF_04394,0,2,0.0,3,1,0,0,0.0,0.0599,0.0648,85,5.61,0.0,56.72,3.41,0,0,0,0
PDF_04395,0,2,0.0,0,1,0,0,0.0,0.0,0.0305,16,4.297,7.29,1.89,4.88,0,0,0,0
PDF_04396,0,1,33.91,1,3,1,0,29.54,0.1497,0.1669,93,5.235,42.02,24.65,16.2,0,1,0,0
PDF_04397,1,1,21.43,1,2,0,0,8.12,0.2158,0.3743,94,5.694,1.87,28.31,68.28,1,1,0,0
PDF_04398,2,2,35.64,4,0,1,0,8.99,0.3482,0.2935,152,5.529,12.19,25.56,55.91,1,0,0,0
PDF_04399,0,2,19.61,0,0,1,0,4.32,0.1152,0.1263,25,5.159,4.57,14.85,0.0,0,0,0,0
PDF_04400,0,1,0.0,0,0,1,0,1.45,0.166,0.3363,38,4.207,0.0,0.0,43.14,1,0,0,0
PDF_04401,1,2,0.0,5,1,2,0,0.0,0.0,0.0592,48,3.296,0.0,3.01,0.0,0,1,0,0
PDF_04402,1,1,0.0,4,0,0,1,0.0,0.1324,0.338,56,4.494,0.0,0.0,40.43,1,1,0,0
PDF_04403,0,3,28.43,0,0,0,0,41.45,0.1542,0.3313,126,6.094,3.74,34.9,58.16,1,1,0,0
PDF_04404,0,1,17.29,5,1,1,0,0.0,0.1183,0.1762,124,5.643,40.21,23.06,39.18,0,1,0,0
PDF_04405,1,1,14.98,3,2,0,0,0.0,0.2014,0.3542,135,5.784,0.65,30.44,61.34,1,0,0,0
PDF_04406,1,2,31.69,0,4,0,0,2.9,0.2423,0.3008,161,5.609,49.51,54.87,78.32,1,0,0,0
PDF_04407,0,1,0.0,3,0,0,0,2.62,0.0802,0.3366,86,5.687,0.0,1.42,60.58,1,1,0,0
PDF_04408,0,1,43.46,3,2,1,0,22.78,0.2706,0.3002,146,5.49,24.28,41.34,76.84,1,1,0,0
PDF_04409,0,1,25.31,5,1,1,0,2.44,0.1173,0.2898,117,4.08,11.13,13.66,44.58,1,1,0,0
PDF_04410,0,1,6.08,0,0,0,0,0.0,0.1567,0.3157,72,4.744,0.0,19.14,68.55,1,0,0,0
PDF_04411,0,2,0.0,1,1,0,0,0.0,0.0,0.0,31,4.356,0.0,0.0,0.0,0,0,0,0
PDF_04412,1,1,5.52,0,5,0,0,22.59,0.1296,0.1847,92,4.393,1.68,0.0,5.8,0,1,0,0
PDF_04413,0,1,9.88,3,4,1,0,0.0,0.0998,0.177,122,5.7,7.2,28.93,15.16,0,0,0,0
PDF_04414,1,1,30.63,1,0,0,0,23.63,0.3129,0.3179,158,5.515,26.31,50.56,72.25,1,0,0,0
PDF_04415,0,1,20.45,4,6,0,0,19.22,0.161,0.1321,142,5.29,36.32,14.62,23.99,0,0,0,0
PDF_04416,0,2,27.9,5,4,1,0,27.22,0.0509,0.0,137,5.483,41.94,5.01,15.17,0,1,0,0
PDF_04417,1,2,9.7,0,0,0,0,5.69,0.209,0.4083,87,5.08,0.0,1.43,45.15,1,0,0,0
PDF_04418,0,1,41.92,0,0,0,0,5.82,0.2461,0.3215,102,5.007,17.53,26.08,54.62,1,1,0,0
PDF_04419,0,2,0.0,2,0,0,0,9.39,0.0,0.074,5,4.812,0.0,0.0,0.0,0,1,0,0
PDF_04420,1,1,24.25,0,2,0,0,0.0,0.0881,0.162,84,4.713,14.54,21.34,20.8,0,0,0,0
PDF_04421,0,2,43.0,6,1,0,0,4.85,0.1751,0.1902,143,6.923,39.89,28.63,24.7,0,0,0,0
PDF_04422,1,1,0.0,0,2,0,0,6.75,0.0,0.0565,92,5.917,0.0,0.0,0.0,0,0,0,0
PDF_04423,1,2,0.0,2,1,0,0,0.0,0.0082,0.1828,100,5.91,0.0,9.3,23.6,0,0,0,0
PDF_04424,0,2,0.0,3,3,0,0,0.0,0.0,0.0834,17,5.549,0.0,0.0,0.0,0,0,0,0
PDF_04425,1,2,14.74,0,0,0,0,18.87,0.0637,0.0503,84,5.278,3.52,36.56,20.13,0,0,0,0
PDF_04426,0,1,15.08,0,0,0,0,3.4,0.0278,0.0571,84,6.039,0.0,0.0,4.47,0,0,0,0
PDF_04427,0,2,34.85,3,1,0,0,0.32,0.2773,0.3106,108,5.13,12.77,13.11,70.64,1,0,0,0
PDF_04428,0,1,18.38,2,2,0,0,0.0,0.1511,0.3937,100,4.922,1.22,3.74,47.46,1,0,0,0
PDF_04429,0,1,12.52,1,3,0,0,0.0,0.0802,0.0589,39,5.635,18.28,9.79,0.0,0,0,0,0
PDF_04430,0,1,2.08,0,0,0,0,0.0,0.0153,0.0412,19,4.545,0.0,0.0,1.45,0,0,0,0
PDF_04431,0,1,8.22,0,1,0,0,0.0,0.1457,0.2121,104,4.549,0.0,13.55,45.15,1,0,0,0
PDF_04432,1,2,22.75,2,0,1,0,0.0,0.0784,0.0875,101,5.294,15.55,17.05,0.0,0,0,0,0
PDF_04433,1,2,24.36,3,0,0,0,6.51,0.2283,0.2811,124,4.873,1.43,28.73,61.78,1,0,0,0
PDF_04434,0,1,0.0,0,2,0,0,0.0,0.0737,0.2947,92,4.387,0.0,0.0,51.45,1,0,0,0
PDF_04435,2,2,0.0,2,0,0,0,1.93,0.0995,0.0941,88,5.233,25.73,31.19,9.8,0,0,0,0
PDF_04436,1,1,34.23,5,0,0,0,15.96,0.1238,0.0969,62,5.324,33.74,35.02,24.29,0,0,0,0
PDF_04437,2,1,0.0,1,0,0,0,7.48,0.0508,0.0399,66,4.749,11.98,0.0,6.79,0,1,0,0
PDF_04438,2,1,10.64,4,0,0,0,0.0,0.2167,0.3397,94,5.34,0.0,0.0,32.16,1,0,0,0
PDF_04439,1,3,13.92,1,0,0,0,0.0,0.0188,0.078,41,5.682,8.04,15.98,0.0,0,0,0,0
PDF_04440,1,1,38.69,6,7,1,0,18.74,0.1561,0.177,107,5.949,29.1,39.61,20.07,0,0,0,0
PDF_04441,0,1,5.93,2,4,1,0,23.24,0.1154,0.1442,86,5.769,18.04,0.0,25.42,0,0,0,0
PDF_04442,0,1,0.0,1,0,0,0,0.0,0.1176,0.3301,139,4.661,11.22,0.0,32.97,1,0,0,0
PDF_04443,1,1,0.0,2,0,0,0,0.0,0.0349,0.1641,47,5.932,17.06,0.0,2.92,0,0,0,0
PDF_04444,0,2,0.0,0,0,0,0,17.1,0.2527,0.3169,88,5.715,0.0,0.0,47.15,1,0,0,0
PDF_04445,0,2,2.02,0,2,0,0,0.0,0.1823,0.3716,95,5.838,6.15,8.46,64.26,1,0,0,0
PDF_04446,1,1,3.95,3,0,1,0,0.0,0.1682,0.2685,117,6.39,5.47,6.22,51.97,1,0,0,0
PDF_04447,0,2,40.31,3,4,1,0,20.18,0.138,0.1608,162,6.531,38.35,50.64,35.13,0,0,0,0
PDF_04448,1,2,0.0,2,0,1,0,0.0,0.0005,0.0407,84,5.04,0.0,0.48,0.0,0,0,0,0
PDF_04449,0,2,21.88,6,2,0,0,0.0,0.0673,0.0787,71,5.048,26.15,23.97,14.35,0,1,0,0
PDF_04450,0,1,0.0,5,4,3,0,0.0,0.0881,0.0215,77,5.995,4.56,10.72,16.46,0,0,0,0
PDF_04451,3,1,37.9,2,4,0,0,30.86,0.1199,0.1758,139,6.269,19.38,24.67,18.32,0,1,0,0
PDF_04452,1,2,6.22,0,0,0,0,0.0,0.2499,0.43,113,5.423,16.88,9.98,50.01,1,0,0,0
PDF_04453,0,1,7.86,1,3,0,0,0.0,0.1938,0.2023,133,4.905,12.79,6.56,50.33,1,0,0,0
PDF_04454,0,1,13.31,1,0,1,0,0.0,0.0221,0.0976,87,5.045,0.0,0.0,13.84,0,0,0,0
PDF_04455,2,1,15.52,4,0,0,0,0.0,0.1253,0.246,66,5.329,0.0,0.0,32.82,1,0,0,0
PDF_04456,1,1,0.0,0,0,2,0,1.36,0.0147,0.1694,75,4.808,0.0,0.0,9.41,0,1,0,0
PDF_04457,0,1,0.0,2,0,0,0,26.26,0.0875,0.0595,65,5.634,0.0,0.0,0.0,0,1,0,0
PDF_04458,1,1,25.98,3,2,0,0,0.0,0.1848,0.3179,164,4.53,13.91,0.0,63.68,1,0,0,0
PDF_04459,1,3,0.0,2,3,0,0,0.0,0.0889,0.241,85,5.806,0.0,4.47,43.92,1,0,0,0
PDF_04460,0,1,18.13,0,2,0,0,5.07,0.2457,0.3773,126,5.424,0.0,9.02,75.96,1,0,0,0
PDF_04461,1,1,33.26,0,2,1,0,18.15,0.0408,0.138,111,4.881,0.0,13.94,12.98,0,1,0,0
PDF_04462,1,1,9.78,0,2,0,0,0.0,0.0269,0.1488,17,5.949,4.52,0.0,0.0,0,0,0,0
PDF_04463,0,1,0.0,1,0,2,0,0.0,0.058,0.2936,110,4.839,0.0,0.0,37.48,1,0,0,0
PDF_04464,0,1,12.29,2,0,0,0,7.59,0.1001,0.1445,54,5.426,0.0,5.59,17.96,0,0,0,0
PDF_04465,0,2,0.0,1,0,0,0,4.48,0.0208,0.1067,19,5.677,0.0,0.0,2.06,0,1,0,0
PDF_04466,1,1,26.47,2,3,0,0,10.18,0.1299,0.22,87,6.864,31.69,24.48,32.9,0,0,0,0
PDF_04467,0,2,8.91,2,0,0,0,0.72,0.0926,0.0097,95,5.466,5.25,30.22,32.84,0,0,0,0
PDF_04468,1,2,0.0,5,5,0,0,0.0,0.0,0.0745,5,4.692,0.0,0.0,0.0,0,0,0,0
PDF_04469,1,1,0.0,2,0,1,0,0.0,0.1381,0.277,103,4.264,0.0,2.49,55.98,1,0,0,0
PDF_04470,2,2,24.08,1,6,0,0,0.0,0.1516,0.1915,164,5.656,28.54,20.46,6.52,0,0,0,0
PDF_04471,0,1,50.38,6,10,1,0,23.68,0.2849,0.4205,194,6.461,32.76,46.1,71.92,1,0,0,0
PDF_04472,0,2,3.58,0,0,1,0,3.38,0.0117,0.0031,79,5.941,0.0,0.0,3.37,0,1,0,0
PDF_04473,0,2,0.0,2,1,0,0,0.0,0.0824,0.3101,59,5.269,0.0,0.0,45.09,1,0,0,0
PDF_04474,2,2,18.67,1,1,0,0,0.0,0.0932,0.109,102,4.188,21.84,6.41,0.0,0,1,0,0
PDF_04475,2,1,32.55,3,5,2,0,33.94,0.1616,0.1056,70,4.454,13.76,45.89,27.59,0,0,0,0
PDF_04476,0,1,0.0,2,2,0,0,0.0,0.0,0.1534,33,4.858,0.0,0.0,0.0,0,0,0,0
PDF_04477,2,1,0.0,0,0,0,0,7.15,0.0007,0.0758,105,4.391,6.81,8.66,15.6,0,1,0,0
PDF_04478,2,1,0.0,2,2,0,0,0.0,0.0,0.1125,46,5.546,0.0,0.0,0.0,0,0,0,0
PDF_04479,1,1,22.72,2,6,0,0,9.9,0.0996,0.0759,65,5.797,10.24,9.45,16.03,0,0,0,0
PDF_04480,0,1,0.0,0,3,0,0,0.0,0.0494,0.1273,39,4.724,0.0,11.68,0.0,0,0,0,0
PDF_04481,0,1,40.53,4,1,0,0,5.57,0.1471,0.2128,148,5.359,3.72,19.46,50.81,1,1,0,0
PDF_04482,1,2,11.23,1,2,0,0,0.0,0.0722,0.0532,82,5.807,0.0,0.0,4.75,0,1,0,0
PDF_04483,0,2,38.46,5,0,0,0,0.0,0.0834,0.0189,37,5.644,2.4,0.0,1.23,0,0,0,0
PDF_04484,1,1,29.85,3,2,0,0,42.44,0.1032,0.189,107,6.012,7.24,41.2,25.14,0,0,0,0
PDF_04485,0,1,54.31,4,1,1,0,0.0,0.2681,0.2824,127,6.436,30.96,28.27,51.67,1,1,0,0
PDF_04486,0,1,0.0,0,1,1,0,0.0,0.1437,0.2055,77,5.836,0.0,0.0,27.66,1,0,0,0
PDF_04487,2,1,72.36,3,2,1,0,24.94,0.1173,0.1819,78,5.544,40.62,38.88,13.54,0,0,0,0
PDF_04488,0,1,11.34,0,1,0,0,23.74,0.193,0.322,106,4.843,0.0,5.98,67.79,1,1,0,0
PDF_04489,0,1,20.32,1,5,0,0,40.97,0.0892,0.0526,127,5.188,0.0,6.17,20.68,0,0,0,0
PDF_04490,0,1,9.79,1,0,0,0,0.0,0.1654,0.2781,89,5.384,17.89,26.89,69.74,1,0,0,0
PDF_04491,0,2,26.05,1,4,0,0,0.0,0.2014,0.2929,125,5.952,16.84,14.86,44.06,1,0,0,0
PDF_04492,0,3,32.86,0,2,0,0,0.71,0.1064,0.1354,69,5.976,4.4,10.47,5.85,0,1,0,0
PDF_04493,0,2,10.85,0,4,0,0,2.81,0.0972,0.035,76,5.522,13.8,0.0,18.18,0,0,0,0
PDF_04494,1,1,0.0,3,3,0,0,0.0,0.0484,0.0596,92,4.964,0.0,0.37,0.0,0,1,0,0
PDF_04495,1,1,0.0,2,0,0,0,0.0,0.0024,0.0055,26,3.821,0.0,0.0,0.0,0,0,0,0
PDF_04496,0,1,51.62,6,4,1,0,15.74,0.2071,0.111,128,6.326,38.38,49.67,30.71,0,1,0,0
PDF_04497,1,1,5.5,4,2,0,0,0.0,0.1828,0.3674,113,6.362,0.0,18.77,67.86,1,0,0,0
PDF_04498,0,1,3.43,2,0,0,0,8.66,0.141,0.0767,116,6.322,0.0,9.03,14.38,0,0,0,0
PDF_04499,2,1,19.75,1,2,1,0,0.05,0.1246,0.3199,102,4.769,9.01,32.82,65.76,1,0,0,0
PDF_04500,2,2,49.62,4,2,2,0,31.78,0.1389,0.1642,76,5.178,19.96,33.65,8.82,0,1,0,0
PDF_04501,0,2,0.0,0,1,2,0,0.0,0.0606,0.1987,31,4.685,0.0,0.0,33.59,1,0,0,0
PDF_04502,1,1,52.4,2,3,2,0,10.35,0.1389,0.2206,143,6.063,28.19,43.41,20.62,0,0,0,0
PDF_04503,0,1,11.88,0,0,0,0,0.0,0.1271,0.2975,126,5.099,3.44,0.0,51.12,1,0,0,0
PDF_04504,0,2,0.0,2,2,1,0,0.0,0.0819,0.1428,44,4.117,0.0,0.0,33.25,1,0,0,0
PDF_04505,0,1,3.06,0,1,0,1,0.0,0.113,0.0716,77,4.797,8.37,5.88,7.34,0,1,0,0
PDF_04506,0,2,0.0,2,1,0,0,0.0,0.1352,0.29,103,5.018,0.0,0.0,42.67,1,0,0,0
PDF_04507,0,3,0.0,1,0,0,0,0.0,0.1585,0.2658,67,5.96,0.0,5.06,38.65,1,0,0,0
PDF_04508,0,2,0.0,1,4,0,0,0.0,0.0,0.0631,5,5.578,0.0,0.0,0.0,0,1,0,0
PDF_04509,0,2,0.0,1,3,0,0,0.0,0.0926,0.0,125,4.982,14.44,14.82,0.0,0,0,0,0
PDF_04510,1,2,25.39,3,3,1,0,47.67,0.166,0.1838,105,5.157,10.51,34.18,9.33,0,0,0,0
PDF_04511,1,1,24.58,1,0,0,0,14.85,0.0852,0.1901,99,5.039,13.89,34.23,8.38,0,0,0,0
PDF_04512,0,1,0.0,2,0,0,0,12.42,0.0803,0.1386,127,5.518,16.86,25.67,18.46,0,0,0,0
PDF_04513,0,2,0.66,0,1,1,0,0.0,0.0,0.1045,32,4.625,4.42,0.0,0.0,0,0,0,0
PDF_04514,0,1,13.0,2,2,1,0,3.51,0.2688,0.4594,102,5.034,12.64,43.57,46.37,1,0,0,0
PDF_04515,1,1,10.1,3,0,0,0,0.0,0.0739,0.2761,136,5.351,0.8,23.4,57.55,1,0,0,0
PDF_04516,1,1,14.83,0,1,0,0,7.26,0.0852,0.0973,120,5.103,0.0,20.21,17.41,0,0,0,0
PDF_04517,0,2,26.94,4,3,1,0,22.31,0.1118,0.0722,70,5.4,5.84,20.2,12.51,0,1,0,0
PDF_04518,1,1,0.0,0,2,0,0,0.0,0.0472,0.1546,31,4.43,1.66,0.0,0.0,0,0,0,0
PDF_04519,0,1,0.0,0,0,0,0,0.0,0.0,0.0583,9,5.127,0.0,0.0,3.06,0,0,0,0
PDF_04520,3,2,35.31,2,4,0,0,28.95,0.1538,0.1405,91,5.056,31.12,40.39,20.62,0,1,0,0
PDF_04521,1,1,28.71,3,4,0,0,4.82,0.1222,0.1586,89,5.727,24.05,46.1,12.23,0,0,0,0
PDF_04522,2,1,2.54,2,4,0,0,0.0,0.1323,0.1259,27,6.31,0.0,0.0,0.0,0,0,0,0
PDF_04523,0,2,8.43,4,0,1,0,0.0,0.079,0.1025,118,5.522,11.67,0.22,7.77,0,0,0,0
PDF_04524,0,1,40.31,1,0,0,0,6.03,0.2134,0.4146,89,5.713,9.85,32.82,68.39,1,0,0,0
PDF_04525,2,1,51.49,1,2,0,0,0.24,0.1596,0.1747,178,6.67,9.01,20.21,15.15,0,0,0,0
PDF_04526,0,2,0.0,0,2,0,0,0.0,0.0,0.0983,41,3.846,0.0,0.85,0.0,0,0,0,0
PDF_04527,0,1,15.92,0,0,1,0,8.54,0.1147,0.0974,63,5.562,3.74,33.82,9.25,0,0,0,0
PDF_04528,1,2,1.23,0,2,1,0,0.0,0.1009,0.1674,25,5.141,0.0,0.0,0.0,0,0,0,0
PDF_04529,0,1,0.0,1,2,0,0,0.0,0.0034,0.0695,23,4.522,0.0,0.0,0.0,0,0,0,0
PDF_04530,0,1,0.0,0,0,0,0,12.46,0.1856,0.2611,112,5.207,0.0,0.0,48.85,1,1,0,0
PDF_04531,0,1,7.51,0,1,0,0,3.88,0.1615,0.2715,105,4.366,0.0,1.76,71.16,1,0,0,0
PDF_04532,1,2,5.26,2,0,0,0,25.27,0.133,0.1786,148,6.945,18.1,22.94,8.78,0,1,0,0
PDF_04533,0,1,38.77,3,4,1,0,19.46,0.1107,0.1816,107,6.004,16.08,38.83,40.37,0,0,0,0
PDF_04534,1,2,50.93,7,5,1,0,47.21,0.2192,0.1798,223,4.798,37.52,65.96,22.66,0,0,0,0
PDF_04535,1,1,16.45,4,0,1,0,0.0,0.0994,0.0871,90,5.396,17.95,25.15,12.45,0,0,0,0
PDF_04536,0,1,9.63,0,3,1,0,0.0,0.0925,0.1094,63,5.273,0.0,1.49,7.18,0,0,0,0
PDF_04537,0,1,1.87,3,2,1,0,12.09,0.0955,0.1144,63,5.949,0.0,1.27,15.06,0,1,0,0
PDF_04538,0,1,18.31,2,3,0,0,14.3,0.1567,0.3169,120,4.734,0.0,3.38,56.54,1,1,0,0
PDF_04539,3,1,15.0,1,0,1,0,7.95,0.1668,0.1885,132,4.922,28.79,24.39,11.53,0,1,0,0
PDF_04540,1,1,46.89,4,0,0,0,10.24,0.1218,0.0943,112,5.39,25.15,31.32,0.44,0,1,0,0
PDF_04541,0,1,0.0,0,2,0,0,0.0,0.0,0.0538,82,4.869,0.0,0.0,0.0,0,1,0,0
PDF_04542,1,1,25.24,3,1,2,0,2.79,0.171,0.1823,132,5.449,31.55,32.16,2.4,0,0,0,0
PDF_04543,0,1,18.11,0,3,0,0,11.41,0.1306,0.1486,100,5.698,5.6,11.7,8.62,0,1,0,0
PDF_04544,1,1,11.28,1,1,0,0,0.0,0.2105,0.2057,89,5.366,1.93,14.38,51.44,1,0,0,0
PDF_04545,1,1,0.0,0,0,1,0,0.0,0.0,0.0,15,4.562,0.0,0.0,0.0,0,0,0,0
PDF_04546,1,2,6.97,0,0,1,0,4.68,0.1714,0.2305,78,5.974,17.71,33.13,84.28,1,1,0,0
PDF_04547,1,1,0.0,1,1,0,0,2.38,0.0674,0.1039,56,4.658,5.07,4.19,7.61,0,0,0,0
PDF_04548,0,1,0.0,0,0,0,0,0.0,0.0421,0.2181,53,5.299,0.0,0.0,51.27,1,0,0,0
PDF_04549,1,1,54.71,11,0,1,0,49.57,0.1658,0.1555,134,6.037,33.07,48.27,8.55,0,0,0,0
PDF_04550,2,1,0.0,3,0,0,0,0.0,0.0,0.0238,47,4.818,3.79,0.0,9.5,0,0,0,0
PDF_04551,0,2,0.0,0,0,0,0,0.0,0.017,0.0434,62,6.132,0.0,0.0,0.0,0,0,0,0
PDF_04552,0,1,22.23,4,5,0,0,14.2,0.1151,0.2199,117,5.473,9.51,22.4,10.24,0,0,0,0
PDF_04553,1,1,14.32,1,0,0,0,1.92,0.0552,0.1972,73,4.457,16.49,12.73,10.92,0,0,0,0
PDF_04554,0,2,0.0,0,2,0,0,0.0,0.1112,0.217,90,6.671,0.0,9.7,35.05,1,0,0,0
PDF_04555,1,1,6.12,0,2,0,0,0.0,0.1666,0.2984,50,4.618,0.0,0.0,46.54,1,0,0,0
PDF_04556,1,1,37.12,5,6,2,0,20.88,0.1142,0.1645,111,6.095,28.9,39.32,32.88,0,1,0,0
PDF_04557,1,1,35.83,4,0,1,0,0.09,0.2037,0.288,113,5.384,24.42,18.01,50.25,1,1,0,0
PDF_04558,1,1,3.92,0,2,0,0,0.0,0.0675,0.1158,43,4.835,17.02,0.0,16.85,0,0,0,0
PDF_04559,1,1,13.28,0,1,1,0,0.0,0.0107,0.0645,77,4.906,0.0,0.0,7.35,0,0,0,0
PDF_04560,0,1,0.0,0,2,0,0,0.0,0.106,0.3429,61,5.321,0.0,0.0,55.2,1,0,0,0
PDF_04561,0,1,2.92,0,2,0,0,4.52,0.0419,0.0291,81,5.231,0.0,22.7,14.7,0,0,0,0
PDF_04562,1,2,0.0,0,0,0,0,0.0,0.0916,0.0237,37,4.54,0.0,10.66,0.0,0,0,0,0
PDF_04563,1,2,1.22,0,4,0,0,3.79,0.0,0.0773,35,5.611,0.0,0.0,12.48,0,0,0,0
PDF_04564,2,1,17.98,0,4,0,0,0.78,0.1603,0.3099,114,6.804,12.82,0.0,37.72,1,0,0,0
PDF_04565,0,2,0.0,3,0,0,0,0.0,0.0,0.0652,34,5.729,3.16,0.0,0.0,0,1,0,0
PDF_04566,2,2,33.55,4,1,0,0,52.43,0.1606,0.1327,101,6.152,0.0,36.27,17.55,0,0,0,0
PDF_04567,1,1,43.86,0,1,0,0,22.12,0.2491,0.3012,125,5.153,20.01,0.0,79.78,1,0,0,0
PDF_04568,1,2,35.95,6,6,1,0,16.34,0.1572,0.1403,117,5.948,34.93,45.39,6.19,0,0,0,0
PDF_04569,0,1,17.9,2,0,1,0,0.0,0.0695,0.0734,63,5.475,21.19,7.45,4.68,0,0,0,0
PDF_04570,1,1,0.0,2,0,0,0,0.0,0.123,0.311,90,5.888,0.0,0.0,53.66,1,0,0,0
PDF_04571,0,2,0.0,0,4,0,0,0.0,0.0073,0.2977,78,4.51,1.98,0.0,42.57,1,0,0,0
PDF_04572,1,2,4.02,0,0,1,0,7.16,0.1857,0.3068,120,4.801,0.0,0.0,43.28,1,1,0,0
PDF_04573,0,1,24.21,0,4,1,0,5.22,0.2541,0.3061,185,5.531,11.57,45.07,76.36,1,0,0,0
PDF_04574,0,1,0.0,3,0,1,0,8.33,0.0303,0.0642,39,5.192,0.18,3.55,0.0,0,1,0,0
PDF_04575,1,1,0.0,3,0,0,0,0.0,0.1676,0.36,73,7.287,22.84,3.25,63.46,1,0,0,0
PDF_04576,1,2,56.71,4,4,2,0,45.52,0.3335,0.3169,161,5.328,44.66,56.04,66.66,1,1,0,0
PDF_04577,2,2,23.51,1,0,1,1,7.82,0.1893,0.3642,152,5.638,31.54,21.7,64.62,1,0,0,0
PDF_04578,0,1,3.29,5,0,0,0,31.46,0.0403,0.1339,90,6.51,0.0,2.95,0.68,0,0,0,0
PDF_04579,2,2,43.51,5,4,1,0,22.23,0.191,0.1832,168,5.129,27.4,52.86,28.65,0,0,0,0
PDF_04580,1,1,23.81,0,2,0,0,1.15,0.1639,0.1852,61,5.819,33.84,28.36,5.47,0,0,0,0
PDF_04581,0,1,5.39,0,4,1,0,15.62,0.1081,0.1659,83,4.049,0.11,0.0,20.49,0,0,0,0
PDF_04582,0,1,0.0,4,0,0,0,0.0,0.0467,0.1129,41,4.975,0.0,0.0,0.0,0,1,0,0
PDF_04583,0,1,9.35,4,1,0,0,0.0,0.0695,0.1399,65,5.846,1.56,0.0,0.0,0,1,0,0
PDF_04584,0,1,24.83,2,3,0,0,0.0,0.2323,0.2933,124,5.057,3.14,20.95,58.99,1,0,0,0
PDF_04585,0,1,0.0,2,0,0,0,0.0,0.0607,0.2197,35,4.22,0.0,0.0,10.93,1,0,0,0
PDF_04586,1,1,34.22,5,3,0,0,7.03,0.1422,0.1333,118,5.807,21.71,18.05,10.64,0,0,0,0
PDF_04587,0,1,0.0,3,0,0,0,0.0,0.1117,0.253,68,6.327,0.0,0.0,14.95,1,1,0,0
PDF_04588,0,1,2.61,0,4,0,0,4.58,0.0761,0.111,66,5.316,0.0,8.65,14.98,0,0,0,0
PDF_04589,0,1,0.0,4,2,0,0,12.06,0.1746,0.3155,73,5.234,13.25,24.43,54.14,1,1,0,0
PDF_04590,1,2,9.38,1,0,0,0,0.0,0.1118,0.1607,120,4.685,15.25,8.7,0.0,0,0,0,0
PDF_04591,1,3,33.25,3,2,1,0,0.0,0.1412,0.1856,96,5.847,17.6,18.61,38.98,0,0,0,0
PDF_04592,0,2,5.21,0,1,0,0,0.0,0.0,0.1174,51,4.798,0.74,0.0,0.0,0,0,0,0
PDF_04593,2,1,12.95,2,0,0,0,11.05,0.1707,0.3421,94,5.289,32.43,16.21,69.95,1,0,0,0
PDF_04594,1,1,0.0,0,0,0,0,0.0,0.0468,0.1213,38,5.846,0.0,0.0,0.0,0,1,0,0
PDF_04595,0,2,19.09,1,1,0,0,36.06,0.0835,0.101,146,6.388,46.26,48.39,8.41,0,1,0,0
PDF_04596,0,1,0.0,1,0,0,0,0.0,0.0,0.1501,83,5.615,0.0,13.61,0.0,0,0,0,0
PDF_04597,1,1,26.22,1,3,1,0,0.42,0.1118,0.2203,108,5.746,7.81,13.51,12.35,0,0,0,0
PDF_04598,0,1,0.0,0,0,1,0,0.0,0.0,0.0884,86,5.676,0.0,0.0,1.5,0,0,0,0
PDF_04599,1,1,8.38,0,2,0,0,0.0,0.0882,0.0809,38,5.819,0.0,3.06,0.45,0,0,0,0
PDF_04600,0,1,11.0,0,1,1,0,0.0,0.1103,0.0929,113,6.36,35.43,18.57,0.0,0,1,0,0
PDF_04601,0,2,11.19,4,0,1,0,14.14,0.1093,0.1636,117,5.758,5.5,4.62,0.73,0,0,0,0
PDF_04602,1,2,0.0,1,6,0,0,0.0,0.0,0.0858,69,6.012,0.0,0.0,0.0,0,1,0,0
PDF_04603,1,1,0.63,1,1,0,0,0.0,0.1436,0.359,96,5.141,7.14,15.31,45.15,1,0,0,0
PDF_04604,0,1,18.32,2,0,0,0,9.91,0.0312,0.0658,84,4.813,11.66,7.36,0.0,0,0,0,0
PDF_04605,0,1,0.0,0,5,0,0,0.0,0.0074,0.1227,38,5.944,0.0,0.0,0.0,0,1,0,0
PDF_04606,1,1,25.99,2,0,1,0,0.0,0.0228,0.11,94,5.814,17.5,37.92,23.89,0,0,0,0
PDF_04607,0,2,6.86,0,2,0,0,21.77,0.214,0.3907,128,4.794,0.0,33.51,62.64,1,1,0,0
PDF_04608,2,1,35.91,0,3,0,0,23.27,0.2415,0.3499,128,4.909,23.28,18.63,69.48,1,1,0,0
PDF_04609,0,1,0.0,2,0,0,0,0.0,0.1689,0.2889,101,5.259,5.5,6.66,57.86,1,0,0,0
PDF_04610,0,1,0.0,1,0,0,0,0.0,0.0,0.0896,49,5.148,0.0,12.96,0.0,0,0,0,0
PDF_04611,0,1,22.8,3,0,0,0,9.65,0.0732,0.1573,128,5.065,0.0,18.0,1.3,0,0,0,0
PDF_04612,1,1,38.26,0,1,0,0,10.58,0.1414,0.1102,86,4.874,26.5,48.56,11.36,0,0,0,0
PDF_04613,1,1,0.0,2,0,0,0,0.0,0.0307,0.1422,51,4.567,0.0,2.55,1.66,0,0,0,0
PDF_04614,0,1,0.0,0,0,0,0,0.0,0.0177,0.1039,38,5.127,0.0,0.0,0.97,0,0,0,0
PDF_04615,2,2,54.67,6,4,1,0,33.33,0.2005,0.144,123,5.319,29.65,31.6,36.39,0,0,0,0
PDF_04616,0,2,69.9,6,5,0,0,31.3,0.2634,0.1929,140,6.203,35.92,70.39,19.73,0,1,0,0
PDF_04617,0,2,13.44,0,1,0,0,6.21,0.1268,0.3678,85,5.767,16.96,20.1,55.24,1,0,0,0
PDF_04618,1,1,20.42,0,3,1,0,43.67,0.0728,0.1144,92,5.951,14.57,8.3,9.82,0,1,0,0
PDF_04619,1,1,0.35,0,3,1,0,9.33,0.2063,0.2752,79,4.859,0.0,0.0,41.13,1,0,0,0
PDF_04620,0,1,21.3,1,1,0,0,12.38,0.1431,0.3412,133,5.432,19.59,0.0,63.58,1,1,0,0
PDF_04621,0,1,0.0,2,0,0,0,0.0,0.0244,0.0202,41,4.87,0.0,2.75,0.0,0,1,0,0
PDF_04622,2,2,27.22,0,2,1,0,17.39,0.1247,0.1533,83,5.121,15.41,39.22,14.69,0,0,0,0
PDF_04623,0,1,43.03,1,1,1,0,17.95,0.1259,0.1951,80,4.98,4.47,22.7,13.27,0,0,0,0
PDF_04624,0,1,0.0,0,0,0,0,0.0,0.0,0.0613,14,5.411,0.0,0.0,0.0,0,0,0,0
PDF_04625,0,1,9.57,0,0,1,0,1.38,0.089,0.1095,49,4.846,0.0,6.61,0.0,0,1,0,0
PDF_04626,0,1,0.0,3,0,0,0,0.0,0.0839,0.1053,59,4.482,8.45,0.0,11.92,0,0,0,0
PDF_04627,0,1,11.99,0,0,0,0,13.35,0.1208,0.3109,103,4.687,0.0,10.9,46.6,1,0,0,0
PDF_04628,0,2,22.08,1,1,0,0,0.0,0.1888,0.316,145,5.365,19.08,26.9,62.5,1,1,0,0
PDF_04629,0,1,0.0,2,0,1,0,0.0,0.0508,0.0389,71,4.979,0.0,6.51,0.0,0,0,0,0
PDF_04630,0,1,33.86,3,0,1,0,8.74,0.1589,0.3444,149,4.773,16.26,10.16,56.42,1,0,0,0
PDF_04631,0,2,0.0,1,0,1,0,0.0,0.0,0.0767,28,4.377,0.0,0.0,0.0,0,0,0,0
PDF_04632,0,1,11.4,3,2,0,0,20.42,0.1664,0.3791,110,5.715,0.0,32.17,62.1,1,1,0,0
PDF_04633,0,1,0.0,2,0,0,0,0.0,0.0,0.0203,20,4.608,0.0,0.0,3.86,0,0,0,0
PDF_04634,0,1,23.28,2,2,1,1,9.95,0.1588,0.2914,161,5.945,0.0,3.56,41.36,1,1,0,0
PDF_04635,0,1,7.51,0,0,0,0,0.0,0.1388,0.3644,134,4.912,2.94,0.0,20.12,1,1,0,0
PDF_04636,1,1,46.17,0,2,1,0,5.31,0.0813,0.1699,93,6.164,7.53,32.87,5.2,0,0,0,0
PDF_04637,0,1,6.14,5,0,1,0,0.0,0.0902,0.0999,84,5.061,21.42,0.0,5.59,0,1,0,0
PDF_04638,0,1,52.85,1,1,0,0,6.98,0.1143,0.0872,117,6.021,16.05,28.18,23.14,0,0,0,0
PDF_04639,0,2,21.88,2,0,0,0,0.0,0.0355,0.1171,88,5.261,7.66,0.0,7.94,0,1,0,0
PDF_04640,0,2,24.06,0,0,0,0,15.51,0.0843,0.1695,104,4.792,8.68,0.0,0.97,0,1,0,0
PDF_04641,0,1,12.98,1,0,1,0,0.0,0.0761,0.2224,106,5.781,21.0,9.93,32.31,0,0,0,0
PDF_04642,0,1,16.35,3,1,0,0,10.26,0.1118,0.106,94,5.57,15.97,27.98,0.0,0,0,0,0
PDF_04643,3,1,33.23,0,3,0,0,15.72,0.1166,0.1097,121,5.789,23.88,47.32,23.43,0,1,0,0
PDF_04644,1,1,22.9,4,1,0,0,9.39,0.2355,0.4264,112,5.594,22.88,31.74,75.53,1,0,0,0
PDF_04645,0,1,12.81,3,0,0,0,0.0,0.0965,0.0919,31,5.179,7.12,18.09,0.0,0,0,0,0
PDF_04646,1,1,7.34,5,0,1,0,11.53,0.1598,0.185,86,4.937,26.73,15.2,2.07,0,0,0,0
PDF_04647,1,1,27.81,0,0,0,0,0.0,0.1224,0.0635,40,4.794,0.0,11.45,0.0,0,0,0,0
PDF_04648,0,1,38.97,2,3,1,0,14.12,0.1634,0.173,155,4.501,9.47,19.78,1.64,0,0,0,0
PDF_04649,0,1,0.0,1,2,0,0,0.0,0.1579,0.3602,64,6.398,0.0,8.27,45.91,1,0,0,0
PDF_04650,1,1,0.0,0,0,0,0,1.43,0.051,0.2802,94,5.103,0.0,0.0,51.75,1,0,0,0
PDF_04651,1,2,0.0,4,4,0,0,0.37,0.1557,0.3092,103,5.539,0.0,16.17,57.53,1,0,0,0
PDF_04652,1,1,0.0,0,0,1,0,2.35,0.146,0.3488,68,4.966,0.0,0.0,47.42,1,0,0,0
PDF_04653,1,2,58.77,3,4,0,0,2.63,0.1401,0.2236,180,5.745,37.92,60.24,17.08,0,0,0,0
PDF_04654,2,1,0.0,3,2,1,0,0.67,0.0439,0.0722,30,5.274,0.0,6.02,0.0,0,0,0,0
PDF_04655,0,1,0.0,1,2,0,0,0.0,0.0795,0.2084,74,4.802,0.0,0.0,38.06,1,1,0,0
PDF_04656,0,1,0.0,0,0,0,0,1.39,0.0392,0.166,88,5.8,7.21,10.05,0.0,0,0,0,0
PDF_04657,1,1,16.87,1,1,0,0,20.11,0.1652,0.4193,155,5.228,9.78,25.74,51.1,1,0,0,0
PDF_04658,1,1,1.32,0,0,0,0,0.0,0.1261,0.3305,96,4.293,0.0,0.0,43.54,1,0,0,0
PDF_04659,2,1,0.0,0,0,0,0,0.0,0.0,0.0215,17,5.301,0.0,0.0,0.0,0,0,0,0
PDF_04660,1,1,0.0,0,0,0,0,0.0,0.0,0.0,5,3.489,0.0,0.0,0.0,0,0,0,0
PDF_04661,0,2,0.0,1,2,0,0,0.0,0.03,0.1223,40,5.624,5.76,5.44,0.0,0,0,0,0
PDF_04662,1,1,5.48,0,4,0,1,6.29,0.1093,0.1351,66,4.697,0.0,0.0,0.41,0,1,0,0
PDF_04663,1,1,42.86,2,4,1,0,11.26,0.1241,0.2176,59,5.603,20.39,14.25,11.04,0,1,0,0
PDF_04664,1,2,22.8,0,0,0,0,0.0,0.1625,0.2423,103,5.3,21.39,24.29,47.33,1,0,0,0
PDF_04665,0,1,0.0,0,2,0,0,0.0,0.1914,0.3158,77,6.277,0.0,0.0,52.63,1,0,0,0
PDF_04666,0,2,19.04,2,2,0,0,0.0,0.1087,0.1467,51,5.078,0.0,0.0,25.64,0,0,0,0
PDF_04667,0,1,0.09,0,2,0,0,3.38,0.1631,0.2849,55,5.326,0.0,0.0,32.77,1,0,0,0
PDF_04668,0,1,26.12,0,1,0,0,0.0,0.0399,0.0563,69,4.223,0.0,6.04,18.91,0,0,0,0
PDF_04669,0,1,0.0,0,1,0,0,0.0,0.0151,0.0315,81,3.749,0.0,0.0,0.0,0,0,0,0
PDF_04670,2,1,7.39,2,0,0,1,0.0,0.0381,0.1739,126,5.567,1.79,10.75,23.18,0,0,0,0
PDF_04671,2,2,10.22,2,1,0,0,10.82,0.1085,0.0867,84,5.313,17.51,15.93,1.56,0,1,0,0
PDF_04672,0,2,0.0,0,2,0,0,0.0,0.0674,0.2738,71,4.723,0.0,0.0,55.29,1,0,0,0
PDF_04673,0,2,21.36,6,2,2,0,0.0,0.0874,0.1488,34,6.125,1.21,28.4,7.89,0,0,0,0
PDF_04674,1,1,17.43,5,3,0,0,18.6,0.1464,0.183,111,4.256,38.57,23.82,13.33,0,1,0,0
PDF_04675,1,1,31.83,3,0,1,0,4.19,0.0331,0.145,88,4.905,27.35,13.5,8.0,0,0,0,0
PDF_04676,0,1,19.16,3,0,0,0,0.0,0.0791,0.1473,71,5.914,2.82,0.0,13.05,0,0,0,0
PDF_04677,0,1,9.88,0,0,1,0,0.0,0.1174,0.2096,56,6.571,28.36,25.06,3.6,0,0,0,0
PDF_04678,1,2,31.82,3,2,1,0,9.97,0.2258,0.3501,133,5.373,0.0,12.07,50.91,1,0,0,0
PDF_04679,1,1,3.64,3,0,0,0,0.77,0.0674,0.0292,103,5.419,8.54,0.0,14.82,0,1,0,0
PDF_04680,1,1,33.9,2,2,1,0,4.78,0.1138,0.1442,100,5.453,2.14,35.93,9.7,0,1,0,0
PDF_04681,2,1,20.8,0,4,0,0,0.0,0.0978,0.1324,84,5.897,18.1,17.63,2.28,0,1,0,0
PDF_04682,0,1,0.0,0,3,1,0,17.66,0.2037,0.3583,40,6.101,0.0,8.62,45.51,1,0,0,0
PDF_04683,0,2,0.0,0,0,0,0,0.0,0.0208,0.1042,41,5.372,4.91,0.62,5.4,0,0,0,0
PDF_04684,1,1,28.43,2,0,0,0,7.13,0.1975,0.3,76,5.635,12.01,12.52,58.19,1,1,0,0
PDF_04685,0,1,2.05,2,3,1,0,0.0,0.1362,0.2437,106,6.502,0.0,0.0,57.47,1,0,0,0
PDF_04686,0,1,0.0,0,0,1,0,0.0,0.071,0.0594,24,6.063,0.0,2.76,22.74,0,0,0,0
PDF_04687,1,1,0.0,1,1,0,0,7.52,0.1787,0.2748,92,6.119,10.18,0.0,74.82,1,0,0,0
PDF_04688,0,2,30.65,5,2,0,0,0.0,0.1064,0.1512,159,5.223,13.54,21.27,32.69,0,0,0,0
PDF_04689,1,1,0.0,3,1,0,0,0.0,0.0,0.13,65,4.878,0.0,0.0,18.84,0,1,0,0
PDF_04690,1,1,21.93,1,2,1,0,7.88,0.1172,0.2287,67,4.94,24.92,9.97,3.25,0,0,0,0
PDF_04691,1,3,3.36,2,2,0,0,28.72,0.0,0.0652,72,5.506,0.0,14.87,4.69,0,1,0,0
PDF_04692,0,2,1.65,6,0,1,0,0.0,0.1969,0.2754,34,4.744,2.08,0.0,52.38,1,0,0,0
PDF_04693,1,1,51.19,2,2,1,0,26.41,0.0675,0.1232,114,6.006,33.5,55.17,10.92,0,0,0,0
PDF_04694,1,1,4.52,0,0,0,1,6.3,0.0781,0.1476,107,4.684,9.93,7.5,7.0,0,1,0,0
PDF_04695,0,1,28.72,2,2,0,0,5.95,0.061,0.0635,99,5.856,6.53,11.81,0.0,0,0,0,0
PDF_04696,0,1,14.92,0,2,1,0,0.0,0.1279,0.0498,42,4.853,1.32,7.22,27.15,0,0,0,0
PDF_04697,0,1,6.63,0,0,0,0,10.43,0.1121,0.0917,134,4.913,1.2,12.47,14.78,0,1,0,0
PDF_04698,1,1,24.82,2,2,1,0,15.3,0.1366,0.1316,87,5.043,0.0,16.11,43.42,0,1,0,0
PDF_04699,1,2,21.94,0,2,1,0,13.0,0.0713,0.1177,143,5.642,5.22,17.17,10.36,0,0,0,0
PDF_04700,0,2,0.0,2,3,0,0,10.21,0.0719,0.1361,126,5.825,19.89,0.0,24.58,0,0,0,0
PDF_04701,0,2,0.0,0,3,0,0,0.0,0.1026,0.3198,91,5.583,0.0,0.0,36.61,1,0,0,0
PDF_04702,0,1,5.17,1,3,1,0,10.81,0.143,0.1281,72,5.796,0.0,0.0,25.14,0,1,0,0
PDF_04703,1,1,25.41,0,0,0,0,30.9,0.2216,0.332,115,5.611,18.13,17.84,71.37,1,0,0,0
PDF_04704,0,1,10.31,4,2,0,0,0.0,0.0852,0.1216,98,5.155,5.57,12.34,8.86,0,0,0,0
PDF_04705,1,2,20.22,6,3,1,0,1.06,0.2495,0.3839,132,5.364,0.0,30.95,68.64,1,1,0,0
PDF_04706,0,1,12.54,4,3,1,0,0.0,0.1074,0.3211,140,5.575,29.61,27.4,62.01,1,0,0,0
PDF_04707,0,1,28.21,3,1,1,1,36.35,0.1365,0.3351,128,6.292,7.75,26.32,76.11,1,0,0,0
PDF_04708,1,3,31.66,5,3,1,0,13.31,0.1793,0.1942,135,5.438,21.71,23.96,13.49,0,1,0,0
PDF_04709,0,2,12.04,3,2,1,0,3.85,0.0431,0.1491,134,5.907,19.41,12.55,4.17,0,0,0,0
PDF_04710,0,2,14.91,0,1,0,0,0.46,0.1096,0.1042,70,5.304,24.79,6.8,5.39,0,1,0,0
PDF_04711,0,1,9.76,1,0,0,0,22.54,0.1968,0.3851,39,5.903,0.0,21.71,30.66,1,0,0,0
PDF_04712,1,1,19.98,3,0,2,0,0.0,0.021,0.0801,85,5.776,0.0,38.26,6.22,0,0,0,0
PDF_04713,1,2,7.18,2,3,0,0,0.0,0.1763,0.0762,99,4.947,0.0,27.26,5.62,0,0,0,0
PDF_04714,1,1,0.0,3,2,0,0,0.0,0.0557,0.2293,70,4.64,0.0,0.0,32.27,1,0,0,0
PDF_04715,0,1,27.81,4,2,0,0,19.92,0.2011,0.4102,128,6.015,7.69,48.52,73.37,1,1,0,0
PDF_04716,1,2,26.71,3,1,1,0,34.24,0.1769,0.3237,112,4.407,18.23,24.36,68.1,1,0,0,0
PDF_04717,1,2,0.0,0,2,0,0,0.0,0.0,0.0543,5,4.982,0.0,0.0,2.97,0,0,0,0
PDF_04718,2,1,26.07,3,1,0,0,11.82,0.1836,0.3353,132,6.634,36.76,19.69,59.9,1,0,0,0
PDF_04719,0,1,0.0,1,0,0,0,0.0,0.1304,0.3125,77,6.011,24.92,0.0,42.28,1,0,0,0
PDF_04720,1,1,18.78,3,0,1,0,13.73,0.1633,0.1343,143,5.988,23.91,32.0,17.97,0,0,0,0
PDF_04721,0,1,0.0,2,0,0,0,0.0,0.1081,0.3273,7,5.737,0.0,0.0,57.02,1,0,0,0
PDF_04722,2,1,0.0,0,2,0,0,0.0,0.1715,0.2293,55,5.026,0.0,0.0,67.22,1,0,0,0
PDF_04723,2,1,18.44,3,0,0,0,0.0,0.0388,0.1121,108,4.537,0.0,11.54,0.53,0,0,0,0
PDF_04724,1,1,46.18,2,8,0,0,19.68,0.1254,0.1742,164,5.538,26.3,40.05,26.14,0,1,0,0
PDF_04725,2,2,30.45,5,1,1,0,13.62,0.2477,0.367,105,5.357,23.75,33.03,57.11,1,1,0,0
PDF_04726,1,2,47.06,2,3,1,0,0.0,0.194,0.3139,141,5.929,6.03,40.79,42.82,1,0,0,0
PDF_04727,1,3,58.1,3,6,1,0,20.86,0.3495,0.4162,176,4.782,45.08,51.47,71.31,1,0,0,0
PDF_04728,1,1,17.13,3,1,1,0,17.18,0.1354,0.1322,97,4.826,19.05,14.51,11.05,0,0,0,0
PDF_04729,0,2,0.0,0,1,0,0,16.97,0.1855,0.3593,101,6.06,0.0,0.0,64.17,1,1,0,0
PDF_04730,1,1,0.63,0,0,0,0,0.0,0.0478,0.067,77,5.558,0.0,0.96,1.05,0,0,0,0
PDF_04731,0,2,6.79,3,0,0,0,0.0,0.0693,0.1105,123,5.587,12.03,24.33,22.1,0,0,0,0
PDF_04732,2,1,18.36,1,0,0,0,0.0,0.117,0.1033,69,5.236,6.65,22.56,13.12,0,0,0,0
PDF_04733,0,1,27.46,2,0,0,0,0.0,0.131,0.1552,120,5.136,16.77,33.08,0.0,0,0,0,0
PDF_04734,2,1,30.36,4,4,0,0,0.0,0.1174,0.5067,116,5.381,19.85,21.81,73.61,1,0,0,0
PDF_04735,0,1,18.87,0,1,0,0,0.0,0.1357,0.1406,74,4.618,0.0,17.68,9.38,0,1,0,0
PDF_04736,0,1,0.0,3,0,0,0,0.0,0.0867,0.0745,70,6.632,0.0,0.0,4.8,0,0,0,0
PDF_04737,1,1,0.0,3,0,0,0,7.56,0.0433,0.0786,91,5.011,5.99,12.03,0.0,0,1,0,0
PDF_04738,0,1,23.32,0,0,1,0,0.0,0.0873,0.1242,133,5.594,0.0,19.13,0.0,0,0,0,0
PDF_04739,1,3,20.12,4,0,0,0,0.0,0.0867,0.1173,81,6.1,1.53,0.0,0.0,0,0,0,0
PDF_04740,1,1,20.78,5,4,0,0,21.0,0.153,0.0926,82,5.046,17.57,30.44,22.93,0,1,0,0
PDF_04741,0,1,34.57,5,1,1,0,1.13,0.1429,0.1984,118,4.914,27.25,13.65,24.76,0,1,0,0
PDF_04742,0,1,39.49,0,3,0,0,0.0,0.0,0.1457,107,5.362,21.36,22.52,12.22,0,0,0,0
PDF_04743,0,1,0.0,0,0,0,0,0.0,0.1219,0.2713,77,4.286,0.0,0.0,51.82,1,0,0,0
PDF_04744,0,2,0.0,0,1,0,0,11.66,0.1239,0.1198,78,5.131,14.76,6.48,0.0,0,0,0,0
PDF_04745,0,2,13.92,2,1,1,0,17.87,0.0,0.1227,119,5.594,0.0,22.61,15.71,0,1,0,0
PDF_04746,0,2,0.0,2,0,0,0,0.0,0.046,0.0576,39,4.535,0.0,0.0,0.0,0,0,0,0
PDF_04747,1,1,0.0,0,0,0,0,0.0,0.028,0.007,14,4.926,0.0,0.0,0.0,0,0,0,0
PDF_04748,0,2,43.4,7,2,0,0,12.11,0.2243,0.1675,138,7.119,30.62,16.05,33.04,0,0,0,0
PDF_04749,0,2,30.81,1,1,0,0,0.0,0.1112,0.1367,82,4.439,12.23,21.35,3.98,0,0,0,0
PDF_04750,1,1,24.69,1,4,0,0,10.07,0.1652,0.0756,110,4.327,5.9,24.75,25.54,0,1,0,0
PDF_04751,0,1,17.42,1,1,0,0,1.67,0.0546,0.1012,76,4.792,1.45,4.64,8.77,0,1,0,0
PDF_04752,1,1,47.33,6,4,2,0,24.01,0.1966,0.2837,98,5.387,37.41,55.89,16.57,0,0,0,0
PDF_04753,1,2,23.7,1,3,0,0,34.57,0.0788,0.0,132,5.384,7.45,19.62,18.96,0,0,0,0
PDF_04754,0,1,28.54,2,2,1,0,16.15,0.129,0.1676,113,6.908,36.3,15.31,25.22,0,0,0,0
PDF_04755,1,1,17.81,6,0,0,0,20.83,0.256,0.3021,104,5.774,34.75,29.96,55.77,1,0,0,0
PDF_04756,0,1,31.43,0,3,0,0,8.35,0.2778,0.3726,117,5.894,6.85,32.71,49.35,1,0,0,0
PDF_04757,0,1,0.0,4,2,1,0,0.0,0.1373,0.346,84,6.008,0.9,0.0,41.06,1,0,0,0
PDF_04758,0,1,10.06,0,0,1,0,0.0,0.112,0.1176,33,5.02,0.0,17.48,7.56,0,0,0,0
PDF_04759,1,2,18.68,0,0,1,0,5.55,0.1524,0.1981,105,5.52,23.29,12.69,18.82,0,1,0,0
PDF_04760,1,3,19.2,0,3,2,0,4.15,0.2193,0.2927,126,3.725,12.12,0.07,50.15,1,0,0,0
PDF_04761,1,1,6.47,0,0,0,0,5.31,0.1453,0.2751,118,4.159,0.16,16.32,50.57,1,0,0,0
PDF_04762,1,1,13.44,1,5,0,0,22.43,0.1073,0.0669,44,4.415,0.0,22.18,0.0,0,0,0,0
PDF_04763,1,1,62.8,6,5,1,0,27.54,0.2016,0.1576,150,6.082,48.26,47.02,34.28,0,0,0,0
PDF_04764,1,3,10.23,0,1,0,0,0.0,0.174,0.257,126,4.944,21.6,15.73,57.48,1,0,0,0
PDF_04765,0,1,0.0,3,0,0,0,17.53,0.1411,0.2435,87,4.817,6.23,8.54,45.63,1,0,0,0
PDF_04766,0,2,10.73,3,0,0,0,0.0,0.1975,0.2832,99,5.758,0.0,17.04,66.68,1,0,0,0
PDF_04767,0,2,32.14,2,2,0,0,16.69,0.1642,0.1737,116,6.414,27.12,32.24,25.03,0,0,0,0
PDF_04768,1,2,0.0,2,0,0,0,27.71,0.1579,0.2949,150,5.382,11.32,12.66,62.3,1,1,0,0
PDF_04769,0,1,0.58,1,0,0,0,0.0,0.034,0.0488,56,4.558,0.0,0.0,0.0,0,0,0,0
PDF_04770,0,1,25.21,1,4,0,0,7.39,0.1402,0.1172,108,5.584,34.63,29.22,10.38,0,0,0,0
PDF_04771,0,2,17.17,3,0,0,0,0.0,0.1231,0.1805,29,5.475,0.0,7.33,12.1,0,0,0,0
PDF_04772,0,1,0.0,0,0,0,0,0.0,0.074,0.2212,112,6.037,0.0,0.0,0.0,0,0,0,0
PDF_04773,0,1,10.86,0,4,1,0,0.05,0.0243,0.095,54,4.359,7.82,0.0,8.73,0,0,0,0
PDF_04774,0,2,0.63,4,0,0,0,0.0,0.0963,0.3022,75,5.407,0.0,0.0,39.11,1,1,0,0
PDF_04775,0,1,11.73,0,4,0,0,0.0,0.0,0.0864,41,4.852,0.0,0.0,0.0,0,1,0,0
PDF_04776,0,2,34.4,2,4,2,0,31.81,0.2112,0.1133,145,5.604,29.12,57.08,22.56,0,0,0,0
PDF_04777,1,1,2.95,5,2,0,0,0.0,0.0642,0.0261,98,5.572,11.61,16.08,2.44,0,1,0,0
PDF_04778,0,1,0.0,0,0,1,0,0.0,0.0,0.0493,99,5.406,0.0,0.0,0.0,0,1,0,0
PDF_04779,0,1,13.75,3,0,1,0,0.0,0.2457,0.2946,106,5.42,0.0,11.05,40.95,1,0,0,0
PDF_04780,1,1,14.94,0,3,0,0,23.92,0.0795,0.1283,101,5.686,0.0,21.32,0.66,0,0,0,0
PDF_04781,0,1,1.76,5,1,0,0,0.0,0.0232,0.1283,35,4.894,5.8,0.0,25.45,0,0,0,0
PDF_04782,1,2,22.35,0,0,1,0,0.0,0.2291,0.38,98,6.051,0.0,0.0,72.2,1,0,0,0
PDF_04783,0,2,10.88,0,4,0,0,0.0,0.2315,0.3595,72,6.156,9.59,0.17,53.99,1,0,0,0
PDF_04784,0,2,39.79,3,1,0,0,13.04,0.1796,0.3006,163,5.795,16.47,43.05,87.84,1,0,0,0
PDF_04785,1,1,0.0,0,0,1,1,0.0,0.023,0.1864,54,5.806,0.0,0.0,39.27,1,1,0,0
PDF_04786,1,1,0.0,2,1,0,0,0.0,0.1023,0.0948,96,5.287,0.0,5.38,25.66,0,0,0,0
PDF_04787,0,2,52.95,5,5,0,0,8.02,0.1799,0.1766,156,6.346,53.19,55.0,30.05,0,0,0,0
PDF_04788,0,1,0.0,0,2,1,0,0.0,0.1327,0.25,111,5.953,0.29,0.0,39.99,1,0,0,0
PDF_04789,0,1,12.41,1,3,1,0,0.0,0.0824,0.0364,64,5.598,0.0,0.0,22.6,0,0,0,0
PDF_04790,3,2,36.85,0,1,1,0,17.79,0.1689,0.3637,144,6.483,31.75,35.17,78.21,1,0,0,0
PDF_04791,1,1,28.62,1,0,0,0,13.18,0.1989,0.3443,98,5.462,7.21,21.75,66.96,1,1,0,0
PDF_04792,1,1,0.0,2,1,0,0,7.29,0.1174,0.3813,82,4.722,15.55,0.0,52.32,1,0,0,0
PDF_04793,2,2,17.77,0,1,1,0,16.77,0.1566,0.1082,114,6.41,13.2,33.84,26.94,0,1,0,0
PDF_04794,0,1,32.64,0,1,1,0,3.37,0.095,0.1635,83,4.564,2.57,41.18,0.0,0,1,0,0
PDF_04795,0,1,0.0,2,2,0,0,10.43,0.0568,0.1654,71,6.103,0.0,16.39,11.95,0,1,0,0
PDF_04796,1,1,14.92,0,1,1,0,0.0,0.1079,0.3115,48,5.523,10.82,4.51,60.8,1,1,0,0
PDF_04797,0,2,14.12,0,3,1,0,0.0,0.2171,0.1543,117,5.167,24.37,14.67,6.13,0,0,0,0
PDF_04798,2,1,11.54,2,0,0,0,0.0,0.2479,0.3325,133,5.739,28.83,14.16,60.09,1,0,0,0
PDF_04799,1,1,4.84,1,2,0,0,4.52,0.0911,0.1161,124,5.62,8.81,32.89,0.0,0,1,0,0
PDF_04800,0,1,12.26,5,0,1,0,2.23,0.0903,0.1305,78,5.707,0.0,16.95,5.51,0,0,0,0
PDF_04801,0,1,5.2,0,2,1,0,20.39,0.1798,0.2542,92,6.486,28.2,21.38,50.63,1,1,0,0
PDF_04802,0,1,25.3,4,4,1,0,26.08,0.1798,0.08,92,5.231,23.45,27.94,15.96,0,0,0,0
PDF_04803,0,1,21.27,3,3,0,0,7.05,0.2072,0.3363,54,6.053,0.0,35.88,62.85,1,0,0,0
PDF_04804,2,1,17.5,3,1,0,0,6.12,0.1601,0.0873,146,5.493,45.56,0.0,10.74,0,0,0,0
PDF_04805,0,2,21.97,0,3,0,0,30.27,0.1004,0.1577,114,4.277,7.99,4.48,7.51,0,1,0,0
PDF_04806,1,1,26.17,0,0,1,0,4.84,0.1211,0.3518,81,5.084,4.18,3.64,62.76,1,0,0,0
PDF_04807,1,1,0.0,1,1,1,0,0.0,0.032,0.1281,98,6.596,0.19,7.17,0.0,0,0,0,0
PDF_04808,1,1,10.76,0,1,0,0,11.13,0.088,0.1261,48,4.955,4.48,14.02,0.0,0,1,0,0
PDF_04809,0,1,8.72,2,0,0,0,0.0,0.0,0.0736,78,4.472,0.0,12.82,0.0,0,0,0,0
PDF_04810,0,1,16.33,3,0,1,0,4.63,0.1202,0.0995,104,5.265,8.16,27.03,21.53,0,0,0,0
PDF_04811,0,1,7.15,3,0,0,0,0.0,0.1863,0.3811,53,4.371,0.84,0.0,57.94,1,0,0,0
PDF_04812,0,1,0.0,0,0,1,0,0.0,0.0,0.0563,71,6.1,0.0,0.0,0.0,0,1,0,0
PDF_04813,0,1,0.0,0,1,0,1,1.39,0.0376,0.1359,78,4.72,17.03,0.0,0.0,0,1,0,0
PDF_04814,0,1,34.1,2,2,0,0,20.89,0.1214,0.1538,49,4.517,10.47,35.97,30.1,0,0,0,0
PDF_04815,0,1,26.67,1,2,1,0,0.0,0.1789,0.3965,112,5.613,8.03,0.0,29.59,1,0,0,0
PDF_04816,0,1,34.65,4,1,1,0,13.22,0.2936,0.3572,174,5.023,9.73,52.63,72.95,1,0,0,0
PDF_04817,0,1,7.87,0,0,0,0,0.0,0.0,0.1566,91,4.828,1.22,3.94,12.03,0,0,0,0
PDF_04818,1,1,0.0,0,2,1,0,0.0,0.0167,0.0225,70,4.699,0.0,0.0,0.0,0,0,0,0
PDF_04819,1,1,0.0,0,0,1,0,0.0,0.0,0.0914,60,4.839,0.0,0.0,0.0,0,0,0,0
PDF_04820,1,2,10.36,3,2,0,0,20.85,0.2827,0.409,106,5.104,2.42,40.73,64.16,1,0,0,0
PDF_04821,0,1,7.87,0,0,0,0,4.1,0.0562,0.1416,84,4.932,2.51,0.0,25.36,0,0,0,0
PDF_04822,0,1,22.05,1,0,0,0,15.69,0.0834,0.1235,101,5.322,0.0,29.13,23.78,0,1,0,0
PDF_04823,0,1,0.0,0,0,0,0,0.0,0.0456,0.0461,104,5.675,0.0,0.0,0.0,0,0,0,0
PDF_04824,1,1,0.8,5,0,0,0,5.27,0.0456,0.1652,79,5.692,0.65,1.79,6.94,0,0,0,0
PDF_04825,1,1,36.61,3,0,0,0,15.15,0.3007,0.4191,137,6.739,0.0,25.83,59.35,1,0,0,0
PDF_04826,1,1,10.16,0,3,0,0,0.0,0.0,0.0684,79,5.23,0.0,0.0,0.0,0,0,0,0
PDF_04827,2,3,46.25,1,4,1,0,13.1,0.2439,0.2487,133,5.934,31.56,42.04,23.41,0,0,0,0
PDF_04828,1,1,0.0,0,0,1,0,0.0,0.0,0.0249,38,4.505,0.0,0.0,0.0,0,0,0,0
PDF_04829,0,1,0.0,0,3,1,0,0.0,0.0128,0.0532,76,5.305,0.0,16.84,0.0,0,0,0,0
PDF_04830,2,1,0.0,0,2,0,0,0.0,0.0373,0.1271,45,5.78,3.25,0.0,1.47,0,0,0,0
PDF_04831,0,1,8.8,3,0,1,0,0.0,0.0317,0.0051,70,4.797,2.02,5.63,1.06,0,0,0,0
PDF_04832,0,3,32.39,4,4,0,0,17.96,0.2322,0.2518,121,5.381,21.35,19.9,65.19,1,0,0,0
PDF_04833,0,3,0.0,2,2,0,0,0.0,0.0,0.0812,42,4.674,0.0,0.0,0.76,0,1,0,0
PDF_04834,0,1,14.87,1,3,0,0,0.0,0.0687,0.1076,136,5.339,7.32,9.22,0.0,0,0,0,0
PDF_04835,3,1,51.12,6,2,0,0,30.53,0.1301,0.114,85,5.808,47.12,27.9,17.23,0,0,0,0
PDF_04836,0,1,24.49,2,3,0,0,0.0,0.1271,0.1298,69,5.421,14.61,6.4,21.49,0,0,0,0
PDF_04837,1,1,50.43,7,4,0,0,14.33,0.2076,0.0964,157,5.797,23.17,31.8,16.4,0,0,0,0
PDF_04838,1,1,28.85,2,0,0,0,28.11,0.2054,0.3507,176,5.08,22.6,22.12,54.35,1,0,0,0
PDF_04839,0,1,0.47,2,6,0,0,0.0,0.052,0.1224,65,5.772,0.0,10.78,0.0,0,0,0,0
PDF_04840,0,2,16.52,0,4,0,0,0.0,0.0985,0.1727,27,6.258,0.0,0.0,0.0,0,0,0,0
PDF_04841,0,2,61.0,3,5,0,0,33.2,0.2327,0.0917,122,5.341,50.87,40.74,31.45,0,1,0,0
PDF_04842,0,3,0.0,2,0,0,0,0.0,0.021,0.1008,124,4.649,0.0,0.0,7.89,0,1,0,0
PDF_04843,0,1,0.62,0,4,0,0,0.0,0.1268,0.0823,48,5.15,0.0,0.87,0.0,0,1,0,0
PDF_04844,2,1,15.32,0,0,1,0,3.36,0.0579,0.0889,84,5.113,0.78,7.98,2.06,0,0,0,0
PDF_04845,0,2,0.0,2,0,0,0,0.0,0.1652,0.2431,106,5.643,0.0,0.0,55.87,1,0,0,0
PDF_04846,0,1,17.75,0,1,1,0,0.0,0.0934,0.1397,97,4.272,0.0,4.1,0.0,0,0,0,0
PDF_04847,1,1,23.67,3,0,1,0,7.48,0.0898,0.0144,82,5.073,0.0,2.5,21.51,0,1,0,0
PDF_04848,1,2,17.57,0,0,0,0,0.0,0.0437,0.0637,52,5.769,0.0,2.48,6.66,0,0,0,0
PDF_04849,0,1,0.0,0,2,1,0,0.0,0.0958,0.0,83,4.806,0.0,0.0,2.9,0,1,0,0
PDF_04850,0,3,40.04,3,5,2,0,13.87,0.1399,0.0973,146,5.972,41.14,34.9,40.28,0,0,0,0
PDF_04851,1,1,0.0,0,0,1,0,22.2,0.0718,0.1005,120,6.01,16.21,17.71,0.0,0,1,0,0
PDF_04852,0,1,8.09,1,0,1,0,0.0,0.1724,0.3594,107,5.788,0.0,4.85,48.53,1,0,0,0
PDF_04853,0,1,0.0,0,0,0,0,0.0,0.0283,0.2658,49,4.533,0.0,0.0,47.2,1,0,0,0
PDF_04854,1,1,0.26,0,2,0,0,8.24,0.0057,0.1165,103,4.41,0.0,0.0,15.46,0,1,0,0
PDF_04855,1,2,0.0,1,0,0,0,0.0,0.1988,0.3726,86,4.966,6.84,4.25,47.33,1,1,0,0
PDF_04856,1,1,19.74,1,0,0,0,9.41,0.2352,0.3519,129,4.43,0.0,7.09,52.27,1,0,0,0
PDF_04857,0,1,18.78,0,1,1,0,27.21,0.0679,0.1265,124,6.551,42.11,44.13,18.42,0,0,0,0
PDF_04858,2,1,0.54,2,0,0,0,7.39,0.0493,0.1295,70,5.3,13.36,4.23,17.87,0,1,0,0
PDF_04859,0,1,11.12,0,2,0,0,22.7,0.0136,0.08,116,5.738,35.5,18.6,7.64,0,1,0,0
PDF_04860,0,1,0.0,0,0,0,0,6.25,0.0681,0.0717,88,5.717,13.85,13.49,9.62,0,0,0,0
PDF_04861,0,1,9.35,2,3,0,0,0.0,0.1277,0.1305,73,5.8,23.3,10.73,0.0,0,0,0,0
PDF_04862,2,2,24.05,3,0,0,0,31.94,0.1046,0.1693,92,5.597,18.71,0.0,0.38,0,1,0,0
PDF_04863,1,3,30.38,8,8,1,0,2.85,0.188,0.2145,142,6.471,41.95,71.57,17.19,0,0,0,0
PDF_04864,0,2,19.61,6,5,1,0,8.3,0.134,0.1757,56,6.628,29.43,41.71,2.23,0,0,0,0
PDF_04865,1,1,0.0,0,0,1,0,0.0,0.1779,0.2997,139,5.245,14.33,0.0,64.95,1,0,0,0
PDF_04866,0,1,0.0,0,1,0,0,0.0,0.0671,0.0947,111,5.747,0.0,0.0,17.46,0,1,0,0
PDF_04867,0,1,34.08,0,0,0,0,0.0,0.0849,0.1747,89,4.913,20.37,29.05,2.27,0,0,0,0
PDF_04868,0,2,8.14,2,3,0,1,25.15,0.095,0.0773,113,5.788,20.81,32.71,13.37,0,0,0,0
PDF_04869,1,1,24.63,4,0,0,0,17.79,0.1837,0.2746,143,6.264,0.0,7.28,49.02,1,1,0,0
PDF_04870,1,2,24.99,6,6,1,0,15.77,0.1202,0.1963,116,5.146,27.24,22.99,11.76,0,0,0,0
PDF_04871,1,1,0.0,2,0,1,0,0.0,0.0,0.0947,61,5.591,0.0,0.0,0.0,0,1,0,0
PDF_04872,1,1,21.93,0,1,0,0,11.83,0.0503,0.0803,94,5.211,20.23,0.0,0.0,0,1,0,0
PDF_04873,0,1,10.25,1,2,1,0,14.04,0.1465,0.1145,68,6.214,2.41,18.35,16.69,0,0,0,0
PDF_04874,1,2,0.0,2,0,0,0,5.16,0.1022,0.1447,93,5.321,0.0,0.0,0.0,0,0,0,0
PDF_04875,1,1,0.0,0,0,1,0,0.0,0.2367,0.2637,90,5.579,0.0,5.69,34.02,1,1,0,0
PDF_04876,0,2,0.0,0,0,1,0,0.35,0.116,0.1938,60,5.196,0.0,0.0,44.64,1,1,0,0
PDF_04877,1,1,19.49,2,1,0,0,10.79,0.1975,0.3709,124,5.734,26.74,26.62,55.02,1,1,0,0
PDF_04878,1,2,10.32,0,0,0,0,0.0,0.1137,0.3075,121,5.89,13.33,0.0,58.83,1,0,0,0
PDF_04879,2,1,0.0,0,0,1,0,0.0,0.0847,0.2009,54,5.258,0.0,0.0,51.48,1,0,0,0
PDF_04880,0,1,0.0,0,2,0,0,0.0,0.0,0.1461,55,4.246,0.0,0.0,0.0,0,0,0,0
PDF_04881,0,1,13.51,4,1,0,0,0.0,0.2624,0.311,83,5.592,0.0,24.29,65.81,1,0,0,0
PDF_04882,0,2,0.0,2,0,0,0,0.0,0.0,0.119,18,4.494,0.0,0.0,0.0,0,1,0,0
PDF_04883,1,2,39.11,1,0,0,0,10.28,0.1735,0.2237,142,6.219,49.93,52.88,49.91,1,0,0,0
PDF_04884,0,1,0.0,2,0,0,0,0.0,0.0284,0.0368,41,5.26,2.88,0.0,0.0,0,0,0,0
PDF_04885,0,1,1.76,4,0,0,0,0.0,0.0,0.1536,83,5.723,2.86,0.0,2.11,0,0,0,0
PDF_04886,1,2,30.25,1,4,0,0,23.91,0.2624,0.3918,157,5.837,5.12,21.34,68.34,1,1,0,0
PDF_04887,1,1,24.38,3,1,0,0,0.0,0.1795,0.3744,141,5.062,6.9,9.2,57.45,1,0,0,0
PDF_04888,0,1,13.27,0,0,0,0,0.0,0.0892,0.0643,63,5.119,21.4,13.45,7.5,0,0,0,0
PDF_04889,1,1,42.55,3,2,1,0,10.08,0.1924,0.1058,161,5.588,29.35,22.83,0.76,0,1,0,0
PDF_04890,1,1,15.06,0,0,0,0,2.15,0.069,0.0595,112,5.319,23.93,15.12,20.12,0,1,0,0
PDF_04891,2,2,67.56,7,4,1,0,48.6,0.2678,0.1372,168,5.937,33.74,52.52,48.47,0,1,0,0
PDF_04892,2,1,0.0,0,0,0,0,0.0,0.0942,0.3825,27,4.866,0.0,0.0,24.25,1,0,0,0
PDF_04893,0,1,28.35,1,1,1,0,8.35,0.157,0.0985,104,6.29,29.15,26.42,17.21,0,0,0,0
PDF_04894,0,1,0.0,0,1,0,0,3.54,0.1061,0.0883,51,5.522,0.0,7.71,5.99,0,1,0,0
PDF_04895,0,3,2.43,2,2,0,0,0.0,0.1005,0.0611,100,5.566,31.54,12.59,23.27,0,0,0,0
PDF_04896,0,1,0.0,0,0,1,0,1.97,0.0547,0.1747,73,5.955,0.0,23.83,3.51,0,1,0,0
PDF_04897,2,3,32.78,2,3,0,0,23.82,0.0768,0.0908,122,6.543,31.58,33.66,1.04,0,1,0,0
PDF_04898,1,1,6.58,2,0,0,0,5.22,0.0502,0.2051,111,4.831,0.0,0.0,6.33,0,1,0,0
PDF_04899,0,1,12.99,2,3,0,0,0.0,0.21,0.3131,104,3.543,0.0,0.0,33.28,1,0,0,0
PDF_04900,0,2,0.0,0,3,0,0,0.0,0.012,0.1069,38,4.926,0.0,6.32,0.0,0,0,0,0
PDF_04901,0,1,2.67,0,1,0,0,10.71,0.0607,0.0528,76,5.297,14.59,8.18,2.65,0,1,0,0
PDF_04902,1,2,2.73,2,1,0,0,0.0,0.171,0.2581,93,4.614,0.0,0.0,38.67,1,1,0,0
PDF_04903,1,1,9.02,0,4,0,0,0.0,0.0822,0.0689,66,4.143,0.0,0.0,1.62,0,0,0,0
PDF_04904,0,1,49.8,3,0,0,0,41.11,0.1618,0.1933,154,6.708,33.56,49.58,11.37,0,0,0,0
PDF_04905,0,1,1.68,1,0,0,0,0.0,0.1582,0.3064,111,5.592,2.5,5.58,68.33,1,0,0,0
PDF_04906,0,1,13.32,6,0,0,0,18.64,0.2558,0.383,99,5.731,5.08,17.82,65.89,1,0,0,0
PDF_04907,1,2,0.0,0,5,0,0,3.29,0.1903,0.3226,111,5.177,14.81,0.0,56.84,1,0,0,0
PDF_04908,0,1,15.15,0,3,0,0,6.2,0.0792,0.1799,103,4.972,0.0,25.9,16.92,0,0,0,0
PDF_04909,0,2,12.79,0,2,0,0,0.0,0.0024,0.0425,64,5.206,16.51,0.0,4.53,0,1,0,0
PDF_04910,1,1,9.47,1,0,0,0,20.09,0.0565,0.1342,9,5.599,12.61,0.0,0.0,0,0,0,0
PDF_04911,0,1,0.0,0,2,0,0,1.36,0.014,0.1218,66,4.775,0.0,0.0,5.58,0,1,0,0
PDF_04912,0,1,0.0,0,0,0,0,0.0,0.0407,0.1117,99,5.563,0.0,0.0,0.0,0,0,0,0
PDF_04913,1,1,36.4,0,4,0,0,10.97,0.1488,0.1884,122,5.813,45.0,24.96,15.54,0,0,0,0
PDF_04914,2,3,5.75,3,2,1,0,21.43,0.0624,0.0756,78,5.433,3.46,16.87,3.79,0,1,0,0
PDF_04915,2,2,39.83,5,1,0,0,5.87,0.2819,0.3533,179,5.166,47.63,57.77,67.91,1,0,0,0
PDF_04916,1,2,12.1,2,2,1,0,16.56,0.0963,0.2043,125,5.055,19.84,24.81,27.12,0,1,0,0
PDF_04917,1,2,0.0,0,1,0,0,41.55,0.2306,0.3056,136,4.942,15.62,11.1,55.4,1,0,0,0
PDF_04918,1,1,0.0,5,0,1,0,11.97,0.2091,0.3346,83,4.65,0.0,14.81,38.98,1,0,0,0
PDF_04919,1,3,0.0,1,2,0,0,20.96,0.0601,0.0633,52,5.271,0.0,0.0,0.0,0,1,0,0
PDF_04920,3,1,49.85,3,2,0,0,24.33,0.152,0.1992,127,6.422,40.5,27.06,29.55,0,1,0,0
PDF_04921,1,1,41.33,7,2,2,0,18.92,0.1296,0.2283,139,6.494,35.8,35.03,25.15,0,1,0,0
PDF_04922,1,2,0.0,0,3,1,1,0.0,0.076,0.2996,78,5.413,0.0,0.0,32.6,1,0,0,0
PDF_04923,0,2,44.71,0,3,0,0,10.2,0.092,0.1318,141,6.943,36.49,28.84,31.22,0,0,0,0
PDF_04924,1,1,22.43,2,4,1,0,0.0,0.2437,0.3714,129,5.527,34.15,19.2,57.3,1,0,0,0
PDF_04925,0,1,26.29,4,1,1,0,11.09,0.2068,0.418,120,4.548,6.64,15.49,51.49,1,0,0,0
PDF_04926,1,1,11.81,0,0,0,0,18.27,0.2171,0.3231,116,4.608,13.23,2.62,66.38,1,1,0,0
PDF_04927,0,1,0.0,0,1,1,0,0.0,0.1102,0.0383,45,4.422,0.0,14.62,9.48,0,0,0,0
PDF_04928,0,1,0.0,4,0,0,0,0.0,0.0565,0.3879,44,5.921,0.0,0.46,41.41,1,1,0,0
PDF_04929,0,2,10.14,1,0,0,0,0.0,0.0372,0.202,71,5.161,12.48,1.4,3.35,0,0,0,0
PDF_04930,2,1,0.0,0,0,0,0,0.0,0.0,0.0503,57,4.913,0.0,0.0,11.97,0,1,0,0
PDF_04931,1,1,12.95,1,0,0,0,0.0,0.1754,0.2623,128,5.754,1.96,20.77,60.8,1,0,0,0
PDF_04932,1,1,0.0,0,4,0,0,0.0,0.0744,0.2755,60,5.476,11.38,0.0,36.63,1,1,0,0
PDF_04933,0,1,2.74,1,1,1,0,1.05,0.1586,0.3134,82,5.633,0.0,0.41,45.13,1,1,0,0
PDF_04934,0,1,7.66,0,1,0,0,0.0,0.0182,0.107,64,6.094,0.0,0.0,0.0,0,1,0,0
PDF_04935,0,1,25.17,0,0,0,0,2.16,0.0568,0.0793,42,4.668,5.04,0.0,4.81,0,0,0,0
PDF_04936,0,1,0.0,2,0,1,0,0.0,0.0944,0.3345,41,5.39,0.0,0.0,56.72,1,0,0,0
PDF_04937,0,2,0.0,5,3,2,0,0.0,0.1371,0.3126,42,4.861,0.0,0.0,42.13,1,0,0,0
PDF_04938,0,2,7.67,0,1,0,0,0.0,0.0716,0.0,65,5.28,3.52,7.71,16.12,0,0,0,0
PDF_04939,0,2,5.95,2,0,0,0,0.77,0.1423,0.366,122,6.414,18.53,14.64,54.04,1,0,0,0
PDF_04940,0,2,0.0,0,1,0,0,0.0,0.0189,0.1847,77,6.75,5.89,0.0,8.11,0,0,0,0
PDF_04941,0,1,0.0,0,1,0,0,9.86,0.0299,0.1431,83,5.878,0.58,6.13,0.0,0,1,0,0
PDF_04942,1,2,28.59,4,1,1,0,0.0,0.0492,0.2046,98,5.734,0.0,10.9,25.56,0,0,0,0
PDF_04943,1,1,9.6,5,2,1,0,37.48,0.1849,0.3112,143,3.851,22.8,20.13,46.3,1,0,0,0
PDF_04944,1,2,17.24,0,3,0,0,8.25,0.0927,0.2278,112,5.106,1.17,0.0,9.41,0,0,0,0
PDF_04945,0,1,25.72,3,3,0,0,46.91,0.1036,0.2135,129,5.311,37.01,47.19,29.55,0,0,0,0
PDF_04946,1,2,42.69,7,3,1,0,13.19,0.2073,0.1812,103,6.086,19.45,14.0,22.58,0,0,0,0
PDF_04947,0,1,52.01,0,0,0,0,2.9,0.1473,0.0508,120,5.315,25.34,10.8,21.78,0,0,0,0
PDF_04948,1,2,39.01,8,7,1,0,8.85,0.2196,0.0985,140,5.952,38.84,46.5,30.44,0,0,0,0
PDF_04949,0,1,0.0,2,3,0,0,0.0,0.0635,0.081,90,5.909,9.15,24.57,16.68,0,0,0,0
PDF_04950,0,1,0.0,0,0,2,1,0.0,0.0312,0.0,30,5.515,0.0,0.0,0.0,0,0,0,0
PDF_04951,0,3,11.38,3,0,0,0,0.0,0.235,0.3146,135,5.141,24.73,0.0,48.38,1,0,0,0
PDF_04952,0,1,17.97,0,0,0,0,0.0,0.0313,0.1465,53,4.921,0.0,1.78,6.29,0,0,0,0
PDF_04953,1,1,33.39,4,2,1,0,31.45,0.1011,0.1947,121,4.693,5.31,19.9,9.27,0,0,0,0
PDF_04954,1,1,46.17,5,4,0,0,34.72,0.1928,0.1799,127,6.68,18.08,38.9,16.87,0,0,0,0
PDF_04955,1,1,5.1,1,0,1,0,0.0,0.0508,0.1275,39,5.279,13.59,1.17,4.81,0,0,0,0
PDF_04956,0,2,3.88,0,0,0,0,0.0,0.1272,0.2493,80,5.291,5.5,0.0,47.7,1,0,0,0
PDF_04957,1,1,0.0,2,0,0,0,0.0,0.0029,0.1267,16,5.139,1.03,0.0,9.04,0,1,0,0
PDF_04958,1,2,32.09,1,1,0,0,13.8,0.1832,0.4203,113,5.207,6.79,29.43,59.27,1,1,0,0
PDF_04959,2,1,37.94,4,0,1,0,17.16,0.1271,0.1888,135,6.245,40.62,32.86,25.03,0,0,0,0
PDF_04960,1,1,0.0,7,2,0,0,0.0,0.0888,0.3274,46,5.797,0.0,0.0,62.4,1,0,0,0
PDF_04961,1,1,9.9,1,0,0,0,11.11,0.1669,0.1722,80,5.9,13.43,0.0,8.48,0,1,0,0
PDF_04962,1,2,0.0,0,1,0,0,0.0,0.0457,0.24,67,4.874,0.0,0.0,23.03,1,0,0,0
PDF_04963,1,2,49.85,7,4,1,0,33.33,0.1751,0.2145,145,5.898,26.98,51.21,19.6,0,0,0,0
PDF_04964,0,1,0.0,0,0,0,0,20.17,0.0401,0.0835,107,5.843,13.35,23.76,18.03,0,0,0,0
PDF_04965,0,2,27.4,1,0,0,0,30.32,0.0205,0.0958,107,6.329,5.01,2.67,19.37,0,0,0,0
PDF_04966,1,1,7.14,3,0,0,0,4.45,0.061,0.1217,57,4.961,17.85,24.05,0.0,0,0,0,0
PDF_04967,1,1,0.0,0,0,1,0,0.0,0.0,0.0466,43,4.818,2.39,4.4,2.31,0,1,0,0
PDF_04968,0,1,32.34,3,5,1,0,26.38,0.2173,0.4124,76,5.716,12.08,21.79,56.93,1,0,0,0
PDF_04969,0,1,12.91,1,0,0,0,13.55,0.2529,0.217,134,5.535,4.58,5.2,44.05,1,0,0,0
PDF_04970,0,1,0.0,0,0,1,0,24.39,0.2065,0.2834,136,5.147,0.61,25.52,49.94,1,0,0,0
PDF_04971,0,1,23.9,4,2,0,0,5.33,0.1298,0.338,150,3.962,5.02,0.0,66.38,1,0,0,0
PDF_04972,0,1,6.94,0,0,0,0,8.6,0.1055,0.1359,80,4.14,0.91,6.43,0.0,0,0,0,0
PDF_04973,1,2,9.98,1,2,0,0,17.22,0.1959,0.3389,115,5.984,0.0,7.48,42.83,1,0,0,0
PDF_04974,0,2,11.68,0,0,0,0,0.0,0.0,0.2162,119,5.904,12.32,2.75,10.14,0,0,0,0
PDF_04975,0,2,0.0,2,2,0,0,0.0,0.1158,0.2934,99,5.319,8.74,0.0,57.35,1,0,0,0
PDF_04976,2,2,0.0,0,0,1,0,0.0,0.1208,0.3017,80,4.957,0.0,0.0,56.42,1,1,0,0
PDF_04977,0,2,0.0,1,3,0,0,23.1,0.0991,0.0283,41,4.516,1.85,0.0,0.0,0,0,0,0
PDF_04978,0,1,0.0,3,0,0,0,12.04,0.0,0.0382,5,4.964,0.0,0.0,0.0,0,1,0,0
PDF_04979,0,1,0.0,0,4,2,0,0.0,0.0913,0.3299,49,5.786,0.0,0.0,50.36,1,0,0,0
PDF_04980,1,1,7.67,2,3,0,0,11.17,0.2166,0.3515,68,5.343,22.2,26.85,50.56,1,0,0,0
PDF_04981,1,2,29.6,6,0,1,0,0.0,0.1652,0.1308,122,5.369,15.04,32.09,16.71,0,0,0,0
PDF_04982,1,2,0.0,0,0,1,0,0.0,0.0617,0.2963,83,5.081,0.0,0.0,50.07,1,0,0,0
PDF_04983,0,1,0.0,2,0,0,0,4.25,0.1828,0.2208,100,4.549,0.0,5.19,43.11,1,1,0,0
PDF_04984,1,1,3.79,0,3,0,0,10.88,0.0371,0.0,35,5.237,0.0,11.17,0.0,0,0,0,0
PDF_04985,2,1,53.91,4,0,1,0,28.56,0.2633,0.3314,153,5.94,20.9,39.64,76.22,1,0,0,0
PDF_04986,1,1,23.51,9,5,1,0,14.8,0.2486,0.3882,143,5.681,26.18,43.21,83.25,1,0,0,0
PDF_04987,0,2,31.87,0,0,0,0,3.86,0.0445,0.1159,120,4.348,19.48,10.65,0.0,0,1,0,0
PDF_04988,1,1,42.29,9,2,0,0,33.18,0.1125,0.2683,142,5.099,15.81,30.35,12.04,0,1,0,0
PDF_04989,0,2,55.24,3,3,0,0,10.83,0.1153,0.1455,122,5.535,27.5,26.89,19.92,0,1,0,0
PDF_04990,0,2,47.19,2,1,1,0,22.29,0.2048,0.1045,103,4.806,21.43,39.12,19.71,0,0,0,0
PDF_04991,1,1,11.7,3,1,1,0,0.0,0.0817,0.175,92,5.598,24.06,18.31,29.04,0,1,0,0
PDF_04992,2,1,0.0,0,0,0,0,0.0,0.0,0.1144,59,6.238,0.0,0.0,0.0,0,1,0,0
PDF_04993,1,2,0.0,2,0,0,0,0.0,0.0536,0.2067,71,6.135,0.0,0.0,48.39,1,0,0,0
PDF_04994,2,3,60.88,7,6,3,0,41.77,0.2369,0.2165,177,6.063,57.1,74.91,26.5,0,0,0,0
PDF_04995,0,1,0.0,0,0,0,0,0.0,0.0665,0.2459,45,5.074,0.0,0.0,33.04,1,0,0,0
PDF_04996,0,2,0.0,2,4,0,0,0.17,0.1489,0.3634,53,3.93,0.0,0.0,42.74,1,0,0,0
PDF_04997,0,1,0.0,1,0,0,0,4.31,0.2183,0.344,73,4.732,0.0,1.9,46.86,1,0,0,0
PDF_04998,1,1,0.0,0,0,0,0,0.0,0.1303,0.2739,80,6.166,0.0,0.0,47.65,1,0,0,0
PDF_04999,0,2,15.26,2,2,1,0,22.38,0.0762,0.0875,60,6.022,8.36,20.97,0.0,0,0,0,0
PDF_05000,1,1,0.0,0,0,0,0,5.55,0.0,0.0905,37,4.947,0.0,4.8,7.53,0,0,0,0
PDF_05001,3,3,26.5,6,3,0,0,52.61,0.2277,0.212,103,5.631,34.33,56.65,25.56,0,1,0,1
PDF_05002,1,2,48.19,8,8,1,0,55.87,0.3264,0.251,149,4.736,19.4,20.59,19.93,0,1,0,1
PDF_05003,1,2,12.72,7,6,2,0,42.47,0.1717,0.1483,82,6.261,48.65,44.04,37.28,0,1,0,1
PDF_05004,1,3,15.81,0,1,0,0,8.71,0.1597,0.1874,95,5.822,27.19,18.86,19.45,0,0,1,1
PDF_05005,0,2,54.9,7,5,1,0,26.26,0.2278,0.1809,145,6.961,29.26,54.59,33.07,0,0,0,1
PDF_05006,3,3,57.3,8,4,3,0,36.14,0.3114,0.1319,200,5.717,62.14,42.62,28.87,0,0,0,1
PDF_05007,0,1,9.42,1,1,1,0,30.7,0.1458,0.158,83,7.126,22.97,8.11,4.64,0,1,1,1
PDF_05008,2,3,39.19,7,5,1,0,10.93,0.2494,0.1483,89,6.059,42.56,42.12,27.81,0,0,0,1
PDF_05009,1,1,15.95,3,1,1,1,39.65,0.3139,0.3126,108,5.589,25.06,0.0,69.86,1,1,0,1
PDF_05010,1,2,30.11,7,3,1,1,56.37,0.2212,0.1859,106,5.579,29.23,31.71,26.32,0,1,0,1
PDF_05011,1,2,25.46,6,2,2,1,0.0,0.2144,0.198,125,5.316,40.68,17.46,6.34,0,0,0,1
PDF_05012,0,1,38.91,5,11,2,0,26.33,0.2369,0.1619,112,5.928,38.46,26.44,16.38,0,0,0,1
PDF_05013,0,3,44.0,7,1,1,0,0.0,0.3067,0.2101,118,5.435,33.31,39.62,17.83,0,0,0,1
PDF_05014,0,2,4.59,6,1,2,0,2.56,0.2253,0.1974,111,6.132,21.66,15.33,21.23,0,0,0,1
PDF_05015,0,2,0.0,2,0,0,0,0.0,0.1042,0.1422,87,6.453,0.0,6.44,0.0,0,0,0,1
PDF_05016,1,1,25.85,5,2,0,0,0.0,0.2546,0.166,71,5.497,50.31,15.61,13.8,0,0,0,1
PDF_05017,1,2,17.64,1,0,1,0,52.58,0.2481,0.133,92,5.248,27.78,23.66,22.52,0,1,1,1
PDF_05018,0,2,31.27,2,5,1,1,29.97,0.3106,0.2162,107,6.003,32.2,52.19,16.81,0,0,0,1
PDF_05019,2,2,31.71,8,5,2,0,29.58,0.2926,0.1217,193,5.644,45.17,39.87,48.22,0,0,1,1
PDF_05020,2,2,39.49,4,2,2,0,0.0,0.3767,0.4755,114,5.409,30.92,22.89,63.49,1,0,0,1
PDF_05021,3,3,45.28,11,9,2,1,51.31,0.3743,0.382,117,6.117,43.05,43.93,76.95,1,1,0,1
PDF_05022,1,2,3.1,4,1,1,1,0.0,0.1679,0.1149,30,5.714,16.57,0.0,0.0,0,0,0,1
PDF_05023,1,2,14.43,5,6,1,0,0.0,0.1932,0.2299,109,5.955,30.38,24.88,20.85,0,0,0,1
PDF_05024,2,2,19.03,4,0,0,0,41.64,0.3022,0.1304,148,6.315,29.06,30.9,43.43,0,1,1,1
PDF_05025,1,2,74.7,7,12,2,0,25.95,0.297,0.3039,116,7.484,56.64,38.73,57.54,0,0,0,1
PDF_05026,2,2,19.99,5,3,1,0,0.0,0.217,0.1798,121,5.285,47.32,11.35,35.11,0,0,0,1
PDF_05027,1,2,9.48,7,0,0,0,18.32,0.295,0.3633,139,5.433,20.77,19.97,73.01,1,0,1,1
PDF_05028,1,2,3.88,4,2,1,0,5.84,0.2051,0.2513,50,6.419,51.97,20.95,21.6,0,0,0,1
PDF_05029,0,3,8.51,5,4,1,0,1.5,0.2386,0.1994,94,5.602,30.72,15.81,25.2,0,0,0,1
PDF_05030,0,2,11.07,1,2,1,0,23.04,0.168,0.1399,106,5.049,39.21,17.68,30.74,0,1,0,1
PDF_05031,1,3,16.96,5,4,1,0,25.97,0.3625,0.2208,141,6.249,16.33,24.25,34.46,0,1,1,1
PDF_05032,1,2,48.14,8,7,2,0,37.1,0.3767,0.3897,175,6.396,53.9,64.74,89.46,1,0,0,1
PDF_05033,1,1,3.22,3,0,2,0,0.0,0.3047,0.4709,129,4.863,24.57,0.0,60.16,1,0,0,1
PDF_05034,0,1,38.93,5,2,1,0,60.18,0.2696,0.205,146,5.861,25.19,23.78,0.0,0,1,0,1
PDF_05035,0,1,40.37,5,8,2,0,9.1,0.2724,0.2495,160,7.091,43.0,57.47,33.63,0,0,0,1
PDF_05036,0,1,27.78,8,2,0,0,4.88,0.2441,0.2293,124,5.535,40.54,35.08,28.04,0,0,0,1
PDF_05037,0,4,11.45,5,2,1,0,70.32,0.2589,0.2192,113,5.937,26.06,10.99,21.88,0,1,1,1
PDF_05038,2,2,42.45,5,6,1,0,31.68,0.256,0.1997,105,5.626,74.99,36.49,26.02,0,0,0,1
PDF_05039,1,1,6.64,1,5,1,0,0.0,0.2301,0.2383,83,5.637,25.16,8.54,20.22,0,0,0,1
PDF_05040,1,3,31.08,6,1,1,0,66.95,0.2609,0.2593,132,5.479,55.06,26.14,11.58,0,1,1,1
PDF_05041,1,2,15.28,0,7,1,0,1.71,0.2619,0.2223,80,6.353,10.82,9.91,38.56,0,0,1,1
PDF_05042,0,1,3.95,2,0,0,0,20.79,0.1708,0.2202,11,6.345,22.23,9.91,19.26,0,1,1,1
PDF_05043,1,2,21.59,7,4,2,1,55.5,0.1835,0.1729,118,4.915,19.1,10.08,20.68,0,1,0,1
PDF_05044,1,2,32.99,7,6,1,0,0.0,0.2033,0.239,122,4.531,29.8,33.31,32.4,0,0,0,1
PDF_05045,0,2,0.0,2,0,0,0,0.0,0.0605,0.1662,68,5.216,4.23,0.0,0.0,0,0,1,1
PDF_05046,1,3,37.79,3,3,1,0,0.0,0.2399,0.196,96,5.656,47.49,22.88,38.49,0,0,0,1
PDF_05047,2,1,26.4,4,4,1,1,64.99,0.1894,0.1422,94,6.742,39.13,33.71,21.3,0,1,0,1
PDF_05048,2,3,45.21,5,6,2,0,18.7,0.2442,0.3263,126,6.696,44.1,37.95,6.93,0,0,0,1
PDF_05049,1,2,46.02,9,3,2,0,42.76,0.2614,0.2937,145,6.312,71.97,36.57,25.75,0,0,0,1
PDF_05050,1,3,29.82,5,4,0,0,9.49,0.2031,0.2521,127,5.785,25.29,30.31,40.24,0,0,1,1
PDF_05051,2,2,22.0,3,3,2,0,3.7,0.3691,0.4278,110,5.986,29.46,14.68,65.39,1,0,0,1
PDF_05052,1,3,71.08,9,6,1,0,24.84,0.2996,0.249,154,6.061,75.37,40.96,31.16,0,0,0,1
PDF_05053,2,3,40.84,7,5,1,0,10.3,0.262,0.1987,130,6.894,32.63,56.03,21.16,0,0,0,1
PDF_05054,2,2,66.74,10,9,2,0,47.89,0.3637,0.2887,153,5.836,54.95,76.07,49.9,0,0,0,1
PDF_05055,0,3,11.41,1,4,1,1,5.0,0.201,0.1554,64,4.903,43.32,19.51,26.9,0,0,0,1
PDF_05056,2,2,21.9,12,4,2,0,46.18,0.2066,0.2265,125,6.386,49.77,49.71,17.77,0,1,0,1
PDF_05057,1,3,26.03,7,4,0,0,58.01,0.2254,0.2266,137,5.37,29.87,33.03,44.04,0,0,1,1
PDF_05058,1,3,17.74,7,3,1,0,17.11,0.2987,0.4005,102,5.479,70.1,26.81,63.16,1,0,0,1
PDF_05059,2,2,68.1,7,7,2,0,34.63,0.346,0.4918,136,6.701,82.04,64.9,87.39,1,0,0,1
PDF_05060,0,3,36.92,11,9,1,0,50.18,0.3179,0.2756,149,6.649,67.6,40.98,18.57,0,1,0,1
PDF_05061,1,2,12.76,7,4,2,0,25.56,0.3201,0.1574,109,5.782,71.29,24.55,19.0,0,1,0,1
PDF_05062,0,1,10.97,5,2,1,0,0.0,0.1577,0.2139,104,5.648,21.01,35.59,10.25,0,0,0,1
PDF_05063,1,2,36.9,3,4,0,0,0.0,0.2213,0.2371,125,5.345,26.22,12.23,29.75,0,0,1,1
PDF_05064,1,3,20.78,2,1,0,0,22.13,0.2497,0.2056,125,5.941,30.2,33.82,29.21,0,0,1,1
PDF_05065,0,2,0.0,0,6,1,0,5.37,0.1482,0.2157,92,5.025,46.44,0.27,29.33,0,0,0,1
PDF_05066,2,2,43.39,12,7,2,0,0.0,0.4237,0.4583,135,6.552,52.04,57.29,100.0,1,0,0,1
PDF_05067,1,1,0.0,2,6,1,0,3.72,0.0757,0.053,30,5.891,0.0,0.0,0.57,0,0,0,1
PDF_05068,1,2,44.49,7,6,1,0,38.94,0.2516,0.2331,137,6.199,22.87,36.23,15.27,0,1,0,1
PDF_05069,1,2,18.53,6,5,0,0,40.16,0.4325,0.3794,130,6.624,29.91,38.3,76.76,1,1,1,1
PDF_05070,0,2,26.63,6,4,0,0,11.24,0.1712,0.21,83,5.587,30.12,16.6,44.22,0,0,0,1
PDF_05071,1,2,26.4,3,3,3,0,3.92,0.2698,0.3651,123,3.96,10.97,18.02,62.31,1,0,0,1
PDF_05072,1,2,64.05,10,8,2,0,36.66,0.4088,0.4321,127,5.657,66.51,66.74,77.1,1,0,0,1
PDF_05073,3,3,54.31,13,9,2,0,26.65,0.3802,0.299,175,6.845,52.96,47.3,45.13,0,0,1,1
PDF_05074,0,1,19.78,1,2,1,0,0.0,0.2498,0.2619,81,5.488,19.62,4.1,16.77,0,0,1,1
PDF_05075,0,1,30.79,9,3,1,0,5.57,0.2212,0.189,164,6.615,59.25,42.5,27.57,0,0,0,1
PDF_05076,0,1,26.79,9,0,1,0,25.72,0.1535,0.2008,85,6.216,14.9,11.89,24.16,0,0,0,1
PDF_05077,0,2,14.59,5,2,1,0,28.15,0.1836,0.1942,131,5.794,14.83,13.89,17.03,0,0,1,1
PDF_05078,3,3,20.16,6,7,2,0,20.63,0.3431,0.4495,169,5.598,52.54,46.96,75.62,1,0,0,1
PDF_05079,1,1,29.75,4,3,1,0,4.36,0.2854,0.2387,118,7.158,57.96,9.49,16.39,0,0,0,1
PDF_05080,2,2,29.44,5,6,2,0,0.55,0.3589,0.2187,120,7.3,43.04,44.42,38.13,0,0,0,1
PDF_05081,1,1,12.04,5,2,0,0,14.25,0.1916,0.173,107,5.576,31.5,7.07,17.35,0,0,1,1
PDF_05082,2,2,13.56,1,0,0,0,0.0,0.1177,0.2038,86,6.385,8.89,3.09,6.38,0,0,1,1
PDF_05083,1,1,40.7,9,7,2,0,64.13,0.2978,0.2329,143,6.33,33.64,57.41,30.68,0,1,0,1
PDF_05084,3,3,28.42,6,4,0,1,5.96,0.2993,0.2305,117,6.278,36.53,45.81,26.7,0,0,0,1
PDF_05085,1,2,17.1,3,3,1,1,11.39,0.2271,0.1709,149,6.52,18.7,9.86,28.93,0,0,0,1
PDF_05086,2,1,2.56,3,4,0,0,17.85,0.2036,0.0972,32,5.228,22.53,13.31,22.45,0,1,0,1
PDF_05087,1,3,47.06,9,6,2,0,30.98,0.3465,0.2525,121,5.215,69.13,31.83,25.98,0,0,0,1
PDF_05088,1,2,55.19,7,6,2,0,37.32,0.3161,0.2143,151,6.339,78.48,43.59,31.55,0,0,0,1
PDF_05089,0,3,29.77,6,5,2,0,0.0,0.2189,0.1255,141,6.942,40.87,41.95,15.38,0,0,0,1
PDF_05090,3,1,87.49,12,7,1,0,30.28,0.4565,0.5389,198,6.164,66.41,73.39,92.14,1,0,0,1
PDF_05091,1,3,37.05,7,6,2,0,48.29,0.2127,0.1469,126,5.521,30.39,36.49,11.05,0,1,0,1
PDF_05092,3,3,21.92,7,1,2,0,0.0,0.3279,0.4704,154,7.139,40.04,26.42,62.89,1,0,0,1
PDF_05093,1,2,7.6,3,3,0,0,0.0,0.1184,0.11,70,4.424,24.47,10.41,19.51,0,0,1,1
PDF_05094,1,3,19.8,3,5,0,0,13.24,0.4439,0.4308,105,5.613,16.8,33.74,53.57,1,0,1,1
PDF_05095,1,3,24.32,3,3,0,0,66.4,0.2609,0.2415,115,5.565,29.56,35.38,36.64,0,1,1,1
PDF_05096,1,2,43.68,9,5,2,0,18.11,0.2656,0.2182,83,6.256,61.05,27.83,25.19,0,0,0,1
PDF_05097,1,2,28.58,8,4,1,0,3.96,0.2316,0.279,130,5.166,52.99,31.38,19.07,0,0,0,1
PDF_05098,2,2,40.58,9,7,2,0,54.3,0.2407,0.2426,146,6.387,65.64,28.98,38.15,0,1,0,1
PDF_05099,0,2,2.12,1,1,0,0,13.59,0.1451,0.2164,73,5.527,22.0,14.03,19.96,0,1,1,1
PDF_05100,1,3,14.72,3,1,1,1,0.0,0.257,0.4363,99,6.039,26.98,0.0,60.76,1,0,0,1
PDF_05101,1,2,42.16,6,7,2,0,56.06,0.3041,0.2264,139,5.263,47.51,14.75,16.43,0,1,0,1
PDF_05102,1,1,32.79,7,5,2,0,73.44,0.3678,0.409,197,5.286,44.47,53.59,68.97,1,1,0,1
PDF_05103,2,2,33.62,6,0,1,1,2.79,0.308,0.4057,92,7.156,49.03,27.58,68.79,1,0,1,1
PDF_05104,0,1,33.5,9,4,0,0,68.74,0.2884,0.2865,144,6.413,36.4,17.5,18.29,0,1,1,1
PDF_05105,2,3,31.22,7,7,1,0,0.57,0.1472,0.2219,147,6.646,21.06,35.6,33.85,0,0,0,1
PDF_05106,2,2,57.31,7,7,1,0,29.94,0.3968,0.4588,135,5.98,44.22,35.09,87.26,1,0,0,1
PDF_05107,2,3,32.43,1,4,1,0,51.12,0.2152,0.194,75,6.718,6.69,36.03,19.6,0,1,0,1
PDF_05108,1,2,2.01,5,6,2,0,0.0,0.1519,0.152,80,5.248,25.38,0.41,0.0,0,0,0,1
PDF_05109,1,2,33.95,6,2,1,1,41.61,0.3211,0.2235,154,6.356,31.24,37.38,27.04,0,0,1,1
PDF_05110,3,4,50.71,10,8,0,0,62.37,0.3106,0.3538,164,5.941,53.67,56.5,51.54,0,0,1,1
PDF_05111,3,1,39.68,9,6,2,0,33.11,0.3391,0.2478,108,6.51,47.64,37.89,40.24,0,0,1,1
PDF_05112,1,3,66.94,10,2,3,0,21.3,0.2746,0.2021,127,6.939,64.69,55.72,33.42,0,0,0,1
PDF_05113,3,2,53.74,10,5,2,0,43.81,0.2551,0.2443,144,4.989,47.33,69.28,42.63,0,0,0,1
PDF_05114,0,2,19.06,4,2,0,0,0.0,0.2516,0.2422,99,5.817,28.29,0.0,3.4,0,0,1,1
PDF_05115,0,1,0.0,3,1,0,0,0.0,0.0901,0.187,31,5.275,0.0,6.5,9.49,0,0,0,1
PDF_05116,2,2,44.47,5,6,0,0,40.62,0.1956,0.2206,96,5.519,64.77,8.98,3.25,0,1,0,1
PDF_05117,0,2,1.93,1,3,0,0,0.0,0.162,0.1386,37,4.997,15.88,12.54,30.36,0,0,1,1
PDF_05118,2,2,38.89,6,8,2,0,35.53,0.3858,0.503,108,6.308,36.88,15.11,81.71,1,1,0,1
PDF_05119,1,1,14.48,8,6,0,0,57.03,0.2456,0.3313,98,6.062,58.41,38.57,21.22,0,1,0,1
PDF_05120,2,3,36.49,7,6,1,0,30.69,0.3254,0.4094,135,6.522,44.77,30.06,73.84,1,0,0,1
PDF_05121,2,3,43.69,8,7,1,0,0.0,0.2456,0.294,83,6.991,38.23,36.76,29.61,0,0,0,1
PDF_05122,0,2,6.56,0,3,0,0,6.17,0.0956,0.1539,74,6.447,16.01,1.81,29.79,0,0,1,1
PDF_05123,1,3,21.17,3,4,2,0,0.0,0.2004,0.2017,102,6.249,35.8,7.97,39.04,0,0,0,1
PDF_05124,0,3,10.15,3,0,1,0,27.86,0.2049,0.1402,79,5.547,41.4,27.08,27.61,0,0,0,1
PDF_05125,1,1,7.42,4,2,0,0,0.0,0.1668,0.0983,61,6.778,7.41,15.86,31.1,0,0,1,1
PDF_05126,1,2,34.42,3,5,1,0,53.3,0.311,0.3161,122,6.672,34.82,41.9,42.68,0,1,1,1
PDF_05127,0,2,8.67,1,0,2,0,7.32,0.227,0.242,137,5.805,21.47,18.43,4.39,0,0,1,1
PDF_05128,0,1,1.8,2,4,3,0,37.22,0.1996,0.1247,86,4.634,25.79,41.39,18.97,0,1,0,1
PDF_05129,2,3,13.65,9,4,1,1,25.21,0.2981,0.3477,102,5.179,41.56,30.94,69.39,1,1,0,1
PDF_05130,0,2,44.46,7,4,2,0,33.07,0.3395,0.2295,114,5.577,48.41,44.04,11.69,0,0,0,1
PDF_05131,0,1,10.43,7,4,0,0,0.0,0.1214,0.1138,109,5.183,11.27,22.86,23.61,0,0,0,1
PDF_05132,1,1,13.7,4,5,2,0,0.0,0.2576,0.2358,105,4.867,4.58,20.31,8.92,0,0,1,1
PDF_05133,2,1,27.85,6,4,1,0,45.2,0.2527,0.1955,109,5.264,62.92,41.17,19.66,0,1,0,1
PDF_05134,0,1,0.0,4,2,0,0,0.3,0.2458,0.1493,104,5.055,3.59,4.77,14.43,0,0,0,1
PDF_05135,2,3,55.02,6,6,1,0,19.33,0.3548,0.5017,149,6.111,84.87,28.56,74.61,1,0,0,1
PDF_05136,1,3,44.21,4,7,1,0,2.49,0.216,0.2076,107,6.181,23.49,16.57,0.78,0,0,0,1
PDF_05137,2,4,34.72,6,5,1,1,22.31,0.3327,0.2806,150,7.022,64.73,58.47,30.2,0,0,0,1
PDF_05138,2,1,65.18,6,4,2,0,35.36,0.3921,0.4456,187,7.04,66.74,69.44,75.77,1,0,0,1
PDF_05139,1,3,28.08,9,8,3,0,49.89,0.2783,0.2343,139,5.874,37.12,62.63,31.32,0,0,0,1
PDF_05140,2,3,36.74,4,10,1,0,73.27,0.2639,0.1452,131,6.072,44.27,41.55,32.38,0,1,1,1
PDF_05141,1,2,36.72,6,6,2,0,29.93,0.2784,0.1701,128,5.482,69.94,38.79,41.61,0,0,0,1
PDF_05142,2,1,51.61,5,5,1,0,76.64,0.2103,0.1827,184,5.759,48.39,37.74,32.52,0,1,0,1
PDF_05143,1,1,18.17,6,4,1,0,17.99,0.203,0.209,118,5.844,41.96,36.31,4.47,0,0,1,1
PDF_05144,1,4,23.66,7,0,1,0,0.82,0.3133,0.4136,94,5.264,55.89,29.22,77.6,1,0,0,1
PDF_05145,0,2,7.57,4,2,0,0,28.77,0.1403,0.1751,68,5.236,0.0,10.27,17.85,0,1,1,1
PDF_05146,2,2,0.22,3,1,1,0,0.0,0.1294,0.1777,49,5.618,13.05,13.76,36.23,0,0,1,1
PDF_05147,1,2,0.0,3,1,0,0,21.12,0.1613,0.1927,74,5.499,41.35,0.0,11.77,0,0,0,1
PDF_05148,1,3,0.0,1,0,0,0,40.38,0.0924,0.2933,71,6.093,23.68,1.37,29.32,0,1,1,1
PDF_05149,0,2,42.0,5,8,1,0,0.0,0.2818,0.1726,97,5.612,48.76,17.56,35.64,0,0,0,1
PDF_05150,0,2,1.92,5,3,1,0,44.8,0.1789,0.0774,87,5.994,28.36,7.11,5.95,0,1,0,1
PDF_05151,1,3,48.17,11,3,2,0,40.92,0.3124,0.2414,125,6.569,49.28,58.36,29.23,0,0,0,1
PDF_05152,1,1,17.58,0,0,2,0,0.0,0.2247,0.1798,105,6.21,14.55,16.6,21.43,0,0,0,1
PDF_05153,2,2,28.22,5,4,1,0,15.73,0.1839,0.2869,130,4.104,42.43,23.05,28.99,0,0,0,1
PDF_05154,0,1,33.28,7,4,2,0,55.8,0.2036,0.1941,60,5.806,44.84,20.64,19.99,0,1,0,1
PDF_05155,2,2,17.83,3,3,2,0,54.36,0.2086,0.2244,162,6.357,33.95,26.91,6.76,0,1,1,1
PDF_05156,2,3,35.11,8,5,2,0,65.28,0.286,0.2166,137,5.603,38.77,25.47,33.53,0,1,0,1
PDF_05157,2,3,61.13,7,8,1,0,30.99,0.277,0.2553,167,5.591,63.29,39.18,4.97,0,0,0,1
PDF_05158,1,1,7.13,3,0,0,1,51.68,0.2248,0.3444,109,4.914,0.0,0.0,55.04,1,1,1,1
PDF_05159,3,2,35.89,9,5,1,0,40.3,0.3188,0.2667,121,6.519,48.28,42.79,39.95,0,0,1,1
PDF_05160,2,2,59.45,13,10,2,0,35.25,0.2702,0.2687,151,5.947,65.41,59.97,35.94,0,0,0,1
PDF_05161,2,2,23.41,0,6,2,0,21.95,0.1575,0.2285,51,5.857,29.1,11.69,20.08,0,0,0,1
PDF_05162,0,3,40.46,6,4,1,0,25.64,0.263,0.1974,105,5.394,65.11,41.8,30.88,0,0,0,1
PDF_05163,1,2,14.86,4,4,1,0,6.12,0.3209,0.4075,143,6.021,32.67,33.7,61.81,1,0,0,1
PDF_05164,2,3,21.95,5,6,0,1,37.35,0.2281,0.2521,184,7.147,38.72,12.56,28.71,0,0,1,1
PDF_05165,1,3,54.6,6,6,2,1,74.66,0.3755,0.4202,177,5.374,59.07,50.65,88.77,1,1,0,1
PDF_05166,2,2,47.23,8,5,1,0,64.43,0.3048,0.3555,165,6.033,47.44,33.81,76.71,1,1,0,1
PDF_05167,1,2,16.86,4,6,2,1,31.13,0.231,0.1979,104,6.22,16.59,27.64,18.2,0,1,0,1
PDF_05168,2,2,27.11,5,2,1,1,16.31,0.2727,0.2075,99,4.849,31.54,19.48,26.9,0,0,1,1
PDF_05169,0,2,5.08,2,0,1,0,0.08,0.2736,0.3307,110,4.775,20.3,12.8,58.86,1,0,1,1
PDF_05170,0,2,38.05,5,7,1,0,14.98,0.2636,0.2218,110,4.925,32.32,40.38,5.6,0,0,0,1
PDF_05171,2,3,2.92,3,5,0,1,0.0,0.14,0.1552,53,5.511,18.94,0.0,22.09,0,0,0,1
PDF_05172,0,1,10.52,6,5,1,0,14.82,0.2419,0.1673,82,5.508,30.59,6.11,14.41,0,0,0,1
PDF_05173,0,2,14.12,6,3,0,0,29.63,0.1239,0.1671,97,5.915,18.65,0.0,14.15,0,1,0,1
PDF_05174,0,2,5.02,1,2,0,0,6.95,0.2413,0.1333,92,6.239,29.88,6.96,22.52,0,0,1,1
PDF_05175,1,2,41.43,8,7,1,0,2.95,0.315,0.2129,116,6.817,57.28,19.86,15.03,0,0,0,1
PDF_05176,1,2,1.05,2,1,0,0,9.81,0.2701,0.2019,63,6.548,15.45,15.61,28.26,0,0,1,1
PDF_05177,1,2,16.32,7,6,2,1,8.86,0.2402,0.1742,80,6.837,36.13,21.21,40.67,0,0,0,1
PDF_05178,1,1,34.03,4,2,2,0,17.35,0.2259,0.2538,99,5.947,42.58,12.65,32.83,0,0,0,1
PDF_05179,1,2,71.26,14,7,2,0,56.16,0.2955,0.2515,167,6.657,79.87,69.7,24.12,0,0,0,1
PDF_05180,0,3,24.33,3,5,0,1,27.29,0.3116,0.2032,164,6.069,32.95,30.91,42.99,0,0,1,1
PDF_05181,2,2,27.92,4,4,2,1,16.62,0.234,0.2108,108,4.85,50.03,49.84,19.64,0,0,0,1
PDF_05182,1,2,39.83,12,9,2,0,25.61,0.2402,0.2195,110,5.933,55.3,30.74,27.17,0,0,0,1
PDF_05183,1,2,27.48,6,3,2,0,33.88,0.2388,0.23,158,6.109,46.85,14.99,39.57,0,0,1,1
PDF_05184,0,3,2.27,1,1,0,0,0.0,0.1639,0.0945,70,5.521,10.37,3.34,19.34,0,0,1,1
PDF_05185,2,2,19.88,7,6,0,1,28.38,0.2103,0.2417,140,6.84,45.32,18.65,32.57,0,0,1,1
PDF_05186,2,2,27.31,8,2,0,0,37.52,0.3618,0.1997,120,5.772,23.76,35.3,34.27,0,0,1,1
PDF_05187,0,2,39.32,6,5,2,0,19.33,0.2903,0.2482,131,4.983,69.64,35.73,25.64,0,0,0,1
PDF_05188,2,1,45.76,8,6,2,0,57.47,0.2147,0.2444,134,6.065,20.98,42.11,16.41,0,1,0,1
PDF_05189,1,2,30.67,7,1,1,1,0.0,0.3412,0.1439,152,5.942,43.64,21.71,15.48,0,0,1,1
PDF_05190,1,1,36.9,5,2,1,0,16.49,0.1292,0.1687,149,6.045,33.39,18.17,26.36,0,0,0,1
PDF_05191,1,2,25.79,9,5,3,0,71.04,0.2242,0.1776,115,5.659,57.2,23.96,2.22,0,1,0,1
PDF_05192,2,2,9.48,5,5,2,0,23.06,0.213,0.1552,80,5.758,12.35,10.66,8.92,0,1,0,1
PDF_05193,0,1,6.79,3,5,2,0,0.0,0.1953,0.1646,107,5.625,43.96,18.62,18.68,0,0,0,1
PDF_05194,3,2,74.95,7,6,1,0,61.32,0.2815,0.2392,91,5.524,58.38,67.99,30.82,0,1,0,1
PDF_05195,2,1,9.43,5,6,1,0,21.27,0.1829,0.1823,118,5.928,30.97,27.87,8.6,0,0,1,1
PDF_05196,2,1,22.79,5,3,2,0,53.62,0.1789,0.2948,127,6.212,36.88,15.99,23.69,0,1,0,1
PDF_05197,1,3,0.65,5,4,1,1,26.28,0.2641,0.1709,63,6.891,17.06,5.9,11.99,0,1,0,1
PDF_05198,0,1,15.13,5,4,0,0,3.71,0.3079,0.5044,104,6.067,36.71,5.88,72.81,1,0,0,1
PDF_05199,0,2,30.98,7,5,1,0,0.48,0.1899,0.2903,59,5.397,25.67,11.32,24.81,0,0,0,1
PDF_05200,2,3,64.64,8,8,0,0,38.69,0.3423,0.259,157,6.251,68.31,60.43,42.3,0,0,0,1
PDF_05201,0,1,0.0,3,1,0,0,36.22,0.2474,0.134,87,5.565,42.7,15.57,0.86,0,1,0,1
PDF_05202,1,1,6.27,3,3,1,0,0.0,0.2001,0.1209,69,5.519,20.01,8.57,13.17,0,0,0,1
PDF_05203,0,2,13.13,0,0,0,0,21.77,0.1497,0.1851,100,5.873,33.96,4.59,37.7,0,0,1,1
PDF_05204,2,3,24.94,3,4,0,0,0.0,0.228,0.1223,83,4.957,62.4,23.75,16.38,0,0,0,1
PDF_05205,0,2,39.58,8,5,0,0,25.31,0.2281,0.2157,94,6.636,40.92,28.1,27.11,0,0,0,1
PDF_05206,1,2,24.77,4,4,1,0,37.36,0.2071,0.1137,60,7.013,33.8,0.0,22.79,0,1,0,1
PDF_05207,1,3,20.6,1,2,0,0,17.3,0.253,0.3476,108,5.756,17.9,19.3,50.55,1,0,1,1
PDF_05208,1,1,0.26,0,0,0,1,13.87,0.1329,0.1012,82,5.383,17.9,0.0,13.92,0,0,1,1
PDF_05209,1,2,33.57,8,5,1,0,52.9,0.2477,0.1811,103,5.23,39.64,20.66,17.07,0,1,0,1
PDF_05210,2,1,9.86,6,4,0,0,21.27,0.3458,0.4073,161,5.717,11.32,17.86,59.3,1,0,1,1
PDF_05211,0,3,7.21,3,0,1,0,0.35,0.2152,0.2014,62,5.782,16.8,0.0,3.84,0,0,0,1
PDF_05212,0,2,21.08,7,6,0,0,0.0,0.2524,0.3909,118,6.159,12.65,23.8,59.78,1,0,1,1
PDF_05213,2,2,21.82,7,5,0,0,10.04,0.2205,0.2301,95,6.734,17.4,7.76,36.5,0,0,0,1
PDF_05214,2,3,43.45,5,8,2,0,27.56,0.363,0.3368,119,5.768,52.32,37.66,76.79,1,0,0,1
PDF_05215,0,2,0.1,3,0,2,0,17.32,0.2274,0.318,108,6.441,20.78,25.11,69.14,1,0,1,1
PDF_05216,1,3,16.82,6,0,0,0,6.64,0.2037,0.2113,107,6.695,30.24,28.68,18.07,0,0,1,1
PDF_05217,0,3,17.7,6,5,1,0,41.35,0.2685,0.2279,110,4.98,43.69,28.01,25.88,0,1,1,1
PDF_05218,1,2,24.86,2,5,2,0,56.93,0.2557,0.2091,122,5.713,18.8,19.71,36.72,0,1,1,1
PDF_05219,1,3,18.93,4,3,1,0,30.13,0.151,0.2264,76,6.663,39.69,14.1,28.61,0,1,0,1
PDF_05220,1,1,54.39,11,9,2,0,52.66,0.2809,0.2989,103,7.014,64.25,39.15,50.71,0,1,0,1
PDF_05221,1,2,46.12,9,3,2,0,38.11,0.2905,0.2498,145,6.773,46.93,32.9,31.6,0,1,0,1
PDF_05222,1,3,70.32,9,8,2,0,31.64,0.3463,0.2157,99,5.994,60.59,43.11,46.19,0,0,0,1
PDF_05223,1,2,36.98,9,6,2,1,47.3,0.2884,0.2361,160,6.131,35.97,32.38,36.86,0,1,1,1
PDF_05224,0,3,15.66,7,6,0,0,33.03,0.206,0.1879,80,5.554,33.74,19.17,24.17,0,0,0,1
PDF_05225,2,1,38.82,9,3,2,0,39.27,0.2828,0.2632,81,5.969,61.27,51.94,34.56,0,1,0,1
PDF_05226,1,2,66.84,8,6,2,0,25.33,0.2705,0.2306,131,6.596,63.45,40.8,37.56,0,0,0,1
PDF_05227,1,3,39.49,4,7,2,1,12.91,0.2271,0.2654,86,6.164,54.95,38.56,23.39,0,0,0,1
PDF_05228,1,2,38.23,10,4,2,0,11.9,0.2833,0.2068,132,6.357,48.06,41.67,15.71,0,0,0,1
PDF_05229,0,2,22.62,6,4,1,0,11.36,0.3029,0.3379,91,5.926,40.05,10.71,81.39,1,0,0,1
PDF_05230,1,2,22.48,5,4,2,0,17.66,0.2997,0.3678,166,6.264,42.0,13.34,52.42,1,0,0,1
PDF_05231,1,2,41.17,8,6,1,0,81.73,0.1854,0.2507,101,6.173,35.5,22.55,42.3,0,1,0,1
PDF_05232,0,2,0.0,4,3,1,0,21.04,0.1821,0.166,97,5.099,1.83,2.2,20.0,0,0,0,1
PDF_05233,2,3,13.99,5,0,0,0,12.44,0.1647,0.0997,59,5.994,17.58,4.32,9.33,0,0,1,1
PDF_05234,1,3,33.09,10,4,1,0,20.83,0.2478,0.204,150,5.238,29.84,36.42,35.32,0,0,0,1
PDF_05235,1,3,32.71,7,6,1,1,40.74,0.2047,0.2204,106,6.479,39.69,26.32,27.48,0,1,0,1
PDF_05236,1,2,25.39,3,5,1,0,16.33,0.3205,0.4194,155,4.847,41.04,40.67,81.17,1,0,0,1
PDF_05237,2,2,29.06,7,7,1,0,8.57,0.2994,0.2427,178,6.705,38.96,17.61,21.16,0,0,1,1
PDF_05238,1,3,17.77,6,5,1,0,8.16,0.2757,0.4159,106,5.932,47.93,37.4,68.53,1,0,0,1
PDF_05239,1,2,14.18,2,7,1,0,43.17,0.1093,0.1291,116,6.77,36.53,15.17,19.32,0,1,1,1
PDF_05240,0,2,18.14,2,4,0,1,0.0,0.2988,0.3803,149,5.716,34.36,18.15,59.54,1,0,1,1
PDF_05241,1,2,31.87,6,2,0,0,29.68,0.1657,0.2014,122,5.253,46.53,35.69,7.65,0,1,0,1
PDF_05242,0,3,0.0,4,6,1,1,0.0,0.0513,0.1435,60,5.202,31.14,5.23,27.13,0,0,0,1
PDF_05243,2,2,31.85,7,6,1,0,34.28,0.2831,0.2802,168,6.49,27.09,33.11,27.86,0,0,1,1
PDF_05244,1,3,19.93,3,2,0,0,33.07,0.2848,0.4609,144,5.164,28.52,25.57,63.38,1,0,1,1
PDF_05245,2,1,50.65,7,3,1,0,29.36,0.3085,0.2423,156,7.072,47.31,38.82,20.01,0,0,0,1
PDF_05246,1,2,57.15,8,3,1,0,13.82,0.2778,0.2177,139,5.373,28.22,33.69,44.23,0,0,0,1
PDF_05247,0,2,17.45,3,4,1,0,55.31,0.1431,0.2295,152,6.046,27.96,26.7,40.47,0,1,1,1
PDF_05248,2,2,44.43,8,6,1,0,27.63,0.3521,0.224,161,6.868,71.29,36.71,37.64,0,0,0,1
PDF_05249,3,2,41.84,11,3,1,0,17.16,0.3441,0.342,127,6.549,46.44,42.31,48.76,0,0,1,1
PDF_05250,1,2,45.16,4,3,2,0,16.68,0.2802,0.1281,128,5.83,49.57,32.83,17.05,0,0,0,1
PDF_05251,0,1,26.59,2,2,2,0,8.64,0.175,0.2129,120,5.937,15.51,34.27,47.07,0,0,0,1
PDF_05252,1,1,1.69,4,1,1,0,33.99,0.3042,0.5288,64,6.058,42.33,15.92,62.25,1,1,0,1
PDF_05253,1,2,22.57,7,2,1,0,11.75,0.2157,0.2626,96,6.093,40.49,2.18,25.63,0,0,0,1
PDF_05254,1,3,31.08,3,5,3,1,54.56,0.2409,0.2388,113,4.99,43.77,43.93,18.97,0,0,0,1
PDF_05255,0,2,28.5,3,3,2,0,12.2,0.2771,0.1807,121,6.042,14.24,30.9,16.7,0,0,0,1
PDF_05256,1,2,37.41,6,5,1,0,18.64,0.2363,0.2412,169,6.005,29.95,32.21,39.07,0,0,1,1
PDF_05257,2,1,27.87,2,2,0,0,16.14,0.2066,0.105,72,5.973,18.59,20.1,5.82,0,1,0,1
PDF_05258,1,2,17.34,4,2,1,0,64.09,0.213,0.2263,87,4.8,21.96,13.77,19.47,0,1,1,1
PDF_05259,1,1,70.64,11,9,1,0,77.07,0.329,0.2637,103,6.226,77.99,64.91,36.4,0,1,0,1
PDF_05260,2,4,61.45,8,7,2,0,67.63,0.3013,0.1932,144,6.669,47.94,67.99,54.26,0,1,0,1
PDF_05261,2,3,51.51,8,6,1,0,35.01,0.3302,0.2551,129,5.742,74.86,59.79,43.72,0,0,0,1
PDF_05262,1,2,32.25,6,4,1,0,44.09,0.2388,0.1145,80,4.399,38.59,15.15,25.74,0,1,0,1
PDF_05263,1,2,38.56,5,5,0,1,14.76,0.2218,0.189,106,5.999,51.96,50.39,15.72,0,0,0,1
PDF_05264,3,2,62.8,8,9,2,0,44.27,0.2938,0.2826,195,6.403,64.93,68.15,37.17,0,0,0,1
PDF_05265,1,1,3.75,3,4,0,0,0.0,0.2115,0.1568,105,5.045,54.79,0.0,16.84,0,0,0,1
PDF_05266,1,2,18.21,7,2,1,0,0.0,0.2697,0.2446,129,6.224,54.06,7.7,22.44,0,0,0,1
PDF_05267,2,3,46.91,11,3,1,0,21.88,0.3389,0.2427,130,5.41,47.92,53.87,33.81,0,0,0,1
PDF_05268,1,2,35.77,6,5,1,1,44.22,0.2649,0.1693,160,5.515,81.08,14.22,33.03,0,1,0,1
PDF_05269,1,1,16.42,0,0,0,0,0.0,0.1407,0.2238,103,5.277,18.91,6.66,14.61,0,0,1,1
PDF_05270,1,1,8.23,1,1,0,0,2.38,0.1597,0.163,111,6.072,22.23,5.08,19.23,0,0,1,1
PDF_05271,1,3,15.24,4,3,0,0,21.97,0.2542,0.1211,111,5.112,21.3,18.95,27.93,0,0,1,1
PDF_05272,1,2,57.9,5,5,2,0,0.96,0.2425,0.2313,127,5.565,40.35,19.25,22.13,0,0,0,1
PDF_05273,1,2,9.33,4,4,2,0,23.36,0.254,0.2938,113,5.916,29.22,48.11,16.35,0,0,0,1
PDF_05274,0,3,21.72,5,6,1,0,5.96,0.2231,0.2562,114,6.268,27.06,31.93,35.41,0,0,1,1
PDF_05275,2,1,45.7,7,5,2,0,22.17,0.2568,0.2729,102,6.847,59.43,20.74,12.25,0,0,0,1
PDF_05276,2,4,45.49,7,6,2,0,14.21,0.2912,0.266,166,6.584,56.05,51.54,19.21,0,0,0,1
PDF_05277,0,2,51.17,7,7,1,0,71.01,0.3321,0.2526,203,6.604,56.12,53.44,28.91,0,1,0,1
PDF_05278,0,2,6.25,0,1,0,0,0.0,0.1999,0.2253,55,6.201,8.65,18.0,5.11,0,0,1,1
PDF_05279,1,3,44.78,7,9,2,0,53.14,0.2717,0.1791,91,7.226,76.73,49.27,39.32,0,0,0,1
PDF_05280,2,3,29.91,7,5,0,0,29.5,0.268,0.2303,67,5.586,32.05,38.93,52.09,0,0,1,1
PDF_05281,0,2,32.99,5,7,0,0,8.57,0.2691,0.2444,88,5.993,45.09,19.17,17.04,0,0,0,1
PDF_05282,1,1,16.09,2,2,0,0,0.0,0.2848,0.4093,138,5.206,32.14,7.4,59.33,1,0,0,1
PDF_05283,0,1,26.62,8,4,1,0,46.63,0.3002,0.1978,108,6.586,47.19,24.13,4.57,0,1,0,1
PDF_05284,1,3,38.56,7,4,1,0,62.89,0.3393,0.4067,160,5.949,54.8,33.07,68.58,1,1,0,1
PDF_05285,1,2,0.0,2,2,1,0,0.0,0.1301,0.1316,117,6.246,24.72,0.0,1.14,0,0,1,1
PDF_05286,2,3,76.36,7,11,3,0,85.2,0.2967,0.3408,168,6.883,62.34,61.36,31.51,0,1,0,1
PDF_05287,0,2,3.52,1,1,1,0,0.0,0.1849,0.2227,114,4.759,10.65,2.71,10.75,0,0,1,1
PDF_05288,1,4,40.89,9,6,2,0,5.69,0.3914,0.2792,176,6.584,88.63,68.37,23.27,0,0,0,1
PDF_05289,1,2,13.04,3,3,0,0,58.33,0.3661,0.4435,104,6.204,23.07,21.84,63.35,1,1,1,1
PDF_05290,1,2,10.99,6,2,0,0,13.38,0.1869,0.2606,62,4.992,20.0,25.71,23.19,0,0,1,1
PDF_05291,1,3,25.78,4,4,2,0,13.19,0.2889,0.1169,114,5.879,52.25,42.08,20.52,0,0,0,1
PDF_05292,1,3,39.97,9,5,2,0,60.83,0.3198,0.4209,102,5.597,71.91,27.33,83.21,1,1,0,1
PDF_05293,1,2,28.54,6,4,0,0,0.0,0.2111,0.236,113,6.131,61.42,44.75,24.36,0,0,0,1
PDF_05294,2,2,61.22,6,8,0,0,70.48,0.286,0.2306,140,5.153,48.98,45.23,36.95,0,1,0,1
PDF_05295,0,3,13.79,4,4,0,0,8.32,0.1381,0.2102,154,5.149,19.99,6.32,35.29,0,0,1,1
PDF_05296,2,1,10.55,7,5,1,1,0.0,0.249,0.1995,78,5.688,34.03,7.06,16.36,0,0,1,1
PDF_05297,2,1,5.49,4,3,0,0,0.0,0.1801,0.2168,112,5.992,25.06,16.5,14.27,0,0,0,1
PDF_05298,2,2,36.51,7,4,1,0,8.47,0.2431,0.1923,103,6.316,22.48,35.63,35.03,0,0,0,1
PDF_05299,1,3,61.88,11,10,2,0,81.03,0.2929,0.2408,146,5.479,71.2,43.88,49.09,0,1,0,1
PDF_05300,2,2,22.43,7,4,0,0,20.86,0.37,0.5238,119,5.296,24.33,29.88,77.62,1,0,1,1
PDF_05301,0,1,0.33,6,6,1,0,20.95,0.1176,0.2652,43,5.56,1.85,0.0,13.01,0,1,0,1
PDF_05302,1,1,22.08,8,7,2,1,22.97,0.211,0.2087,81,6.119,46.61,0.56,10.9,0,0,0,1
PDF_05303,1,1,50.44,4,3,1,0,3.52,0.3597,0.3553,119,5.47,29.83,32.77,65.74,1,0,0,1
PDF_05304,0,1,16.01,5,3,3,0,13.41,0.2101,0.1249,146,5.543,42.4,31.01,13.27,0,0,0,1
PDF_05305,0,1,24.94,7,3,2,0,4.8,0.1779,0.2477,140,5.601,44.08,6.87,39.2,0,0,0,1
PDF_05306,2,1,11.58,7,4,1,0,16.62,0.1322,0.1136,78,6.829,33.92,3.11,18.03,0,1,0,1
PDF_05307,0,3,33.28,12,6,1,1,39.37,0.2391,0.2582,108,6.506,45.99,31.63,20.37,0,0,0,1
PDF_05308,0,1,0.0,4,3,1,0,2.21,0.131,0.3831,102,5.706,0.0,0.0,39.06,1,0,0,1
PDF_05309,0,1,11.0,7,4,0,1,55.52,0.1826,0.2773,102,6.7,40.13,6.79,16.13,0,1,0,1
PDF_05310,2,3,55.18,6,5,1,0,12.49,0.3741,0.3678,156,5.707,57.6,52.38,72.86,1,0,0,1
PDF_05311,0,3,15.2,8,2,0,0,7.1,0.128,0.1957,103,5.764,26.33,9.04,25.97,0,0,0,1
PDF_05312,3,2,13.9,3,4,0,0,8.88,0.3792,0.3742,87,5.612,25.95,11.66,98.5,1,0,1,1
PDF_05313,1,2,37.94,12,2,1,0,19.29,0.2567,0.1842,126,6.944,47.66,39.36,0.11,0,0,0,1
PDF_05314,0,2,4.82,0,1,0,0,8.52,0.2857,0.3329,50,4.667,44.56,11.07,55.63,1,0,1,1
PDF_05315,1,3,34.42,6,10,2,0,31.8,0.3,0.2954,116,6.036,63.27,65.02,25.31,0,0,0,1
PDF_05316,1,2,19.33,5,5,1,0,0.0,0.2455,0.165,120,5.535,42.75,45.12,42.5,0,0,0,1
PDF_05317,2,2,26.03,1,2,2,1,0.0,0.2091,0.2246,79,5.422,17.17,7.79,26.56,0,0,0,1
PDF_05318,1,3,18.99,3,5,1,0,68.52,0.2546,0.2096,113,6.024,38.26,31.61,42.01,0,1,1,1
PDF_05319,0,3,21.08,8,4,0,0,18.44,0.1852,0.1514,60,5.627,39.91,9.7,43.51,0,0,0,1
PDF_05320,2,1,21.16,0,1,1,0,13.82,0.1923,0.1294,59,5.154,16.62,13.4,27.3,0,0,1,1
PDF_05321,0,2,1.68,2,3,1,1,27.2,0.1243,0.2392,81,5.651,8.47,0.0,5.53,0,1,0,1
PDF_05322,2,2,44.74,7,5,1,0,18.46,0.2812,0.2236,152,6.325,40.55,44.15,7.06,0,0,0,1
PDF_05323,2,2,15.32,8,7,2,0,59.25,0.1923,0.2253,89,6.358,44.63,19.04,30.74,0,1,0,1
PDF_05324,1,2,9.03,2,4,0,0,10.55,0.1596,0.1478,107,6.555,43.19,24.83,38.5,0,0,0,1
PDF_05325,2,2,69.7,9,3,1,0,9.64,0.2972,0.2674,142,6.44,67.23,71.48,50.63,0,0,0,1
PDF_05326,2,2,5.99,6,0,0,0,0.0,0.1345,0.1904,87,5.866,8.92,6.72,22.74,0,0,0,1
PDF_05327,1,1,19.67,8,5,1,0,3.8,0.222,0.2398,115,5.066,39.69,17.83,21.65,0,0,1,1
PDF_05328,1,2,35.12,4,7,1,0,35.9,0.3141,0.2471,64,6.041,43.41,23.51,11.71,0,1,0,1
PDF_05329,0,2,9.93,4,2,2,0,0.0,0.1226,0.2059,55,5.319,21.34,2.9,10.56,0,0,0,1
PDF_05330,1,2,11.67,1,5,1,0,4.48,0.2828,0.1978,98,5.88,14.08,6.41,8.52,0,0,1,1
PDF_05331,0,1,40.83,10,6,2,0,31.2,0.2827,0.3296,167,4.854,55.79,60.13,26.37,0,0,0,1
PDF_05332,1,2,25.26,8,2,2,0,48.08,0.1422,0.1771,88,5.152,17.33,19.79,19.91,0,1,0,1
PDF_05333,1,2,15.23,4,3,0,0,0.0,0.277,0.4062,97,4.834,17.29,0.0,45.37,1,0,0,1
PDF_05334,2,1,15.55,6,3,0,0,50.28,0.2962,0.2976,106,5.419,35.67,27.98,14.54,0,1,1,1
PDF_05335,2,3,41.71,8,5,0,0,42.99,0.3139,0.2459,141,6.382,23.05,34.66,30.59,0,0,1,1
PDF_05336,2,1,40.2,4,3,1,0,0.0,0.186,0.2522,121,5.401,37.46,15.37,13.54,0,0,0,1
PDF_05337,0,2,22.69,6,4,1,0,0.0,0.1149,0.1317,53,5.469,44.25,0.0,17.12,0,0,0,1
PDF_05338,2,3,45.15,6,10,2,0,50.15,0.3999,0.2028,180,6.042,58.49,53.37,36.48,0,0,0,1
PDF_05339,1,2,34.27,7,6,1,0,51.09,0.2263,0.1257,91,5.91,35.22,26.16,17.44,0,1,0,1
PDF_05340,0,2,0.58,0,2,0,0,0.0,0.1472,0.2037,115,5.553,4.89,16.71,33.66,0,0,1,1
PDF_05341,1,2,14.96,5,2,0,0,54.28,0.1574,0.2455,88,6.09,46.15,7.79,13.98,0,1,0,1
PDF_05342,1,4,9.98,6,3,2,0,19.55,0.1874,0.2896,91,5.687,56.99,33.51,5.6,0,0,0,1
PDF_05343,1,3,66.09,12,8,1,0,28.04,0.4141,0.404,229,6.533,68.94,89.33,93.07,1,0,0,1
PDF_05344,1,2,29.31,3,5,3,0,24.57,0.1232,0.1771,97,4.597,25.97,7.39,29.02,0,0,0,1
PDF_05345,1,2,15.04,6,6,1,0,0.0,0.2981,0.2366,126,5.609,57.95,25.96,20.51,0,0,0,1
PDF_05346,0,1,21.28,7,3,1,0,23.04,0.2255,0.1568,146,5.908,27.26,29.92,32.34,0,0,1,1
PDF_05347,1,2,44.5,6,6,1,0,23.61,0.1454,0.1999,73,5.687,18.83,33.5,38.58,0,0,0,1
PDF_05348,1,2,26.39,6,6,1,0,46.21,0.2455,0.1257,103,5.276,53.82,46.5,27.43,0,1,0,1
PDF_05349,2,4,14.11,4,0,0,0,7.15,0.1126,0.1404,73,5.764,17.65,15.88,4.12,0,0,0,1
PDF_05350,0,2,31.09,6,7,2,0,18.89,0.1836,0.1818,140,5.981,35.2,10.24,14.85,0,0,0,1
PDF_05351,1,2,50.38,6,10,1,0,23.17,0.2827,0.2112,116,5.932,86.2,46.44,36.15,0,0,0,1
PDF_05352,1,2,0.0,3,2,0,0,2.08,0.1816,0.1672,57,5.805,23.96,0.0,6.89,0,0,0,1
PDF_05353,1,2,3.19,0,3,2,0,56.7,0.2196,0.2031,85,5.757,13.35,18.32,18.66,0,1,1,1
PDF_05354,1,2,24.91,5,6,0,0,18.36,0.273,0.2558,113,5.507,40.92,34.44,23.68,0,0,1,1
PDF_05355,2,2,19.31,2,2,0,1,29.48,0.2976,0.4736,73,6.001,38.37,13.76,66.21,1,0,1,1
PDF_05356,0,2,40.97,9,3,1,0,15.98,0.3793,0.4485,134,6.607,49.73,28.9,97.29,1,0,0,1
PDF_05357,1,1,38.06,7,3,0,0,62.12,0.2745,0.1556,61,4.9,19.25,37.97,41.12,0,1,0,1
PDF_05358,2,2,73.47,9,10,3,0,32.3,0.2887,0.1739,133,7.384,84.14,79.77,39.21,0,0,0,1
PDF_05359,1,2,23.3,7,2,0,0,28.44,0.3371,0.2161,131,6.393,28.49,21.78,25.4,0,0,1,1
PDF_05360,1,2,24.01,4,2,3,1,14.74,0.2196,0.1762,122,5.829,40.29,48.88,26.11,0,0,0,1
PDF_05361,2,3,22.53,9,4,1,0,68.63,0.239,0.3078,135,5.682,40.33,41.16,21.19,0,1,1,1
PDF_05362,1,2,3.62,7,3,0,0,12.55,0.1013,0.2463,39,6.097,22.02,14.53,18.27,0,0,1,1
PDF_05363,2,3,0.0,5,4,1,1,0.0,0.1932,0.1833,75,4.908,24.73,0.0,29.21,0,0,0,1
PDF_05364,0,3,22.55,6,3,1,1,16.23,0.3497,0.3132,124,6.82,58.12,13.35,52.4,1,0,0,1
PDF_05365,2,1,40.44,10,7,2,1,16.78,0.3468,0.1876,107,6.71,29.66,40.04,17.7,0,0,0,1
PDF_05366,1,1,18.89,6,0,0,0,0.0,0.166,0.1488,152,6.181,15.38,32.82,11.22,0,0,1,1
PDF_05367,0,3,25.95,9,4,1,0,39.99,0.2595,0.2404,74,6.678,43.75,7.2,34.19,0,1,0,1
PDF_05368,2,3,45.18,7,6,3,0,26.56,0.2784,0.2428,113,6.313,42.07,53.35,42.61,0,0,0,1
PDF_05369,0,2,7.17,3,0,0,0,0.0,0.1868,0.26,85,4.909,23.18,0.0,10.49,0,0,1,1
PDF_05370,0,1,20.29,7,3,1,1,0.0,0.2129,0.261,79,5.849,32.41,14.07,21.04,0,0,0,1
PDF_05371,2,3,66.92,9,7,2,0,41.65,0.3358,0.2343,135,5.665,79.84,74.93,41.82,0,0,0,1
PDF_05372,1,2,43.38,8,4,1,1,13.33,0.3838,0.4496,172,5.538,63.21,38.79,76.23,1,0,0,1
PDF_05373,1,1,13.54,1,1,0,0,2.91,0.2183,0.126,105,6.399,9.09,14.52,18.01,0,0,1,1
PDF_05374,1,2,49.32,4,6,2,0,60.9,0.2517,0.1962,141,5.022,52.06,55.96,20.1,0,1,0,1
PDF_05375,0,1,12.63,1,2,1,1,37.21,0.289,0.2291,166,6.396,31.45,18.43,22.86,0,1,1,1
PDF_05376,2,3,25.67,5,5,0,0,53.18,0.3784,0.2728,148,5.998,53.8,25.04,34.63,0,1,1,1
PDF_05377,1,3,47.13,7,6,2,0,44.77,0.2235,0.2845,178,5.313,60.2,50.49,24.52,0,0,0,1
PDF_05378,0,3,40.05,6,6,1,0,22.84,0.4101,0.3561,125,6.808,35.35,38.31,70.14,1,0,0,1
PDF_05379,1,2,22.57,6,1,1,0,0.0,0.1617,0.1804,103,5.522,46.51,5.77,12.22,0,0,0,1
PDF_05380,3,2,38.42,4,7,2,0,30.56,0.3315,0.351,149,6.246,41.37,29.85,28.34,0,0,1,1
PDF_05381,2,3,29.69,3,4,0,0,12.21,0.2536,0.2131,74,5.691,24.68,33.04,28.92,0,0,1,1
PDF_05382,2,1,7.28,9,1,1,0,56.27,0.1903,0.2119,109,4.807,34.08,18.11,31.83,0,1,0,1
PDF_05383,0,1,23.46,2,0,0,0,0.0,0.22,0.0938,92,6.386,17.87,8.91,19.56,0,0,1,1
PDF_05384,1,2,16.47,7,1,1,0,32.05,0.0791,0.1788,43,5.468,20.9,10.26,0.0,0,1,0,1
PDF_05385,2,2,9.44,6,3,1,1,40.85,0.1891,0.1966,97,5.601,37.45,19.06,0.39,0,1,0,1
PDF_05386,2,4,33.73,4,4,0,1,24.73,0.2345,0.2272,86,6.116,41.38,20.29,29.62,0,0,1,1
PDF_05387,1,1,30.12,5,3,1,0,1.18,0.1544,0.2514,81,5.23,22.22,12.2,21.46,0,0,0,1
PDF_05388,0,3,21.67,3,1,0,0,3.19,0.2224,0.1435,169,6.375,24.3,18.76,12.37,0,0,1,1
PDF_05389,0,2,11.98,2,4,0,0,50.53,0.1496,0.2605,142,5.22,8.69,9.61,23.27,0,1,1,1
PDF_05390,0,2,28.76,4,6,1,0,45.74,0.2845,0.224,149,5.697,58.65,12.54,33.33,0,1,0,1
PDF_05391,2,2,49.68,6,10,1,0,8.66,0.3187,0.3593,122,5.386,50.16,47.79,35.18,0,0,0,1
PDF_05392,3,4,54.92,12,4,2,0,31.74,0.2985,0.2431,181,6.147,56.52,63.93,30.54,0,0,0,1
PDF_05393,1,1,6.92,9,4,1,0,12.43,0.2853,0.2054,84,6.049,49.05,36.09,34.01,0,0,0,1
PDF_05394,0,2,4.86,2,2,1,0,0.0,0.1404,0.1272,108,5.487,4.17,9.37,6.37,0,0,1,1
PDF_05395,0,2,22.66,3,3,0,0,47.98,0.2055,0.2005,82,5.512,25.72,16.02,35.16,0,1,1,1
PDF_05396,0,1,22.87,4,3,1,1,9.72,0.3143,0.36,89,5.589,24.01,4.83,70.46,1,0,0,1
PDF_05397,2,1,9.91,9,5,1,0,18.88,0.173,0.2318,122,5.634,36.05,21.3,27.54,0,0,1,1
PDF_05398,2,2,25.77,6,6,1,0,40.21,0.3699,0.1737,161,6.614,40.0,30.38,43.7,0,0,1,1
PDF_05399,0,2,0.0,2,2,1,0,0.0,0.2208,0.2928,65,5.498,10.14,0.0,46.08,1,0,0,1
PDF_05400,2,3,14.02,4,2,0,0,10.03,0.2265,0.2378,122,5.773,32.57,2.82,35.55,0,0,1,1
PDF_05401,2,1,19.08,4,4,2,0,13.79,0.2271,0.2434,129,6.495,34.77,12.47,19.64,0,0,0,1
PDF_05402,0,2,25.82,9,3,2,0,18.87,0.3138,0.4064,173,5.753,51.81,38.37,89.71,1,0,0,1
PDF_05403,0,2,44.52,9,6,0,0,23.16,0.2374,0.2061,138,6.872,56.77,51.2,31.35,0,0,0,1
PDF_05404,1,2,13.19,1,0,1,0,3.2,0.2496,0.34,118,5.705,8.55,0.0,68.5,1,0,0,1
PDF_05405,0,2,4.89,6,2,1,1,6.53,0.1151,0.1151,37,5.383,16.89,0.0,10.65,0,0,0,1
PDF_05406,0,1,0.0,4,3,0,0,1.41,0.2183,0.3855,95,5.383,14.47,8.62,72.19,1,0,1,1
PDF_05407,0,4,59.85,8,10,2,0,24.35,0.3065,0.3484,131,5.547,68.38,54.51,41.88,0,0,0,1
PDF_05408,2,1,53.92,7,6,1,0,19.16,0.2584,0.1398,134,6.556,59.2,39.68,54.52,0,0,0,1
PDF_05409,2,3,25.6,2,3,1,0,33.91,0.2614,0.2494,64,4.589,29.63,23.26,28.29,0,1,0,1
PDF_05410,1,3,55.82,8,5,3,0,35.73,0.2901,0.2629,124,5.507,78.74,38.5,40.59,0,0,0,1
PDF_05411,0,1,40.56,6,6,1,0,29.2,0.3698,0.4417,135,5.965,64.16,14.56,58.33,1,0,0,1
PDF_05412,0,1,36.05,6,2,1,1,38.27,0.1797,0.2329,101,5.905,47.27,42.47,29.89,0,1,0,1
PDF_05413,1,1,20.72,2,3,1,1,0.0,0.2492,0.1463,113,6.26,50.6,34.45,25.41,0,0,0,1
PDF_05414,1,1,32.34,8,3,1,0,67.76,0.2222,0.1607,105,5.487,26.56,21.55,23.84,0,1,0,1
PDF_05415,1,3,61.41,8,3,1,0,59.61,0.2404,0.3079,137,5.458,40.26,60.58,61.29,0,0,0,1
PDF_05416,1,3,71.34,8,4,3,1,44.23,0.3166,0.3115,152,6.088,68.04,59.89,34.86,0,0,0,1
PDF_05417,1,2,22.95,6,3,1,0,12.29,0.3412,0.4563,121,5.976,22.85,32.17,66.71,1,0,0,1
PDF_05418,1,1,48.76,5,4,0,0,15.56,0.3266,0.4499,110,5.113,39.6,34.47,79.41,1,0,0,1
PDF_05419,2,4,71.6,9,9,2,0,29.57,0.234,0.2909,135,6.512,58.18,49.53,41.18,0,0,0,1
PDF_05420,1,2,18.13,6,8,1,0,2.54,0.2226,0.1534,90,5.287,50.82,27.96,8.51,0,0,0,1
PDF_05421,1,2,26.7,6,3,1,0,22.9,0.3491,0.2196,141,6.212,31.75,28.79,21.12,0,0,1,1
PDF_05422,1,3,41.86,8,6,1,0,64.2,0.2692,0.2837,130,6.569,63.75,35.79,16.73,0,1,0,1
PDF_05423,0,1,7.5,4,0,0,0,28.88,0.1941,0.1725,84,6.106,27.27,10.9,20.02,0,1,1,1
PDF_05424,2,2,42.03,9,4,2,0,72.41,0.2805,0.2915,171,6.504,39.87,46.8,32.71,0,1,0,1
PDF_05425,2,3,31.72,9,8,1,0,62.6,0.2771,0.2518,138,6.437,57.13,51.2,19.9,0,1,0,1
PDF_05426,2,2,36.93,5,2,1,0,15.59,0.2867,0.1989,74,5.452,43.83,44.9,24.55,0,0,0,1
PDF_05427,1,2,56.04,6,7,1,0,57.13,0.1988,0.2582,134,6.245,54.81,46.5,36.72,0,1,0,1
PDF_05428,1,3,55.3,9,8,1,0,55.25,0.2322,0.3115,171,5.726,81.77,57.49,15.7,0,1,0,1
PDF_05429,0,1,17.31,3,1,1,0,31.94,0.2005,0.2667,77,4.878,22.06,22.13,15.6,0,0,1,1
PDF_05430,1,2,25.28,5,8,1,0,48.29,0.2695,0.26,112,6.072,50.81,60.91,24.21,0,1,0,1
PDF_05431,1,2,24.84,4,6,0,0,4.46,0.241,0.2888,139,5.37,52.4,29.31,32.29,0,0,0,1
PDF_05432,1,3,14.64,4,2,2,1,15.56,0.251,0.1961,107,5.166,64.87,26.14,31.25,0,0,0,1
PDF_05433,1,3,52.63,9,9,1,0,79.39,0.3373,0.2401,126,6.868,46.36,26.91,40.22,0,1,0,1
PDF_05434,0,4,21.18,5,7,0,0,10.15,0.2259,0.0652,147,5.785,15.08,18.06,23.4,0,0,0,1
PDF_05435,1,4,35.36,9,6,1,0,24.12,0.2103,0.3066,125,5.375,53.38,38.14,30.92,0,0,0,1
PDF_05436,2,2,17.56,7,4,0,0,19.42,0.3057,0.2142,116,5.424,20.41,30.77,34.67,0,0,1,1
PDF_05437,0,2,17.4,4,1,2,0,28.86,0.194,0.3074,104,5.519,34.05,28.19,16.09,0,0,0,1
PDF_05438,0,1,22.94,1,3,1,1,0.0,0.1693,0.0583,101,6.535,38.3,0.0,23.44,0,0,0,1
PDF_05439,1,1,17.32,7,6,1,0,5.32,0.1523,0.2744,165,5.765,37.42,46.46,11.02,0,0,0,1
PDF_05440,2,1,41.47,7,5,1,0,8.96,0.332,0.2288,137,6.611,57.7,43.58,40.4,0,0,0,1
PDF_05441,1,4,65.95,12,7,2,0,23.79,0.4299,0.5269,176,6.619,82.38,63.03,91.8,1,0,0,1
PDF_05442,0,2,13.44,7,3,1,0,12.35,0.2216,0.117,80,6.765,29.35,32.28,0.0,0,0,0,1
PDF_05443,2,3,30.08,2,4,3,0,65.99,0.229,0.1591,130,5.357,35.03,14.11,39.99,0,1,0,1
PDF_05444,2,2,27.34,6,3,1,0,6.28,0.2232,0.2103,152,6.622,38.42,34.68,22.41,0,0,1,1
PDF_05445,0,2,44.8,6,5,2,1,50.51,0.2801,0.1944,114,6.183,67.33,39.89,31.75,0,1,0,1
PDF_05446,2,2,4.47,2,2,0,0,64.46,0.2688,0.154,109,6.53,38.91,4.29,33.53,0,1,1,1
PDF_05447,2,2,11.33,8,2,1,1,51.1,0.2089,0.1933,150,5.62,26.36,15.49,20.4,0,1,1,1
PDF_05448,0,3,24.5,7,6,0,0,22.7,0.2454,0.1445,88,6.179,47.67,26.02,24.0,0,0,0,1
PDF_05449,0,1,21.96,3,2,0,0,3.86,0.3271,0.4037,149,5.831,21.31,21.86,64.38,1,0,1,1
PDF_05450,1,2,35.23,7,6,2,1,47.89,0.2642,0.0809,103,5.163,41.47,30.74,25.33,0,1,0,1
PDF_05451,1,3,57.6,7,2,3,0,43.54,0.2241,0.1451,123,7.439,51.18,35.93,17.46,0,1,0,1
PDF_05452,0,1,18.07,3,5,1,0,50.51,0.2601,0.1036,99,5.667,5.41,10.6,0.79,0,1,0,1
PDF_05453,0,3,51.11,7,5,1,0,1.75,0.21,0.1775,89,6.386,18.02,34.06,29.31,0,0,0,1
PDF_05454,2,3,28.78,5,4,0,0,16.63,0.3177,0.1957,94,5.326,38.56,24.17,21.2,0,0,1,1
PDF_05455,0,3,42.87,7,7,2,0,27.18,0.369,0.4321,170,5.392,80.95,58.9,72.73,1,0,0,1
PDF_05456,1,2,23.69,7,7,2,0,26.19,0.2956,0.2262,110,6.088,27.04,15.92,34.26,0,0,1,1
PDF_05457,0,3,10.36,5,3,0,0,32.37,0.2487,0.204,90,6.428,48.36,6.29,28.65,0,0,0,1
PDF_05458,1,1,26.16,3,3,1,1,66.52,0.2995,0.3918,136,6.742,28.96,4.15,61.58,1,1,0,1
PDF_05459,2,2,30.94,5,1,2,0,3.9,0.318,0.368,128,6.776,22.15,26.75,83.25,1,0,0,1
PDF_05460,1,2,21.32,3,0,0,1,0.0,0.1895,0.111,85,5.181,9.03,17.45,39.34,0,0,1,1
PDF_05461,0,2,23.74,8,2,1,0,0.0,0.1849,0.0939,25,5.746,16.52,5.83,11.28,0,0,0,1
PDF_05462,0,3,30.69,10,6,1,0,2.56,0.2517,0.1152,96,5.441,46.6,19.6,20.77,0,0,0,1
PDF_05463,2,3,28.71,6,2,0,1,51.2,0.3084,0.2173,98,6.755,40.14,46.02,10.57,0,1,1,1
PDF_05464,0,1,0.0,2,4,0,1,29.03,0.1703,0.0545,96,4.946,30.99,1.69,0.0,0,1,0,1
PDF_05465,2,1,24.64,7,1,0,0,14.4,0.2703,0.2439,118,6.678,0.0,32.42,26.6,0,0,0,1
PDF_05466,0,2,42.64,8,6,2,0,13.25,0.4019,0.1945,147,6.408,35.42,32.92,29.78,0,0,0,1
PDF_05467,1,2,49.77,9,8,3,0,41.24,0.3065,0.2004,118,5.286,43.12,68.7,38.06,0,0,0,1
PDF_05468,0,3,25.5,8,5,1,0,32.91,0.29,0.2883,116,5.895,32.28,19.99,21.63,0,0,1,1
PDF_05469,2,2,33.49,9,7,2,1,19.28,0.3181,0.2479,90,6.134,28.85,30.37,25.38,0,0,1,1
PDF_05470,1,1,0.0,6,6,1,0,9.65,0.1113,0.1507,85,6.339,29.39,0.0,1.68,0,1,0,1
PDF_05471,1,2,1.98,6,6,0,0,19.05,0.2332,0.466,111,6.804,50.84,34.81,64.36,1,0,0,1
PDF_05472,1,2,1.6,1,2,0,0,63.74,0.1758,0.1434,89,5.93,11.47,1.87,11.96,0,1,0,1
PDF_05473,2,3,26.44,3,2,0,0,6.81,0.2038,0.261,123,6.452,22.64,32.59,49.09,0,0,1,1
PDF_05474,1,3,51.0,4,8,1,0,28.7,0.2478,0.1879,149,4.431,37.24,49.11,34.36,0,0,0,1
PDF_05475,1,2,21.88,4,3,0,0,0.0,0.1672,0.1369,78,7.077,24.71,0.0,14.63,0,0,0,1
PDF_05476,0,3,0.25,3,7,1,0,17.83,0.0962,0.1587,58,4.666,0.0,0.0,17.49,0,0,0,1
PDF_05477,2,2,12.67,5,0,1,0,10.01,0.361,0.4579,144,5.856,28.36,29.76,76.9,1,0,1,1
PDF_05478,2,1,36.44,6,6,0,0,30.22,0.2721,0.2579,136,7.362,65.63,34.69,39.04,0,1,0,1
PDF_05479,0,3,13.64,6,2,2,0,19.74,0.2233,0.2425,95,6.345,34.67,36.8,26.23,0,0,0,1
PDF_05480,0,2,50.86,8,5,2,0,29.65,0.2267,0.1963,102,5.882,47.8,25.81,22.57,0,0,0,1
PDF_05481,0,3,11.43,3,5,1,1,60.72,0.197,0.2506,89,5.908,41.67,45.74,32.64,0,1,0,1
PDF_05482,0,2,59.89,7,3,3,0,37.11,0.2755,0.254,123,6.682,52.73,56.03,37.95,0,0,0,1
PDF_05483,1,2,52.02,6,5,1,0,26.53,0.2513,0.2759,109,5.975,56.99,42.91,31.45,0,0,0,1
PDF_05484,2,3,41.54,9,4,0,0,28.52,0.2414,0.2348,109,6.588,53.37,46.2,33.66,0,0,0,1
PDF_05485,2,3,70.88,10,8,1,0,79.41,0.2762,0.2747,161,6.211,64.24,52.9,44.7,0,1,0,1
PDF_05486,0,3,9.97,5,2,0,0,22.89,0.1915,0.215,47,6.379,12.74,3.5,13.68,0,0,1,1
PDF_05487,2,2,41.37,4,8,3,0,45.07,0.2216,0.1888,96,6.604,33.99,60.65,30.15,0,0,0,1
PDF_05488,1,2,39.91,6,6,1,0,3.3,0.1528,0.1592,114,4.792,44.45,36.09,8.71,0,0,0,1
PDF_05489,1,2,39.97,7,4,3,0,0.0,0.2094,0.3125,127,5.134,38.35,30.6,27.2,0,0,0,1
PDF_05490,3,2,11.12,2,5,1,0,0.0,0.2341,0.2383,85,5.4,33.87,12.38,17.26,0,0,0,1
PDF_05491,1,2,49.91,10,3,0,0,51.81,0.2153,0.2002,119,6.811,35.61,26.85,18.96,0,1,0,1
PDF_05492,1,1,33.84,5,5,2,1,51.38,0.1972,0.1835,131,6.471,26.76,24.51,24.65,0,1,0,1
PDF_05493,1,2,8.95,4,3,0,1,5.85,0.2844,0.2528,63,6.549,38.81,16.92,13.17,0,0,0,1
PDF_05494,1,2,10.82,4,5,0,0,8.59,0.1889,0.1446,81,5.859,27.79,29.76,25.65,0,0,1,1
PDF_05495,2,1,30.9,5,5,1,1,29.53,0.2181,0.0759,124,6.2,13.17,16.4,18.62,0,0,0,1
PDF_05496,1,3,43.84,10,1,1,0,15.8,0.2752,0.1912,137,6.433,53.6,37.94,30.61,0,0,0,1
PDF_05497,3,3,46.21,10,8,2,0,34.48,0.2799,0.2058,164,6.611,67.02,73.99,34.79,0,0,0,1
PDF_05498,2,1,20.76,3,0,0,0,57.14,0.3138,0.3891,119,5.351,10.73,0.0,58.3,1,1,1,1
PDF_05499,0,2,36.36,4,6,1,0,13.95,0.167,0.1647,85,6.42,26.87,2.69,31.2,0,0,0,1
PDF_05500,2,2,41.8,6,2,2,0,17.64,0.2141,0.2754,125,6.717,72.31,33.89,17.26,0,0,0,1
PDF_05501,1,2,39.99,10,6,2,0,8.37,0.2279,0.2337,117,5.888,50.36,27.21,24.35,0,0,0,1
PDF_05502,0,2,38.48,10,5,1,1,63.84,0.3118,0.4983,128,6.807,62.46,48.93,94.07,1,1,0,1
PDF_05503,2,1,9.75,5,6,1,0,5.28,0.1796,0.0982,73,6.314,6.65,0.0,7.09,0,0,0,1
PDF_05504,0,1,13.31,8,2,1,1,0.57,0.2351,0.2061,90,5.372,36.3,36.39,21.95,0,0,0,1
PDF_05505,2,1,17.87,7,2,0,0,1.17,0.2668,0.3929,75,4.784,35.48,27.1,52.98,1,0,0,1
PDF_05506,1,2,33.27,8,4,0,0,13.3,0.2965,0.1835,87,5.89,32.71,27.22,33.78,0,0,1,1
PDF_05507,2,5,80.34,7,8,2,0,64.56,0.2714,0.307,175,6.61,80.31,80.44,50.69,0,1,0,1
PDF_05508,1,2,38.27,6,6,2,0,5.22,0.2584,0.2828,125,6.734,54.77,40.74,22.92,0,0,0,1
PDF_05509,0,1,29.05,3,5,0,0,0.25,0.237,0.1289,117,6.003,23.64,6.52,16.0,0,0,0,1
PDF_05510,2,3,31.06,7,7,2,1,34.61,0.2506,0.2371,124,6.873,87.51,40.01,38.9,0,0,0,1
PDF_05511,1,3,3.2,3,4,0,0,2.54,0.1513,0.185,33,4.915,25.95,0.0,2.6,0,1,0,1
PDF_05512,0,1,0.0,4,0,0,0,0.0,0.1501,0.1635,99,5.792,25.73,12.44,16.53,0,0,1,1
PDF_05513,3,3,40.02,9,5,0,0,38.24,0.3923,0.5174,120,6.525,41.47,43.89,77.88,1,0,1,1
PDF_05514,1,2,12.82,1,1,1,0,40.46,0.1595,0.1904,117,6.024,19.37,42.56,24.69,0,1,1,1
PDF_05515,1,2,18.87,9,8,1,0,74.9,0.265,0.2819,128,5.632,68.36,52.33,38.49,0,1,0,1
PDF_05516,1,2,1.16,5,0,0,0,0.0,0.235,0.4074,72,5.15,16.54,7.53,59.82,1,0,1,1
PDF_05517,2,1,35.01,4,6,0,0,52.45,0.2852,0.3035,151,6.946,36.42,49.28,31.79,0,1,1,1
PDF_05518,1,1,65.12,9,6,1,0,47.4,0.4034,0.4747,218,6.18,63.74,55.47,84.78,1,0,0,1
PDF_05519,1,2,19.95,5,4,1,0,14.97,0.2728,0.261,132,6.569,42.0,18.38,24.36,0,0,1,1
PDF_05520,1,3,32.75,2,1,1,1,4.61,0.3987,0.4205,130,5.982,31.36,15.65,89.06,1,0,1,1
PDF_05521,1,1,22.32,3,4,2,0,62.42,0.2677,0.232,120,6.273,48.35,16.18,29.08,0,1,0,1
PDF_05522,2,2,48.65,9,4,1,0,12.19,0.2444,0.1891,161,5.278,49.53,19.96,26.58,0,0,0,1
PDF_05523,0,2,9.2,4,0,1,0,10.8,0.1745,0.1024,105,6.129,53.61,18.02,13.69,0,0,0,1
PDF_05524,0,1,17.44,3,3,0,0,0.0,0.2433,0.245,105,7.1,12.56,13.45,22.02,0,0,1,1
PDF_05525,1,1,0.0,3,5,2,0,18.86,0.1121,0.126,30,6.467,33.55,0.0,16.61,0,0,0,1
PDF_05526,1,1,0.0,4,2,2,0,22.19,0.127,0.2522,72,6.392,30.85,4.13,31.13,0,1,0,1
PDF_05527,1,2,27.63,8,8,2,0,8.81,0.2488,0.2023,116,5.518,53.71,30.18,34.32,0,0,0,1
PDF_05528,2,1,28.56,10,6,1,0,24.96,0.3005,0.2335,122,4.973,37.01,37.18,34.43,0,0,1,1
PDF_05529,2,3,18.05,8,5,1,0,9.7,0.3107,0.2363,150,6.26,44.59,54.37,22.5,0,0,0,1
PDF_05530,1,2,30.13,6,5,1,0,2.39,0.2567,0.2315,171,6.391,43.51,7.88,19.53,0,0,0,1
PDF_05531,0,2,45.21,8,5,0,1,35.43,0.273,0.2152,94,5.618,37.39,43.93,54.59,0,0,1,1
PDF_05532,0,2,21.35,5,3,1,0,14.57,0.2604,0.4526,145,6.341,39.19,36.69,67.26,1,0,0,1
PDF_05533,0,2,4.48,2,3,0,0,0.0,0.1677,0.1416,72,6.058,31.24,16.55,15.29,0,0,1,1
PDF_05534,1,2,18.46,5,0,0,0,16.27,0.2025,0.2394,131,5.625,35.47,37.24,40.62,0,0,1,1
PDF_05535,1,2,24.5,6,4,2,0,30.92,0.2264,0.2363,130,5.603,47.61,15.38,11.4,0,0,0,1
PDF_05536,2,2,30.63,7,4,1,0,73.59,0.2903,0.4123,136,6.239,25.69,39.5,79.14,1,1,0,1
PDF_05537,2,1,14.43,4,3,1,0,0.0,0.2801,0.2105,90,5.922,39.8,7.26,31.13,0,0,1,1
PDF_05538,0,2,17.99,5,6,2,0,55.98,0.2413,0.2017,67,5.794,53.98,41.92,43.42,0,1,0,1
PDF_05539,1,2,29.28,8,7,1,0,18.9,0.2402,0.2229,117,4.942,60.71,31.65,26.92,0,0,0,1
PDF_05540,1,1,41.66,6,7,1,0,77.83,0.285,0.2082,126,5.42,56.55,38.31,14.16,0,1,0,1
PDF_05541,3,2,49.02,6,8,2,1,52.71,0.3411,0.2231,140,5.663,57.6,68.08,27.78,0,1,0,1
PDF_05542,0,2,35.25,4,3,1,0,38.64,0.2009,0.2853,142,5.723,47.37,38.13,30.08,0,1,0,1
PDF_05543,0,3,27.84,7,3,0,0,29.58,0.1859,0.0923,93,5.658,55.63,6.58,23.19,0,0,0,1
PDF_05544,0,1,39.59,5,3,0,0,16.64,0.2346,0.1969,151,5.342,34.75,47.11,12.97,0,0,0,1
PDF_05545,1,2,32.09,7,8,1,0,14.09,0.3609,0.3749,149,6.458,58.98,17.36,75.26,1,0,0,1
PDF_05546,1,1,20.06,8,0,0,0,58.66,0.2138,0.2184,155,6.507,17.82,16.9,19.91,0,1,1,1
PDF_05547,3,1,27.43,4,3,1,0,14.13,0.2721,0.4161,110,6.37,17.82,19.17,68.41,1,0,1,1
PDF_05548,0,1,0.0,1,0,0,1,0.0,0.1365,0.1133,51,4.518,0.0,0.0,7.27,0,0,1,1
PDF_05549,3,2,40.99,5,3,2,0,32.83,0.3252,0.2969,112,6.651,52.54,38.01,27.84,0,0,1,1
PDF_05550,1,3,40.12,9,6,1,0,55.56,0.286,0.3042,118,5.633,45.81,48.7,27.51,0,1,0,1
PDF_05551,1,2,13.61,3,4,1,1,16.21,0.2423,0.1482,111,5.876,65.42,24.16,15.09,0,0,0,1
PDF_05552,1,1,6.58,4,1,0,0,23.77,0.2484,0.2374,68,6.431,19.0,18.68,27.27,0,0,1,1
PDF_05553,0,1,7.25,6,1,0,1,13.5,0.1368,0.2962,141,5.699,18.34,10.67,10.5,0,0,1,1
PDF_05554,0,2,11.93,5,0,1,1,23.86,0.3205,0.3379,90,5.651,23.99,12.92,63.68,1,0,0,1
PDF_05555,2,2,51.48,7,6,1,0,92.69,0.3051,0.2687,103,5.717,53.34,40.12,22.26,0,1,0,1
PDF_05556,2,2,20.99,5,8,0,0,21.25,0.2524,0.1078,129,5.698,35.85,34.06,18.29,0,0,1,1
PDF_05557,2,2,17.98,8,5,1,0,48.19,0.3626,0.5316,164,6.053,50.47,42.68,85.55,1,1,0,1
PDF_05558,1,2,10.35,8,5,1,1,23.33,0.3151,0.3724,134,5.671,25.69,29.37,64.64,1,0,1,1
PDF_05559,1,2,34.93,8,5,1,1,32.37,0.2759,0.1727,116,5.55,86.01,52.88,47.41,0,0,0,1
PDF_05560,2,2,36.16,5,6,0,0,9.01,0.2123,0.201,86,5.243,28.41,41.03,17.74,0,0,0,1
PDF_05561,0,1,8.7,2,0,0,0,30.47,0.204,0.1998,95,5.442,22.72,2.64,10.4,0,1,1,1
PDF_05562,1,2,14.99,6,0,1,1,4.25,0.1765,0.1707,24,5.25,20.48,19.39,19.8,0,0,0,1
PDF_05563,0,1,11.63,5,0,1,0,0.0,0.1948,0.1372,110,5.148,16.67,14.03,25.58,0,0,1,1
PDF_05564,1,1,28.68,2,5,1,1,69.98,0.1922,0.158,116,5.783,40.45,1.01,24.85,0,1,0,1
PDF_05565,1,1,20.61,10,3,2,0,53.22,0.2982,0.5049,126,7.222,48.35,31.68,60.17,1,1,0,1
PDF_05566,1,3,39.75,7,4,3,0,37.35,0.4292,0.4154,150,5.36,43.82,24.11,78.34,1,0,0,1
PDF_05567,2,3,0.0,7,7,0,0,0.0,0.1773,0.226,30,5.293,6.61,0.0,8.95,0,0,0,1
PDF_05568,1,3,35.82,7,6,1,0,46.34,0.408,0.2737,194,6.739,49.04,51.69,45.12,0,0,1,1
PDF_05569,2,3,23.61,7,4,0,0,44.68,0.2658,0.1765,140,5.708,42.4,36.11,22.05,0,1,1,1
PDF_05570,0,1,17.85,6,3,0,0,11.05,0.369,0.4733,140,5.828,64.24,11.31,78.28,1,0,0,1
PDF_05571,1,1,11.23,2,1,0,0,14.24,0.1567,0.2228,100,7.224,13.65,6.53,22.98,0,0,1,1
PDF_05572,1,4,62.31,3,3,2,0,19.29,0.1941,0.3152,91,6.323,37.18,29.55,41.02,0,0,0,1
PDF_05573,0,2,17.79,2,4,0,0,2.01,0.2154,0.2341,116,6.485,24.96,18.89,33.61,0,0,1,1
PDF_05574,1,1,7.17,4,1,0,0,1.68,0.2185,0.1048,127,5.346,18.88,19.08,18.37,0,0,0,1
PDF_05575,0,2,32.25,5,4,0,1,45.11,0.2316,0.2681,110,5.705,42.72,30.49,32.92,0,0,1,1
PDF_05576,0,2,30.5,8,7,2,1,0.0,0.4036,0.415,108,5.72,39.76,31.09,61.12,1,0,0,1
PDF_05577,2,1,15.65,7,4,2,0,35.52,0.2991,0.1247,105,6.208,42.38,44.49,28.2,0,0,0,1
PDF_05578,1,2,34.59,10,9,2,0,26.93,0.3027,0.3193,157,4.63,61.48,72.6,37.9,0,0,0,1
PDF_05579,2,3,20.86,4,2,0,0,8.75,0.2508,0.2894,93,4.282,22.74,17.55,8.15,0,0,1,1
PDF_05580,1,2,9.41,7,4,1,0,0.0,0.3792,0.3932,112,5.4,40.11,33.05,79.77,1,0,0,1
PDF_05581,1,3,63.32,10,9,1,0,40.18,0.3466,0.2919,136,7.093,85.38,76.09,35.44,0,0,0,1
PDF_05582,2,1,29.1,7,2,1,0,19.07,0.2554,0.3316,123,6.793,37.85,22.01,18.45,0,0,1,1
PDF_05583,3,4,82.63,10,13,3,0,36.86,0.3224,0.3107,150,5.688,70.73,97.1,51.08,0,0,0,1
PDF_05584,1,1,13.34,2,1,0,1,35.35,0.2712,0.3512,96,5.944,12.31,0.76,65.88,1,1,1,1
PDF_05585,0,3,24.54,6,3,2,0,39.85,0.243,0.254,115,5.458,46.79,26.5,25.41,0,1,0,1
PDF_05586,1,3,53.77,7,6,3,0,63.93,0.302,0.2569,149,6.543,47.3,46.53,41.41,0,1,0,1
PDF_05587,1,1,5.3,3,5,1,0,0.0,0.2564,0.4446,93,4.708,18.83,32.55,59.44,1,0,0,1
PDF_05588,1,2,38.2,2,8,1,0,49.78,0.3292,0.3738,93,6.004,50.1,7.35,59.94,1,1,0,1
PDF_05589,0,1,7.99,2,0,1,1,0.0,0.2179,0.2034,113,5.925,18.36,20.02,19.94,0,0,1,1
PDF_05590,1,2,39.1,7,5,2,1,7.82,0.2669,0.2041,171,5.752,40.34,26.96,28.98,0,0,0,1
PDF_05591,2,3,35.6,5,4,1,0,41.56,0.4305,0.4167,133,5.238,28.51,33.9,77.06,1,0,1,1
PDF_05592,1,2,36.82,5,3,2,1,0.0,0.1269,0.19,117,6.632,52.47,0.0,5.89,0,0,0,1
PDF_05593,2,1,17.56,5,4,0,0,13.41,0.2586,0.2768,86,6.94,29.31,26.23,1.93,0,0,1,1
PDF_05594,0,2,13.42,2,2,0,0,0.1,0.1246,0.1812,104,5.98,14.57,0.81,19.47,0,0,1,1
PDF_05595,2,3,54.6,6,8,2,0,26.42,0.2415,0.3037,160,6.032,64.43,61.65,48.69,0,0,0,1
PDF_05596,0,2,48.04,4,6,0,0,9.2,0.2087,0.2678,77,5.57,24.02,32.26,22.56,0,0,0,1
PDF_05597,1,1,1.3,5,3,1,0,0.0,0.1375,0.1976,138,5.468,23.92,4.87,19.14,0,0,0,1
PDF_05598,2,3,24.01,1,4,1,0,0.31,0.2084,0.3266,145,7.173,36.39,26.22,26.89,0,0,1,1
PDF_05599,1,2,0.0,0,4,2,0,0.0,0.1628,0.1542,49,4.848,28.87,10.63,22.84,0,0,0,1
PDF_05600,1,2,0.0,2,2,0,0,4.45,0.1639,0.1994,63,6.56,14.77,24.96,18.56,0,0,1,1
PDF_05601,2,2,36.33,7,6,1,0,38.92,0.1788,0.2117,98,7.24,39.1,35.35,44.88,0,0,0,1
PDF_05602,1,3,28.6,8,0,2,0,13.1,0.2821,0.174,111,6.331,38.64,26.1,27.71,0,0,1,1
PDF_05603,1,2,2.59,3,1,0,0,30.32,0.0927,0.1967,43,6.082,28.69,6.2,12.0,0,1,0,1
PDF_05604,0,1,32.61,7,5,2,0,23.2,0.2607,0.2108,117,5.698,38.46,25.47,23.27,0,0,0,1
PDF_05605,0,1,15.81,8,2,0,0,57.44,0.2486,0.292,53,6.747,25.54,21.4,33.11,0,1,1,1
PDF_05606,1,2,13.38,0,1,0,0,21.61,0.1802,0.2046,95,6.207,11.68,6.31,28.98,0,0,1,1
PDF_05607,2,2,49.94,4,1,2,1,9.53,0.3264,0.1364,115,5.65,39.89,49.2,38.64,0,0,0,1
PDF_05608,1,2,48.02,8,6,0,0,28.97,0.2632,0.1647,60,6.689,51.12,35.99,29.09,0,0,0,1
PDF_05609,1,2,18.24,6,3,0,0,11.95,0.2079,0.237,178,5.423,14.96,14.03,19.91,0,0,1,1
PDF_05610,1,1,17.09,5,4,1,0,11.02,0.2697,0.1128,97,5.55,29.54,16.84,36.63,0,0,1,1
PDF_05611,0,2,15.4,5,3,2,0,0.0,0.3273,0.4631,90,6.253,31.64,28.07,82.24,1,0,0,1
PDF_05612,2,2,44.76,4,8,2,0,74.37,0.2562,0.3031,144,6.745,60.05,40.71,38.2,0,1,0,1
PDF_05613,1,2,39.91,11,7,1,1,77.45,0.2186,0.2723,169,5.717,50.54,58.54,36.23,0,1,0,1
PDF_05614,2,3,39.33,7,3,1,1,62.02,0.2033,0.1949,107,6.509,27.04,29.08,28.99,0,1,0,1
PDF_05615,1,4,44.68,9,4,1,0,17.9,0.2277,0.3378,118,6.491,30.0,46.62,9.04,0,0,0,1
PDF_05616,0,2,13.01,2,0,0,0,48.43,0.2059,0.1695,113,5.676,22.38,22.31,33.14,0,1,1,1
PDF_05617,1,2,22.79,6,3,2,0,29.45,0.1943,0.2164,141,5.178,14.64,26.26,55.63,0,0,0,1
PDF_05618,1,2,43.8,9,9,1,1,31.06,0.2567,0.1914,139,6.449,67.62,60.02,18.49,0,0,0,1
PDF_05619,3,2,58.27,7,6,0,0,29.93,0.2748,0.2279,143,5.2,24.64,29.06,43.31,0,0,0,1
PDF_05620,2,2,36.28,11,5,2,0,56.85,0.2374,0.1851,124,5.435,63.68,48.28,47.58,0,1,0,1
PDF_05621,2,2,0.0,6,3,0,0,63.25,0.2046,0.1828,137,6.597,42.03,9.55,7.6,0,1,0,1
PDF_05622,1,2,57.11,12,6,2,1,29.49,0.3362,0.2586,106,6.312,76.97,39.68,37.43,0,0,0,1
PDF_05623,1,1,5.93,5,4,1,0,0.0,0.1778,0.1943,111,5.082,29.09,0.0,31.2,0,0,0,1
PDF_05624,2,3,45.12,6,8,2,0,84.9,0.3448,0.1513,170,5.398,68.67,33.99,29.6,0,1,0,1
PDF_05625,1,1,14.43,6,4,1,0,0.0,0.2378,0.2634,113,7.26,49.29,27.22,21.35,0,0,0,1
PDF_05626,1,3,11.98,1,3,1,0,0.0,0.1303,0.2307,114,5.225,15.49,1.05,22.83,0,0,1,1
PDF_05627,0,3,20.49,3,6,2,0,4.63,0.3345,0.449,147,5.669,43.69,29.53,85.84,1,0,0,1
PDF_05628,0,2,25.4,3,3,0,0,3.67,0.1307,0.1812,92,6.269,35.68,3.31,17.02,0,0,0,1
PDF_05629,2,2,31.89,7,3,0,0,34.64,0.3214,0.4223,151,6.783,29.65,23.92,83.27,1,1,1,1
PDF_05630,0,2,0.0,4,5,0,0,0.0,0.1929,0.3792,35,5.217,0.0,0.0,54.38,1,0,0,1
PDF_05631,1,1,0.13,10,3,2,1,2.35,0.2861,0.2457,82,6.004,40.99,44.02,14.58,0,0,0,1
PDF_05632,0,2,0.0,3,4,0,0,8.9,0.1543,0.2887,82,5.61,13.12,0.0,7.13,0,0,1,1
PDF_05633,0,2,39.79,3,3,1,0,16.13,0.2016,0.2096,100,6.663,30.32,20.33,21.04,0,0,0,1
PDF_05634,1,3,21.93,3,2,0,0,32.71,0.2228,0.2332,112,5.47,28.37,6.03,3.55,0,1,0,1
PDF_05635,1,3,26.96,8,5,2,1,10.43,0.3157,0.2532,102,5.867,29.77,20.9,36.07,0,0,0,1
PDF_05636,0,1,0.0,1,2,0,0,0.0,0.255,0.3302,108,5.58,16.41,1.17,57.36,1,0,1,1
PDF_05637,2,2,22.82,5,2,1,0,0.23,0.3023,0.4005,145,5.391,39.21,18.45,74.43,1,0,0,1
PDF_05638,1,2,32.51,6,7,2,0,16.56,0.2428,0.2248,105,6.107,39.11,21.76,13.43,0,0,0,1
PDF_05639,3,3,60.37,13,7,2,0,32.7,0.2351,0.2357,117,6.203,64.14,47.19,33.7,0,0,0,1
PDF_05640,1,2,0.0,5,6,1,1,22.17,0.1334,0.1644,74,5.076,31.86,10.42,13.45,0,1,0,1
PDF_05641,1,2,43.14,9,4,1,0,12.7,0.2556,0.325,134,6.043,41.54,33.28,46.14,0,0,0,1
PDF_05642,0,1,28.97,7,3,1,0,9.12,0.3636,0.4096,110,6.719,40.79,23.26,77.69,1,0,0,1
PDF_05643,2,2,72.46,9,6,3,0,55.29,0.2999,0.2991,146,6.192,51.19,59.7,34.97,0,1,0,1
PDF_05644,2,2,53.86,9,5,0,1,14.55,0.2568,0.1955,85,5.7,44.47,48.1,13.04,0,0,0,1
PDF_05645,0,1,17.71,4,1,1,0,0.0,0.1709,0.1946,81,5.825,19.43,10.33,17.08,0,0,0,1
PDF_05646,1,1,0.0,7,4,1,1,0.0,0.1712,0.1426,11,3.956,6.53,0.0,0.0,0,0,0,1
PDF_05647,1,2,15.67,6,4,0,0,32.66,0.1458,0.1651,115,6.281,27.17,24.0,18.96,0,0,0,1
PDF_05648,0,2,0.0,4,4,1,0,0.0,0.1592,0.2803,47,5.612,0.48,0.0,48.53,1,0,0,1
PDF_05649,2,2,32.59,4,3,1,0,0.0,0.1892,0.1305,126,6.367,38.42,25.85,32.33,0,0,0,1
PDF_05650,1,2,14.06,4,3,2,0,2.59,0.1869,0.1889,72,6.411,49.25,22.49,29.38,0,0,0,1
PDF_05651,2,2,23.59,6,5,2,0,50.65,0.3647,0.2591,219,7.083,52.26,39.92,41.56,0,0,1,1
PDF_05652,2,3,61.49,11,7,1,0,44.69,0.3119,0.2654,139,6.406,64.65,46.47,40.81,0,1,0,1
PDF_05653,1,3,35.8,5,1,1,0,20.17,0.2782,0.2988,147,6.215,40.13,31.35,30.55,0,0,0,1
PDF_05654,3,2,22.55,4,1,1,1,43.59,0.3246,0.1709,124,6.72,45.92,23.46,19.49,0,1,1,1
PDF_05655,1,2,81.87,12,6,2,0,47.53,0.3488,0.3063,195,7.538,84.65,72.36,29.56,0,0,0,1
PDF_05656,2,3,20.93,6,5,2,0,42.23,0.2934,0.2142,147,7.609,46.29,56.9,35.63,0,1,0,1
PDF_05657,2,2,25.15,7,8,1,1,16.77,0.3541,0.4191,133,6.088,45.75,24.93,70.22,1,0,0,1
PDF_05658,2,2,46.68,6,9,1,1,56.57,0.2336,0.1855,92,5.522,49.44,33.67,29.23,0,1,0,1
PDF_05659,1,3,14.08,4,2,1,0,3.73,0.1604,0.1823,127,5.628,49.73,24.65,9.45,0,0,0,1
PDF_05660,3,3,37.42,8,5,1,1,0.0,0.3505,0.4031,141,5.28,66.5,42.17,84.88,1,0,0,1
PDF_05661,0,3,63.68,8,3,2,0,9.97,0.2729,0.2128,160,7.206,69.39,30.31,29.95,0,0,0,1
PDF_05662,1,1,0.0,5,4,0,0,0.0,0.1629,0.2061,76,5.309,8.49,3.11,4.71,0,0,0,1
PDF_05663,2,1,40.81,6,5,1,0,14.93,0.2608,0.2513,123,6.25,36.4,20.49,29.27,0,0,0,1
PDF_05664,2,2,45.7,8,6,3,0,77.85,0.3122,0.1969,191,5.721,51.44,52.99,39.97,0,1,0,1
PDF_05665,2,2,11.68,3,4,1,0,45.87,0.2539,0.1661,152,6.275,23.59,30.07,43.49,0,1,1,1
PDF_05666,1,1,15.98,1,3,1,0,46.61,0.179,0.3267,102,4.529,27.67,1.21,29.22,0,1,0,1
PDF_05667,2,3,44.59,7,7,1,0,76.86,0.3164,0.2108,198,6.4,63.09,60.16,27.59,0,1,1,1
PDF_05668,2,2,5.1,3,3,0,0,0.0,0.2353,0.2238,48,4.926,30.4,26.65,29.72,0,0,1,1
PDF_05669,0,2,62.35,13,9,3,0,33.42,0.4144,0.2357,173,5.986,77.66,68.47,56.29,0,0,0,1
PDF_05670,1,3,0.0,1,3,0,0,0.0,0.1624,0.1614,57,5.177,0.0,0.0,0.0,0,0,1,1
PDF_05671,1,1,17.12,5,3,0,0,54.11,0.2226,0.1873,131,6.004,22.53,24.45,8.44,0,1,1,1
PDF_05672,2,1,0.0,2,0,0,0,0.0,0.1218,0.174,36,6.436,23.16,12.57,22.19,0,0,1,1
PDF_05673,1,1,7.71,7,4,3,0,21.41,0.148,0.2192,54,5.252,40.06,0.0,9.35,0,0,0,1
PDF_05674,4,2,59.56,14,7,2,0,49.85,0.2992,0.2448,180,6.913,61.46,55.8,29.19,0,0,0,1
PDF_05675,2,2,2.32,1,0,0,0,0.0,0.2127,0.1266,138,5.434,17.26,0.0,22.71,0,0,1,1
PDF_05676,2,2,75.44,11,7,2,0,21.83,0.3442,0.2846,170,5.425,70.69,74.27,40.31,0,0,0,1
PDF_05677,1,1,50.49,3,4,2,0,47.07,0.3651,0.3796,167,5.979,53.17,25.85,77.74,1,1,0,1
PDF_05678,1,2,38.82,9,6,0,0,61.2,0.2852,0.1948,139,6.05,42.96,50.61,42.5,0,1,0,1
PDF_05679,3,3,29.76,5,6,2,0,51.88,0.3064,0.27,185,6.317,41.74,39.7,34.16,0,1,1,1
PDF_05680,1,2,0.0,5,0,0,0,32.18,0.2927,0.3675,127,5.649,20.28,0.0,59.25,1,1,0,1
PDF_05681,2,2,70.3,11,6,2,0,32.78,0.3136,0.2351,164,6.403,65.66,56.51,37.06,0,0,0,1
PDF_05682,1,3,41.5,8,8,2,0,67.08,0.264,0.2542,138,6.8,43.69,31.52,17.83,0,1,0,1
PDF_05683,0,2,37.33,7,7,2,1,0.0,0.1681,0.2064,125,5.782,64.33,29.14,39.37,0,0,0,1
PDF_05684,2,3,74.36,9,4,2,1,44.25,0.2844,0.2639,158,5.49,51.71,47.25,15.37,0,0,0,1
PDF_05685,0,2,47.79,10,7,0,0,50.75,0.2697,0.2314,178,6.675,70.84,37.33,23.28,0,0,0,1
PDF_05686,0,3,58.7,7,9,2,0,30.7,0.32,0.2614,160,5.796,58.68,39.01,31.41,0,0,0,1
PDF_05687,0,2,24.21,6,6,1,0,11.31,0.2039,0.2096,75,5.405,26.01,9.61,25.98,0,0,0,1
PDF_05688,3,3,27.89,7,9,1,0,7.67,0.2436,0.109,128,5.332,30.58,32.58,32.65,0,0,0,1
PDF_05689,0,1,21.62,9,3,1,0,17.57,0.251,0.1031,121,5.704,38.72,59.73,35.31,0,0,0,1
PDF_05690,1,3,26.32,5,5,0,0,59.8,0.3985,0.4445,192,5.028,31.98,23.15,93.33,1,1,1,1
PDF_05691,1,2,32.82,7,3,2,0,13.31,0.34,0.4867,143,6.007,32.62,31.36,66.15,1,0,0,1
PDF_05692,1,1,0.02,3,4,0,0,12.2,0.2118,0.2151,79,5.629,27.8,6.84,27.23,0,0,1,1
PDF_05693,1,2,26.13,6,5,0,0,11.88,0.3796,0.4066,143,5.872,47.46,34.27,98.62,1,0,1,1
PDF_05694,1,2,25.71,10,0,3,0,36.25,0.2501,0.3004,148,4.736,48.29,47.46,23.5,0,0,0,1
PDF_05695,0,2,11.65,6,5,2,0,0.0,0.2939,0.3747,83,5.201,36.05,0.0,51.97,1,0,0,1
PDF_05696,2,1,18.94,8,5,1,0,43.87,0.2404,0.2718,80,6.033,28.42,31.26,30.98,0,1,0,1
PDF_05697,1,2,30.82,6,6,0,0,0.0,0.2624,0.1346,64,6.989,29.51,22.84,0.0,0,0,0,1
PDF_05698,1,2,31.98,4,0,1,0,31.83,0.2456,0.1726,87,6.284,54.11,18.14,22.49,0,0,0,1
PDF_05699,2,2,45.28,8,7,2,0,0.21,0.2684,0.219,165,6.722,39.37,20.37,40.48,0,0,0,1
PDF_05700,0,2,30.12,6,2,0,0,29.42,0.2785,0.2453,140,6.109,34.7,25.06,24.98,0,0,1,1
PDF_05701,2,3,31.04,6,1,0,1,26.54,0.212,0.2676,107,5.817,39.22,35.08,26.45,0,0,1,1
PDF_05702,2,1,32.39,8,1,2,0,28.77,0.1681,0.2451,109,6.074,48.0,31.8,34.27,0,0,0,1
PDF_05703,2,2,0.0,4,7,2,0,40.17,0.2236,0.3521,108,4.495,10.17,0.0,48.94,1,1,0,1
PDF_05704,2,1,52.37,11,7,1,0,33.32,0.3234,0.2933,125,5.868,38.21,48.99,34.84,0,0,0,1
PDF_05705,1,2,26.15,2,2,1,0,41.25,0.2979,0.2315,131,7.163,37.87,20.26,23.36,0,0,1,1
PDF_05706,0,3,10.96,2,3,0,0,0.0,0.2001,0.181,101,5.549,34.75,11.51,21.73,0,0,1,1
PDF_05707,2,2,23.21,4,7,2,0,30.19,0.2819,0.1977,122,6.768,56.61,42.35,38.07,0,0,0,1
PDF_05708,2,2,34.61,7,2,0,1,47.36,0.2833,0.1471,84,5.973,47.66,38.09,30.35,0,1,0,1
PDF_05709,1,2,27.02,7,4,1,0,1.17,0.4014,0.4414,145,5.239,42.7,25.38,70.01,1,0,0,1
PDF_05710,2,2,15.91,7,2,0,0,8.86,0.3712,0.3893,161,5.429,20.44,14.41,78.2,1,0,1,1
PDF_05711,0,1,0.0,1,6,1,0,1.75,0.0722,0.1595,114,5.477,33.73,24.4,0.0,0,0,0,1
PDF_05712,1,3,20.25,6,4,1,0,41.57,0.2677,0.2386,127,5.881,43.86,30.87,25.08,0,1,0,1
PDF_05713,0,1,28.75,4,4,0,0,45.55,0.2124,0.217,115,4.94,36.03,4.58,32.5,0,1,1,1
PDF_05714,0,2,18.54,7,4,2,0,45.18,0.3602,0.2432,119,5.941,41.9,47.35,16.05,0,1,0,1
PDF_05715,0,1,26.87,5,3,0,0,48.19,0.2303,0.1528,81,6.731,22.66,29.07,23.72,0,1,0,1
PDF_05716,0,2,17.18,7,4,1,0,20.7,0.1916,0.2594,123,5.797,46.16,1.23,18.46,0,0,0,1
PDF_05717,1,3,47.44,11,6,2,0,49.68,0.3904,0.2341,137,6.212,57.91,56.96,19.92,0,0,0,1
PDF_05718,0,2,10.07,1,5,1,0,0.0,0.2006,0.1996,67,4.957,1.47,0.0,16.83,0,0,1,1
PDF_05719,2,3,59.84,11,7,0,0,53.45,0.276,0.2825,125,5.719,70.26,42.65,33.53,0,1,0,1
PDF_05720,1,2,10.25,4,1,1,0,31.32,0.2609,0.1872,135,5.745,20.88,18.16,22.23,0,0,1,1
PDF_05721,2,1,16.05,8,1,0,0,35.74,0.2112,0.1807,90,5.087,46.28,2.4,17.82,0,1,0,1
PDF_05722,1,3,0.0,0,0,0,0,29.84,0.102,0.1265,28,6.327,0.0,0.0,18.78,0,1,1,1
PDF_05723,0,1,19.25,1,0,0,0,16.46,0.2806,0.3145,148,6.094,26.99,25.31,55.83,1,0,1,1
PDF_05724,1,2,28.95,7,4,1,0,34.76,0.2707,0.2638,143,5.109,69.78,44.27,44.66,0,0,0,1
PDF_05725,1,2,17.94,5,2,1,0,6.53,0.2505,0.1748,98,6.539,31.52,3.34,17.94,0,0,1,1
PDF_05726,1,1,0.0,6,5,1,0,18.43,0.1415,0.0953,41,4.818,33.66,7.85,18.58,0,1,0,1
PDF_05727,1,3,7.24,3,3,2,0,20.35,0.2119,0.074,122,4.73,35.09,12.14,25.04,0,1,0,1
PDF_05728,2,2,32.05,6,5,2,0,37.59,0.3022,0.1691,146,6.196,49.86,54.03,24.54,0,0,0,1
PDF_05729,1,2,29.03,3,2,1,0,9.81,0.1767,0.1553,107,5.439,45.6,29.6,38.32,0,0,0,1
PDF_05730,2,2,41.52,6,5,3,0,9.07,0.3401,0.3768,130,5.634,41.89,36.54,99.15,1,0,0,1
PDF_05731,2,2,16.19,6,3,1,0,0.0,0.1492,0.1118,70,5.754,43.83,12.37,20.41,0,0,0,1
PDF_05732,1,3,59.87,13,9,1,0,23.06,0.3367,0.3021,181,6.586,98.6,41.06,60.44,0,0,0,1
PDF_05733,1,2,1.17,6,2,0,0,38.5,0.1442,0.1264,71,4.849,32.3,13.95,13.21,0,1,0,1
PDF_05734,1,2,29.59,5,9,1,0,22.3,0.3094,0.2975,127,6.082,50.71,15.01,0.0,0,0,0,1
PDF_05735,0,2,17.99,2,5,1,0,53.06,0.2063,0.2659,108,5.931,0.92,5.84,0.0,0,1,0,1
PDF_05736,1,2,32.11,5,1,1,0,17.38,0.1674,0.1892,79,6.374,32.16,27.64,24.06,0,0,0,1
PDF_05737,1,3,26.89,8,5,0,0,67.33,0.3001,0.2589,118,5.91,40.21,21.81,33.44,0,1,1,1
PDF_05738,2,2,28.42,6,8,0,0,75.75,0.3162,0.2883,124,5.346,27.32,21.69,26.04,0,1,1,1
PDF_05739,1,2,22.79,4,1,0,0,7.41,0.2026,0.2078,80,6.706,41.85,12.5,33.07,0,0,1,1
PDF_05740,1,3,38.49,8,2,0,0,57.79,0.23,0.3525,103,6.197,27.02,30.32,33.62,0,1,1,1
PDF_05741,1,3,34.57,9,5,1,0,33.73,0.3688,0.4112,121,5.196,73.41,31.94,83.92,1,0,0,1
PDF_05742,1,3,22.9,6,8,1,0,9.94,0.158,0.151,125,5.99,59.11,27.2,40.67,0,0,0,1
PDF_05743,2,3,43.82,9,10,0,0,14.46,0.2925,0.1667,128,5.183,43.31,50.63,28.17,0,0,0,1
PDF_05744,0,2,8.27,7,1,1,1,0.0,0.212,0.2286,77,6.249,29.45,0.0,7.69,0,0,0,1
PDF_05745,1,2,41.79,12,7,2,0,9.66,0.2586,0.2156,116,5.723,49.83,29.26,20.86,0,0,0,1
PDF_05746,0,1,27.46,8,3,1,0,0.0,0.2567,0.1411,93,5.148,32.47,0.62,16.45,0,0,0,1
PDF_05747,0,2,27.88,6,4,2,1,25.42,0.3518,0.4347,163,6.07,55.13,44.08,66.04,1,0,0,1
PDF_05748,1,3,80.03,8,3,3,1,55.81,0.2389,0.1619,112,6.266,50.55,38.1,31.23,0,1,0,1
PDF_05749,2,3,62.16,8,6,2,0,41.26,0.3084,0.2995,161,6.906,40.6,70.04,42.13,0,0,0,1
PDF_05750,1,1,14.44,6,5,1,0,9.78,0.1737,0.1038,75,6.027,34.1,0.0,20.02,0,0,0,1
PDF_05751,1,2,28.92,7,4,1,0,15.3,0.1612,0.2854,95,4.559,27.6,10.49,1.67,0,0,0,1
PDF_05752,1,3,39.5,6,8,1,0,35.39,0.2405,0.2744,148,5.757,54.41,48.69,34.38,0,1,0,1
PDF_05753,2,1,25.03,5,1,1,0,0.0,0.1854,0.1854,114,5.83,52.34,25.77,12.87,0,0,0,1
PDF_05754,1,4,15.49,4,2,1,0,54.21,0.2042,0.1479,88,5.763,17.48,33.33,26.36,0,1,0,1
PDF_05755,2,2,0.0,5,4,1,0,15.98,0.2135,0.162,62,6.669,36.72,26.64,22.71,0,1,0,1
PDF_05756,3,3,53.3,5,6,2,0,23.04,0.3327,0.2062,148,5.842,27.66,57.54,31.22,0,0,0,1
PDF_05757,0,1,16.51,4,3,1,1,11.38,0.1851,0.2318,67,6.146,61.73,8.43,22.03,0,0,0,1
PDF_05758,1,1,26.56,5,2,0,0,1.73,0.1265,0.2158,83,5.913,31.21,0.78,21.92,0,0,0,1
PDF_05759,0,2,14.27,4,1,1,0,36.42,0.1371,0.239,100,5.952,34.95,29.14,39.1,0,0,1,1
PDF_05760,2,2,44.43,6,6,2,0,16.18,0.297,0.2162,150,6.032,51.7,48.94,17.78,0,0,0,1
PDF_05761,1,2,32.43,8,5,0,0,0.0,0.3586,0.3715,151,6.526,59.86,28.09,60.79,1,0,0,1
PDF_05762,0,4,30.92,7,8,2,0,12.72,0.2601,0.1512,156,6.579,54.21,49.81,35.12,0,0,0,1
PDF_05763,0,3,12.9,9,0,1,0,31.4,0.2014,0.2859,56,5.527,40.27,5.43,5.6,0,0,1,1
PDF_05764,1,2,42.93,12,5,2,0,36.06,0.3909,0.2658,193,5.849,50.73,41.39,38.72,0,0,0,1
PDF_05765,2,2,23.27,6,1,1,0,14.19,0.2895,0.2307,137,5.687,35.42,36.47,24.68,0,0,1,1
PDF_05766,1,2,0.0,3,3,0,0,0.0,0.1752,0.1449,93,4.478,33.35,18.47,18.9,0,0,0,1
PDF_05767,1,2,0.15,4,2,0,0,41.89,0.3475,0.3458,107,6.102,5.87,36.69,66.33,1,1,0,1
PDF_05768,1,3,61.64,11,3,1,0,50.44,0.3918,0.33,200,5.69,63.92,50.69,79.92,1,0,0,1
PDF_05769,1,2,16.77,5,6,1,0,0.0,0.1843,0.2333,76,5.444,39.0,15.85,17.92,0,0,0,1
PDF_05770,1,2,0.0,0,2,0,0,0.0,0.2344,0.271,88,4.3,10.72,0.0,59.02,1,0,1,1
PDF_05771,1,3,28.18,7,4,2,0,38.29,0.394,0.4362,137,6.501,40.6,45.88,76.08,1,0,1,1
PDF_05772,2,2,40.62,3,5,2,0,26.58,0.2116,0.2088,123,5.887,38.26,35.48,30.37,0,0,0,1
PDF_05773,2,2,47.4,7,8,2,0,22.57,0.204,0.242,113,6.652,55.92,35.34,15.36,0,0,0,1
PDF_05774,0,2,46.1,12,7,2,0,15.5,0.2951,0.1904,108,6.168,43.97,56.09,34.04,0,0,0,1
PDF_05775,1,2,39.27,9,4,1,0,45.87,0.1533,0.2126,52,5.365,31.63,35.9,19.39,0,1,0,1
PDF_05776,0,1,0.0,6,2,2,0,26.2,0.0791,0.1574,73,4.288,10.42,0.0,0.0,0,1,0,1
PDF_05777,1,3,10.38,6,1,0,1,1.36,0.1735,0.2526,100,5.642,25.1,27.92,7.66,0,0,1,1
PDF_05778,0,1,14.69,6,1,1,0,39.51,0.2298,0.2436,131,5.88,54.93,13.91,13.12,0,1,0,1
PDF_05779,2,2,25.61,5,2,0,0,50.42,0.2374,0.2202,138,5.652,57.08,28.28,50.68,0,1,1,1
PDF_05780,1,3,41.38,4,2,2,1,20.06,0.2054,0.2608,81,6.246,61.37,55.59,32.34,0,0,0,1
PDF_05781,1,1,53.4,7,5,1,1,27.56,0.3109,0.2396,118,5.657,80.06,45.43,5.56,0,0,0,1
PDF_05782,0,2,29.03,6,7,1,0,21.31,0.2947,0.2629,166,6.525,66.53,49.14,35.78,0,0,0,1
PDF_05783,2,1,30.41,7,8,1,0,61.7,0.3419,0.497,153,6.891,64.36,65.26,69.72,1,1,0,1
PDF_05784,1,2,21.22,6,6,1,0,14.37,0.3688,0.4225,170,6.589,63.04,41.77,71.4,1,0,0,1
PDF_05785,2,2,13.15,8,2,1,1,25.97,0.2084,0.1488,108,6.541,41.61,30.2,42.24,0,0,1,1
PDF_05786,1,2,20.44,6,4,1,0,15.53,0.2043,0.2538,105,5.79,35.25,19.62,19.77,0,0,0,1
PDF_05787,0,3,21.44,1,1,0,0,0.0,0.1925,0.1914,62,5.517,26.61,0.0,5.2,0,0,0,1
PDF_05788,1,1,10.19,8,4,0,0,16.64,0.2422,0.1388,83,6.086,22.59,11.73,10.16,0,0,0,1
PDF_05789,0,2,50.62,8,4,1,0,55.52,0.2824,0.2105,97,5.763,39.25,51.63,41.4,0,1,0,1
PDF_05790,1,3,27.06,3,5,1,0,0.56,0.1867,0.2245,86,5.66,39.75,0.0,14.34,0,0,0,1
PDF_05791,2,2,52.33,14,5,3,1,42.58,0.2735,0.2292,93,6.532,48.03,43.14,34.77,0,0,0,1
PDF_05792,1,1,29.22,7,3,1,1,16.36,0.2164,0.1983,94,5.448,35.19,17.53,37.27,0,0,1,1
PDF_05793,1,3,28.35,8,2,1,1,15.21,0.2146,0.2103,133,6.044,31.1,35.3,38.77,0,0,1,1
PDF_05794,1,2,29.61,7,7,1,1,1.6,0.2653,0.2428,109,5.784,56.5,26.3,23.15,0,0,0,1
PDF_05795,1,1,15.4,3,2,1,0,15.63,0.0956,0.219,95,6.084,16.24,5.94,32.83,0,0,1,1
PDF_05796,1,1,6.26,0,0,0,0,1.06,0.2371,0.2507,150,5.016,11.32,19.88,44.99,1,0,1,1
PDF_05797,2,1,24.2,4,0,0,0,39.27,0.2482,0.2438,105,6.239,27.09,32.65,27.38,0,0,1,1
PDF_05798,1,3,22.25,7,4,1,1,63.53,0.2226,0.1286,43,5.049,18.99,25.9,25.59,0,1,0,1
PDF_05799,1,3,31.13,7,2,2,0,16.73,0.402,0.4473,131,5.912,65.22,51.62,58.4,1,0,0,1
PDF_05800,1,1,0.0,4,4,1,0,21.08,0.1832,0.2091,75,5.784,27.46,11.84,31.24,0,0,0,1
PDF_05801,1,2,24.13,1,1,0,0,23.49,0.2508,0.2144,87,5.274,35.34,23.92,8.76,0,0,0,1
PDF_05802,3,1,36.37,8,6,1,0,10.57,0.334,0.2317,129,7.134,43.58,48.1,32.77,0,0,0,1
PDF_05803,1,2,45.76,8,8,3,0,57.95,0.3059,0.3871,139,6.513,69.47,57.68,25.86,0,1,0,1
PDF_05804,1,1,5.44,0,0,0,1,20.17,0.109,0.1245,114,6.676,30.16,0.0,12.67,0,0,1,1
PDF_05805,3,3,53.61,10,7,1,0,15.49,0.3136,0.2839,173,7.032,46.24,28.79,56.29,0,0,0,1
PDF_05806,1,1,17.94,0,0,1,0,0.0,0.2062,0.1644,108,5.792,42.1,37.07,19.08,0,0,1,1
PDF_05807,1,2,16.45,9,4,1,0,0.12,0.2479,0.2293,108,5.785,56.7,22.43,39.17,0,0,0,1
PDF_05808,1,2,8.59,0,1,0,0,0.0,0.1753,0.0958,71,5.572,9.11,5.28,1.42,0,0,1,1
PDF_05809,1,2,66.79,6,4,2,0,47.23,0.3066,0.0874,134,6.265,72.49,44.23,33.94,0,0,0,1
PDF_05810,0,1,17.98,1,3,0,0,42.47,0.242,0.4351,140,5.839,31.28,14.6,77.81,1,1,1,1
PDF_05811,1,3,19.5,1,5,0,0,17.51,0.2606,0.203,135,6.285,17.47,9.92,23.98,0,0,1,1
PDF_05812,0,1,0.0,3,5,1,1,24.07,0.1241,0.1118,98,5.222,0.0,1.03,0.7,0,1,0,1
PDF_05813,2,3,40.34,9,4,2,0,31.93,0.3686,0.4164,176,6.093,56.57,48.42,76.81,1,0,1,1
PDF_05814,2,3,64.5,10,9,3,0,34.41,0.3448,0.4676,186,6.948,64.35,46.55,71.1,1,0,0,1
PDF_05815,2,3,71.81,6,4,1,0,16.56,0.2702,0.1952,152,5.845,42.09,19.27,30.99,0,0,0,1
PDF_05816,1,1,28.95,9,3,1,0,31.93,0.3373,0.4942,151,6.353,48.76,26.28,77.72,1,0,1,1
PDF_05817,1,3,41.25,10,8,2,0,56.44,0.2613,0.2179,174,6.991,60.47,50.12,16.68,0,1,0,1
PDF_05818,1,1,18.66,5,4,0,0,0.0,0.191,0.2265,86,5.722,11.77,10.96,0.94,0,0,1,1
PDF_05819,2,2,55.16,5,7,3,0,17.36,0.294,0.1673,141,6.054,49.46,55.53,22.54,0,0,0,1
PDF_05820,1,2,20.77,7,6,2,0,5.77,0.2712,0.1383,83,5.569,32.18,24.86,22.13,0,0,0,1
PDF_05821,1,2,23.43,8,5,0,0,2.08,0.1628,0.1353,133,5.173,15.79,14.87,30.78,0,0,0,1
PDF_05822,0,2,11.27,3,3,0,0,10.27,0.2386,0.2443,69,5.479,0.0,18.75,17.9,0,0,1,1
PDF_05823,0,1,27.67,6,2,1,0,16.28,0.3187,0.4159,156,5.838,3.48,32.38,62.45,1,0,0,1
PDF_05824,0,3,36.41,8,8,1,1,29.57,0.2468,0.1675,91,5.579,29.21,39.88,38.71,0,0,0,1
PDF_05825,1,2,38.45,6,5,1,0,46.02,0.2328,0.2751,116,6.381,37.99,15.75,30.87,0,1,0,1
PDF_05826,1,2,0.0,2,4,1,0,0.0,0.1555,0.2455,88,6.256,0.0,9.73,5.35,0,0,0,1
PDF_05827,0,3,35.86,2,7,2,1,22.22,0.3204,0.21,117,6.767,57.2,43.66,23.51,0,0,0,1
PDF_05828,2,2,19.17,7,3,2,0,11.88,0.2312,0.2112,113,6.201,35.1,38.48,44.78,0,0,0,1
PDF_05829,0,1,53.89,10,4,2,0,50.95,0.1845,0.2033,126,5.271,47.95,32.28,36.71,0,1,0,1
PDF_05830,1,2,27.48,4,3,0,1,0.0,0.3143,0.2012,124,5.529,45.34,20.91,39.98,0,0,1,1
PDF_05831,1,3,14.67,6,1,1,0,9.33,0.1824,0.1966,84,6.364,20.49,25.09,20.43,0,0,0,1
PDF_05832,1,3,63.14,9,6,1,1,72.75,0.3044,0.251,148,7.005,74.76,56.27,39.58,0,1,0,1
PDF_05833,0,3,3.42,4,0,0,0,13.22,0.2263,0.2074,58,5.454,21.29,9.61,20.46,0,0,1,1
PDF_05834,0,3,30.96,6,4,2,0,14.15,0.3445,0.3793,180,5.506,51.16,51.08,70.91,1,0,0,1
PDF_05835,0,1,19.04,9,3,0,1,3.7,0.2055,0.2151,81,6.003,33.07,9.96,8.6,0,0,1,1
PDF_05836,0,2,0.0,0,2,0,0,42.89,0.1296,0.1036,64,5.343,8.41,0.0,1.08,0,1,1,1
PDF_05837,0,2,26.92,6,2,2,0,16.54,0.2227,0.2127,102,5.511,38.68,4.07,21.19,0,0,0,1
PDF_05838,0,3,21.07,3,2,1,0,12.61,0.2609,0.2837,154,5.981,24.06,13.86,17.42,0,0,1,1
PDF_05839,0,3,7.03,5,4,3,0,0.0,0.2617,0.3989,123,4.738,23.6,0.0,53.86,1,0,0,1
PDF_05840,1,2,34.88,6,5,2,0,10.47,0.2073,0.2271,104,6.28,37.77,49.53,38.04,0,0,0,1
PDF_05841,0,1,31.69,10,5,0,0,21.17,0.2038,0.1859,92,6.698,43.36,9.15,29.61,0,0,0,1
PDF_05842,1,2,35.98,7,2,3,0,19.63,0.273,0.2746,122,6.269,29.02,59.01,32.76,0,0,0,1
PDF_05843,1,2,14.59,4,3,1,0,9.87,0.3639,0.3419,104,5.755,32.47,20.79,53.23,1,0,1,1
PDF_05844,2,3,24.19,7,5,1,0,18.83,0.2721,0.2878,140,5.697,35.55,36.78,32.47,0,0,1,1
PDF_05845,2,1,29.62,8,8,2,0,5.92,0.2518,0.1776,130,5.868,42.47,26.66,25.85,0,0,0,1
PDF_05846,1,3,20.07,7,3,1,0,22.08,0.3229,0.2808,98,6.391,18.33,30.71,31.47,0,0,1,1
PDF_05847,1,2,28.34,2,5,2,0,9.73,0.2963,0.4013,126,5.784,39.02,21.54,56.76,1,0,0,1
PDF_05848,1,2,8.28,5,0,0,0,24.35,0.1692,0.1387,105,4.471,41.26,16.57,33.09,0,1,0,1
PDF_05849,1,3,30.37,7,5,0,0,43.75,0.1987,0.1825,136,6.239,34.02,26.19,40.37,0,0,1,1
PDF_05850,1,3,39.85,6,7,2,0,11.08,0.2052,0.241,111,5.322,56.03,44.39,30.76,0,0,0,1
PDF_05851,2,2,38.54,8,6,1,0,56.47,0.295,0.2777,207,6.125,32.9,32.73,52.86,0,0,1,1
PDF_05852,2,3,46.65,5,5,1,0,35.49,0.379,0.3841,143,5.865,89.87,14.69,87.23,1,1,0,1
PDF_05853,1,1,44.46,11,5,2,0,11.47,0.209,0.2643,72,6.073,19.88,27.42,25.34,0,0,0,1
PDF_05854,0,2,14.97,4,4,1,0,0.0,0.2633,0.3715,105,5.607,31.2,11.73,68.43,1,0,0,1
PDF_05855,1,2,44.34,7,4,1,0,10.55,0.2914,0.1741,166,6.488,54.93,53.75,13.28,0,0,0,1
PDF_05856,0,1,13.59,4,2,1,1,0.0,0.1641,0.0913,79,5.147,15.33,0.0,21.32,0,0,0,1
PDF_05857,2,3,39.4,4,7,0,0,17.08,0.2629,0.2705,178,6.013,80.62,48.86,41.66,0,0,0,1
PDF_05858,1,1,10.68,4,1,1,0,9.29,0.1318,0.1889,118,5.779,44.96,23.39,3.53,0,0,0,1
PDF_05859,1,2,43.2,6,6,1,0,0.0,0.2302,0.2262,136,6.958,35.37,29.2,41.73,0,0,0,1
PDF_05860,1,3,44.77,4,4,2,0,64.12,0.3578,0.2879,150,6.471,39.39,49.88,48.22,0,1,1,1
PDF_05861,1,1,57.07,4,8,1,0,33.88,0.2328,0.2383,160,6.009,67.28,36.18,26.23,0,0,0,1
PDF_05862,1,1,8.58,3,4,1,0,1.11,0.1632,0.2153,102,5.214,42.64,0.0,17.46,0,0,0,1
PDF_05863,2,3,64.66,10,7,2,0,51.19,0.297,0.3252,101,5.437,55.99,51.62,46.69,0,1,0,1
PDF_05864,0,1,35.49,2,4,1,0,7.81,0.2439,0.2558,134,6.03,24.41,36.69,30.14,0,0,1,1
PDF_05865,2,2,22.61,4,1,1,0,7.31,0.206,0.2151,126,5.033,65.88,28.14,22.58,0,0,0,1
PDF_05866,1,3,80.62,10,4,1,0,46.3,0.312,0.3545,164,5.364,60.74,70.72,43.02,0,0,0,1
PDF_05867,1,2,17.65,5,5,0,0,6.55,0.1861,0.2521,109,6.693,33.69,34.55,17.69,0,0,0,1
PDF_05868,2,3,14.16,0,1,0,0,0.0,0.2328,0.3071,95,5.632,8.14,7.41,58.03,1,0,1,1
PDF_05869,2,3,50.19,4,2,2,0,1.52,0.2368,0.1677,135,6.514,64.58,41.1,11.42,0,0,0,1
PDF_05870,3,2,41.63,7,5,0,0,36.91,0.2988,0.1586,103,6.458,74.19,49.25,59.59,0,1,0,1
PDF_05871,2,2,35.07,4,6,2,0,16.56,0.372,0.2265,108,5.638,62.4,42.19,18.37,0,0,0,1
PDF_05872,2,2,66.13,7,6,2,1,30.42,0.4073,0.367,214,7.283,72.99,67.25,96.5,1,0,0,1
PDF_05873,1,2,22.92,7,4,0,0,25.83,0.1989,0.2196,141,5.63,30.46,47.23,11.3,0,0,1,1
PDF_05874,2,3,59.86,7,5,1,1,16.83,0.3332,0.3505,126,5.164,65.7,51.82,38.34,0,0,0,1
PDF_05875,1,2,30.35,6,2,1,1,0.2,0.2577,0.2496,103,6.678,30.63,31.41,47.61,0,0,1,1
PDF_05876,1,2,10.59,3,3,2,1,0.0,0.1606,0.1806,47,5.85,27.04,0.0,5.66,0,0,0,1
PDF_05877,2,2,31.62,8,3,0,0,2.67,0.2254,0.251,103,5.462,31.33,19.57,4.9,0,0,0,1
PDF_05878,0,2,39.96,8,9,2,1,52.03,0.2693,0.264,174,5.71,53.36,42.78,24.74,0,1,0,1
PDF_05879,1,1,22.34,6,4,0,0,21.06,0.2804,0.2351,69,6.107,17.39,14.17,4.81,0,0,0,1
PDF_05880,0,2,22.43,3,2,1,0,0.0,0.2926,0.4152,92,5.487,41.23,8.77,40.47,1,0,0,1
PDF_05881,2,3,37.03,6,5,1,0,32.11,0.3122,0.2746,131,6.119,41.15,52.62,39.33,0,0,0,1
PDF_05882,2,2,44.85,3,7,2,0,0.0,0.2541,0.1852,88,5.551,38.89,43.48,16.87,0,0,0,1
PDF_05883,2,1,12.19,5,2,0,0,15.4,0.2238,0.2649,109,6.52,27.07,23.26,11.65,0,0,1,1
PDF_05884,1,3,49.91,10,6,2,0,72.94,0.2595,0.241,130,6.36,66.3,48.21,41.15,0,1,0,1
PDF_05885,1,1,12.01,4,4,1,0,0.0,0.2727,0.2834,142,6.039,15.25,8.21,71.08,1,0,0,1
PDF_05886,2,2,36.8,7,3,1,0,10.61,0.2229,0.2288,67,6.951,29.98,30.42,22.91,0,0,0,1
PDF_05887,2,4,56.86,8,6,1,0,80.92,0.3686,0.2528,201,6.767,43.97,64.73,39.66,0,1,1,1
PDF_05888,2,2,50.97,7,7,1,0,0.0,0.453,0.3994,149,6.774,64.37,38.78,70.79,1,0,0,1
PDF_05889,2,2,23.93,4,0,1,0,18.08,0.2659,0.2144,104,5.264,36.99,8.62,29.41,0,0,1,1
PDF_05890,1,2,23.96,5,0,1,0,36.68,0.1546,0.1632,66,5.804,34.68,0.17,9.6,0,1,0,1
PDF_05891,2,1,54.91,9,4,3,0,54.82,0.246,0.2126,167,5.435,79.08,35.54,37.16,0,1,0,1
PDF_05892,1,2,16.56,4,2,0,0,23.55,0.1787,0.1598,85,6.559,16.42,25.81,30.9,0,0,1,1
PDF_05893,1,2,22.25,6,6,1,1,35.21,0.3622,0.4074,120,5.674,46.1,23.01,74.5,1,0,0,1
PDF_05894,0,2,19.63,5,6,0,0,23.29,0.1601,0.0035,92,6.24,33.25,24.68,11.31,0,1,0,1
PDF_05895,0,3,33.02,8,3,0,0,57.98,0.2615,0.1342,107,6.311,29.12,20.6,5.84,0,1,0,1
PDF_05896,0,2,38.91,5,4,3,0,24.65,0.3222,0.2674,153,4.581,63.41,35.55,39.2,0,0,0,1
PDF_05897,2,1,80.23,7,6,2,0,7.77,0.3031,0.3186,160,5.068,69.25,55.57,36.47,0,0,0,1
PDF_05898,2,2,45.43,8,5,2,0,48.76,0.3584,0.2496,131,6.074,61.21,11.18,26.15,0,1,0,1
PDF_05899,0,3,1.28,3,3,1,0,0.0,0.1102,0.1454,90,6.725,35.24,0.0,7.54,0,0,0,1
PDF_05900,2,1,29.62,4,5,1,0,0.0,0.2533,0.1358,85,6.191,28.33,24.22,17.35,0,0,0,1
PDF_05901,1,2,25.1,3,2,2,0,29.84,0.1835,0.1249,103,5.612,37.16,22.24,11.89,0,1,0,1
PDF_05902,1,3,38.76,10,3,2,0,23.97,0.3298,0.2879,151,5.22,57.86,51.93,46.83,0,0,0,1
PDF_05903,2,2,48.21,7,7,3,0,62.06,0.3006,0.2953,101,7.237,53.26,66.66,25.52,0,1,0,1
PDF_05904,2,2,13.07,4,3,0,0,7.99,0.2679,0.1544,110,5.189,39.62,0.94,25.46,0,0,1,1
PDF_05905,2,3,37.32,8,6,0,0,12.53,0.393,0.5304,191,7.003,43.63,39.77,75.7,1,0,1,1
PDF_05906,2,2,2.86,3,0,0,0,0.0,0.285,0.4186,167,5.51,29.58,24.77,61.54,1,0,1,1
PDF_05907,1,2,34.73,9,4,2,0,26.62,0.3788,0.3595,193,7.096,53.84,43.31,66.73,1,0,0,1
PDF_05908,1,3,55.36,7,7,0,0,66.94,0.2697,0.2762,177,5.29,57.6,50.76,41.21,0,1,0,1
PDF_05909,1,3,22.64,5,2,0,0,5.75,0.184,0.1482,67,5.102,19.58,5.22,0.82,0,0,1,1
PDF_05910,1,2,0.0,5,0,1,0,0.0,0.0287,0.1311,33,4.771,0.0,19.41,20.8,0,0,0,1
PDF_05911,2,1,17.57,3,1,0,0,46.21,0.235,0.1762,124,5.392,19.91,14.67,10.53,0,1,1,1
PDF_05912,0,3,4.19,3,2,1,0,0.0,0.1429,0.1793,83,5.257,22.92,2.32,3.12,0,0,1,1
PDF_05913,0,3,24.27,8,4,2,1,77.54,0.2151,0.2421,113,4.709,44.05,18.36,18.21,0,1,0,1
PDF_05914,0,1,23.91,4,2,2,0,36.09,0.1707,0.1165,150,5.058,32.16,25.25,14.35,0,1,0,1
PDF_05915,1,1,0.0,2,1,1,0,7.17,0.111,0.1169,71,5.632,30.48,0.0,9.73,0,0,0,1
PDF_05916,1,2,24.04,4,1,0,0,0.0,0.2968,0.4259,112,5.576,49.59,7.89,55.59,1,0,0,1
PDF_05917,1,3,20.42,0,5,1,0,0.0,0.1026,0.1563,45,5.493,9.66,2.96,9.53,0,0,0,1
PDF_05918,0,2,19.65,3,6,1,0,4.11,0.1896,0.0916,136,6.962,20.18,25.13,13.34,0,0,0,1
PDF_05919,1,3,52.69,7,2,1,1,25.96,0.2535,0.2496,74,5.675,20.12,35.92,28.04,0,0,0,1
PDF_05920,1,2,24.62,7,4,1,0,29.22,0.3141,0.2597,119,6.056,34.99,22.88,25.87,0,0,1,1
PDF_05921,0,2,44.91,6,5,0,0,59.23,0.2623,0.2772,118,5.595,64.8,44.52,36.54,0,1,0,1
PDF_05922,3,2,62.85,10,4,2,0,21.95,0.3538,0.2458,150,6.527,59.11,35.79,22.29,0,0,0,1
PDF_05923,2,2,22.26,5,4,0,0,26.62,0.37,0.2462,95,6.445,40.85,0.0,19.0,0,0,1,1
PDF_05924,1,1,20.86,5,2,0,0,30.55,0.2557,0.2178,169,5.21,25.53,30.02,33.23,0,0,1,1
PDF_05925,3,2,61.26,12,3,2,0,67.55,0.2646,0.2276,147,6.089,54.46,54.91,35.33,0,1,0,1
PDF_05926,1,1,0.0,3,4,0,0,31.18,0.1106,0.1274,55,5.731,21.71,2.19,12.7,0,1,0,1
PDF_05927,1,1,0.0,1,2,0,0,0.0,0.0663,0.1582,100,5.41,13.73,0.0,6.15,0,0,1,1
PDF_05928,0,3,0.0,7,4,1,0,0.0,0.1652,0.1956,66,5.169,27.64,27.62,19.01,0,0,0,1
PDF_05929,2,3,80.0,9,9,1,0,75.58,0.5066,0.4895,197,6.468,100.0,69.55,87.38,1,1,0,1
PDF_05930,1,2,26.04,6,5,2,0,36.2,0.4186,0.4596,141,5.897,47.06,39.6,70.08,1,1,0,1
PDF_05931,1,2,44.51,6,9,1,0,25.1,0.3155,0.2139,145,5.639,72.06,57.72,51.82,0,0,0,1
PDF_05932,1,3,76.83,10,8,2,0,55.02,0.3363,0.2468,184,5.934,78.16,69.45,60.54,0,0,0,1
PDF_05933,1,3,17.14,1,1,1,1,28.48,0.1347,0.2359,79,5.276,21.49,10.15,27.33,0,0,1,1
PDF_05934,2,1,19.15,4,6,1,1,4.69,0.1829,0.1907,152,6.99,40.2,26.67,4.32,0,0,0,1
PDF_05935,1,1,32.8,6,3,1,0,40.73,0.3958,0.4242,170,8.0,33.21,18.57,74.74,1,0,1,1
PDF_05936,1,1,24.22,7,4,1,0,49.73,0.1875,0.208,101,6.254,47.87,36.39,23.7,0,1,0,1
PDF_05937,0,3,0.0,0,1,2,0,4.55,0.1428,0.1665,65,4.414,31.08,14.48,0.0,0,0,0,1
PDF_05938,1,2,26.14,3,3,1,0,62.35,0.2712,0.217,96,5.777,35.84,27.5,32.47,0,1,1,1
PDF_05939,1,2,26.5,4,5,2,1,7.99,0.2205,0.2229,118,5.388,21.25,42.96,11.57,0,0,0,1
PDF_05940,1,2,32.82,6,4,0,0,19.11,0.3303,0.3242,162,5.755,60.43,38.26,81.72,1,0,0,1
PDF_05941,1,2,50.13,8,5,2,1,74.73,0.3393,0.3354,153,5.972,66.59,44.93,56.78,1,1,0,1
PDF_05942,1,3,12.56,2,0,0,0,38.73,0.1019,0.1393,93,5.844,27.06,16.25,19.19,0,1,1,1
PDF_05943,0,1,37.76,3,3,0,1,7.12,0.1978,0.2188,75,5.425,31.47,0.94,23.0,0,0,0,1
PDF_05944,0,1,17.9,3,3,1,0,45.96,0.1434,0.1906,162,5.303,25.82,45.95,32.56,0,1,0,1
PDF_05945,0,2,18.45,4,3,0,0,38.14,0.2518,0.175,112,5.677,29.75,19.61,30.3,0,1,0,1
PDF_05946,2,1,40.16,6,7,1,1,19.7,0.2703,0.2685,139,5.884,59.26,38.97,28.35,0,0,0,1
PDF_05947,0,1,28.08,3,4,1,0,4.87,0.2077,0.2165,68,5.114,16.6,14.14,26.37,0,0,0,1
PDF_05948,1,3,7.58,6,2,0,0,23.64,0.2364,0.1938,80,5.653,15.43,0.0,22.43,0,0,1,1
PDF_05949,1,2,21.38,5,5,0,0,33.81,0.2596,0.2399,154,4.694,30.3,17.99,34.89,0,0,1,1
PDF_05950,2,2,34.23,5,3,1,0,23.84,0.2655,0.2721,106,6.112,29.29,38.37,12.59,0,0,0,1
PDF_05951,1,2,22.08,6,6,0,0,2.32,0.3049,0.3601,119,6.785,35.7,28.68,50.56,1,0,0,1
PDF_05952,1,1,17.03,4,5,0,0,15.44,0.1503,0.1977,142,5.591,25.65,20.89,41.57,0,0,1,1
PDF_05953,2,1,46.3,8,6,1,0,33.32,0.3429,0.5044,180,5.786,43.09,46.84,82.71,1,0,0,1
PDF_05954,1,2,28.98,8,3,1,0,38.04,0.2396,0.2753,99,6.062,27.34,27.37,25.98,0,1,0,1
PDF_05955,1,3,74.66,10,8,2,0,33.11,0.2495,0.2547,131,7.066,21.72,53.92,26.9,0,0,0,1
PDF_05956,1,2,23.37,7,8,1,0,0.0,0.1747,0.2403,189,6.883,32.82,24.92,41.33,0,0,0,1
PDF_05957,2,2,55.26,12,9,3,0,31.25,0.3543,0.3176,178,5.88,69.04,59.39,64.17,0,0,0,1
PDF_05958,2,2,23.05,1,2,0,0,20.81,0.2629,0.2631,78,6.271,42.63,32.75,26.43,0,0,1,1
PDF_05959,3,1,44.48,9,6,2,0,25.88,0.2785,0.2368,58,5.429,40.92,35.32,28.23,0,0,0,1
PDF_05960,2,3,21.06,2,3,0,0,15.51,0.2766,0.2695,92,5.629,34.71,30.72,39.95,0,0,1,1
PDF_05961,0,1,4.69,6,0,0,0,49.28,0.1477,0.2446,86,6.051,20.59,1.05,4.54,0,1,1,1
PDF_05962,1,3,23.32,5,4,3,0,30.1,0.1822,0.233,138,6.054,35.77,19.7,24.1,0,0,0,1
PDF_05963,1,2,44.28,8,1,1,0,30.83,0.2877,0.2361,165,5.854,42.96,50.14,24.28,0,0,0,1
PDF_05964,1,4,50.15,8,2,2,0,23.52,0.2638,0.1427,146,5.802,78.94,17.72,29.98,0,0,0,1
PDF_05965,1,2,52.8,9,7,2,0,6.89,0.2683,0.2389,121,4.802,50.73,49.79,36.43,0,0,0,1
PDF_05966,1,1,30.04,6,3,0,0,22.07,0.2446,0.1663,121,6.099,53.75,16.24,32.56,0,0,0,1
PDF_05967,1,2,0.0,0,5,2,0,0.0,0.1005,0.2044,69,4.741,6.34,9.1,0.29,0,0,0,1
PDF_05968,1,2,47.05,7,5,2,0,58.39,0.1654,0.2192,101,5.43,61.24,28.44,47.89,0,1,0,1
PDF_05969,3,2,38.34,9,7,1,0,17.92,0.2942,0.2039,154,5.36,32.26,39.55,29.29,0,0,0,1
PDF_05970,2,2,49.34,11,9,2,1,31.92,0.3213,0.3389,145,5.643,60.34,36.36,35.24,0,0,0,1
PDF_05971,1,2,12.62,4,2,0,0,40.33,0.2149,0.1841,106,5.543,22.02,12.76,11.03,0,1,1,1
PDF_05972,1,2,29.29,3,6,1,0,47.77,0.298,0.1894,148,5.34,35.0,19.51,45.35,0,1,1,1
PDF_05973,0,3,0.0,5,0,0,0,40.3,0.2444,0.3577,119,5.826,17.37,7.33,57.12,1,1,1,1
PDF_05974,2,2,31.89,7,2,1,0,0.0,0.2261,0.3045,96,6.798,69.75,2.47,60.89,1,0,0,1
PDF_05975,0,3,8.8,5,4,0,0,2.44,0.294,0.2624,115,5.189,31.82,24.16,15.64,0,0,1,1
PDF_05976,2,2,14.4,6,4,1,0,33.11,0.3274,0.4155,126,5.266,59.96,23.89,66.87,1,1,0,1
PDF_05977,1,3,41.74,10,7,1,0,48.97,0.3988,0.4732,158,5.952,51.88,33.56,86.04,1,0,1,1
PDF_05978,1,1,23.79,5,5,0,1,39.0,0.2991,0.2215,108,5.909,32.45,8.21,31.34,0,1,1,1
PDF_05979,2,2,24.65,3,6,1,0,32.72,0.3104,0.252,114,5.996,29.8,31.11,32.01,0,0,1,1
PDF_05980,2,3,21.58,1,6,0,0,71.77,0.188,0.2744,170,4.948,37.9,34.13,33.57,0,1,1,1
PDF_05981,1,3,52.5,12,3,2,1,66.19,0.2687,0.2305,190,6.803,57.6,49.43,47.5,0,1,0,1
PDF_05982,0,2,24.41,7,5,1,1,53.39,0.2387,0.275,136,6.05,39.35,45.98,30.09,0,1,1,1
PDF_05983,3,2,32.91,7,8,1,0,15.64,0.2801,0.2023,91,5.613,36.5,35.97,25.54,0,0,0,1
PDF_05984,0,2,0.0,1,1,0,0,0.0,0.0772,0.1424,76,4.801,17.63,0.0,16.78,0,0,1,1
PDF_05985,2,2,49.0,10,8,2,0,72.28,0.2405,0.2108,171,7.751,63.02,58.91,21.73,0,1,0,1
PDF_05986,1,3,45.71,9,8,1,0,27.15,0.2401,0.2304,106,5.61,39.27,36.65,30.31,0,0,0,1
PDF_05987,1,2,0.0,3,4,1,0,0.0,0.118,0.2123,52,4.959,20.95,12.38,29.42,0,0,0,1
PDF_05988,1,3,35.7,10,7,2,0,21.8,0.2788,0.1835,131,5.961,96.41,53.91,27.24,0,0,0,1
PDF_05989,0,2,9.04,8,6,0,0,44.15,0.2008,0.2082,89,5.48,22.55,6.15,13.72,0,1,0,1
PDF_05990,2,2,24.41,6,5,1,0,14.62,0.1119,0.2145,63,5.049,29.45,34.96,24.68,0,0,0,1
PDF_05991,0,2,33.48,3,4,1,0,49.28,0.2469,0.2125,119,6.045,37.81,47.6,33.01,0,1,0,1
PDF_05992,2,2,36.01,5,0,0,0,65.31,0.366,0.2798,133,5.259,36.59,37.47,37.85,0,1,1,1
PDF_05993,2,1,31.39,7,3,3,1,70.97,0.2329,0.2361,84,5.18,57.19,17.63,30.83,0,1,0,1
PDF_05994,2,2,22.8,5,5,2,0,0.45,0.3545,0.3768,145,6.353,29.85,10.11,78.3,1,0,0,1
PDF_05995,1,2,34.87,2,8,0,0,21.73,0.2201,0.0909,125,5.62,26.29,22.17,30.18,0,0,0,1
PDF_05996,2,1,17.45,6,4,1,1,8.74,0.3013,0.4474,181,5.803,34.84,16.46,80.73,1,0,1,1
PDF_05997,2,4,36.56,4,3,0,0,29.73,0.268,0.2208,152,5.818,47.41,42.55,26.35,0,0,1,1
PDF_05998,0,2,0.0,5,3,1,0,19.78,0.2372,0.301,124,4.227,28.06,16.63,7.65,0,1,0,1
PDF_05999,1,2,15.06,2,2,0,0,6.42,0.2525,0.3585,142,4.619,16.64,12.14,61.05,1,0,0,1
PDF_06000,1,1,0.0,6,2,1,0,5.95,0.164,0.0663,58,5.548,8.84,0.0,0.0,0,0,0,1
PDF_06001,1,2,45.97,6,9,2,0,44.04,0.284,0.1639,109,5.841,47.61,47.72,36.08,0,0,0,1
PDF_06002,1,3,15.75,3,5,0,0,0.0,0.2056,0.1459,97,5.116,11.27,31.7,12.2,0,0,0,1
PDF_06003,0,1,21.02,5,2,2,0,7.87,0.2439,0.2612,69,5.748,62.27,0.87,32.3,0,0,0,1
PDF_06004,1,2,27.58,10,2,2,1,18.96,0.2779,0.1965,102,7.068,49.92,25.09,25.64,0,0,1,1
PDF_06005,1,1,23.51,7,5,0,0,40.01,0.2017,0.0831,92,4.732,42.0,23.88,26.07,0,1,0,1
PDF_06006,0,2,28.24,3,4,1,0,3.39,0.1502,0.3144,91,6.097,31.21,8.53,12.59,0,0,1,1
PDF_06007,2,2,18.32,8,0,1,1,4.53,0.3875,0.3881,175,6.079,14.27,7.11,70.17,1,0,1,1
PDF_06008,2,1,57.92,7,9,1,0,32.04,0.3029,0.2992,104,6.381,39.87,24.12,23.43,0,0,0,1
PDF_06009,2,1,48.01,9,3,1,0,40.75,0.2012,0.3093,134,6.243,61.99,52.73,39.3,0,0,0,1
PDF_06010,1,3,15.37,4,4,0,0,3.4,0.2748,0.1771,94,5.993,32.11,18.16,17.46,0,0,1,1
PDF_06011,1,2,10.38,0,5,0,1,4.99,0.1723,0.1702,119,6.479,26.09,0.0,14.94,0,0,1,1
PDF_06012,3,3,47.74,12,5,3,0,29.1,0.3156,0.3068,157,6.346,74.56,51.52,27.26,0,0,0,1
PDF_06013,0,2,0.0,6,1,1,0,0.0,0.0621,0.1964,79,6.19,7.32,0.0,12.65,0,0,0,1
PDF_06014,2,1,0.0,4,3,0,0,0.0,0.0595,0.0983,39,4.776,10.03,0.0,5.25,0,0,0,1
PDF_06015,0,2,35.83,10,6,1,0,0.0,0.3474,0.4205,153,5.279,41.64,23.43,68.23,1,0,0,1
PDF_06016,0,2,17.27,3,6,1,1,0.0,0.265,0.1605,94,6.077,44.89,13.89,0.07,0,0,0,1
PDF_06017,1,2,11.87,2,3,0,0,24.87,0.2231,0.2065,101,5.791,14.01,24.59,22.83,0,0,1,1
PDF_06018,0,3,25.33,6,0,1,0,6.79,0.2135,0.1944,105,6.338,40.45,32.75,31.71,0,0,1,1
PDF_06019,0,3,0.0,2,2,0,0,10.74,0.1031,0.2,66,5.823,9.09,0.0,9.32,0,0,1,1
PDF_06020,1,2,20.39,6,10,0,1,44.56,0.2837,0.184,116,5.6,35.62,19.95,26.3,0,1,1,1
PDF_06021,0,3,30.47,5,6,0,0,22.93,0.2435,0.253,120,6.163,39.49,28.29,48.41,0,0,1,1
PDF_06022,2,3,44.96,10,9,2,0,17.1,0.2341,0.3006,112,5.955,48.39,34.18,9.89,0,0,0,1
PDF_06023,1,1,20.48,0,1,0,0,17.95,0.1727,0.2249,129,4.375,21.71,11.12,21.22,0,0,1,1
PDF_06024,1,2,6.65,4,4,1,1,0.0,0.0762,0.1342,60,5.603,0.0,0.0,0.0,0,0,0,1
PDF_06025,2,3,23.74,5,5,0,1,15.18,0.2746,0.279,159,6.712,33.21,36.51,30.55,0,0,1,1
PDF_06026,0,2,6.51,3,0,1,0,0.0,0.2047,0.1846,130,5.453,16.04,9.43,9.08,0,0,1,1
PDF_06027,3,2,37.77,7,10,2,1,41.14,0.3707,0.2642,203,6.718,48.25,56.15,42.14,0,0,1,1
PDF_06028,0,1,0.0,2,3,0,0,5.3,0.1614,0.2094,85,5.759,15.79,27.29,0.0,0,0,1,1
PDF_06029,1,2,18.62,3,2,2,0,48.19,0.2087,0.1359,69,5.518,44.3,34.47,20.79,0,1,0,1
PDF_06030,2,3,21.46,2,3,2,0,0.0,0.2132,0.1442,82,5.887,15.05,15.81,0.0,0,0,0,1
PDF_06031,0,2,35.48,3,1,2,0,45.0,0.2007,0.2424,134,6.517,46.59,23.45,30.92,0,1,0,1
PDF_06032,1,1,28.39,6,6,1,0,5.36,0.2438,0.1697,49,6.393,32.57,20.69,18.94,0,0,0,1
PDF_06033,1,2,48.89,9,5,1,0,27.9,0.3226,0.4867,187,6.596,45.7,37.41,62.17,1,0,0,1
PDF_06034,1,2,33.7,7,5,0,0,50.36,0.1702,0.3322,117,6.605,46.12,34.55,13.68,0,1,0,1
PDF_06035,2,3,57.68,8,5,2,0,0.21,0.3274,0.3136,147,7.501,44.92,58.02,33.41,0,0,0,1
PDF_06036,2,1,31.83,5,3,1,0,0.0,0.2427,0.2004,102,5.906,35.16,34.66,17.94,0,0,0,1
PDF_06037,3,2,40.73,7,6,2,0,24.29,0.2356,0.2773,139,6.099,53.86,38.68,32.02,0,0,0,1
PDF_06038,1,2,38.7,7,6,1,0,22.42,0.2826,0.2896,142,5.892,66.15,44.52,21.72,0,0,0,1
PDF_06039,0,3,32.0,12,1,0,0,33.46,0.2372,0.1961,88,6.581,54.64,4.3,0.14,0,0,0,1
PDF_06040,3,2,40.41,5,7,2,0,25.34,0.3796,0.408,202,4.711,51.42,38.79,94.03,1,0,0,1
PDF_06041,1,1,0.91,2,1,0,0,56.88,0.1542,0.1439,72,6.783,23.04,22.45,2.05,0,1,1,1
PDF_06042,0,2,39.66,10,4,2,1,63.44,0.2884,0.2273,184,6.12,86.08,48.58,21.78,0,1,0,1
PDF_06043,0,3,45.27,10,8,2,0,59.57,0.3194,0.4246,174,6.581,50.73,63.77,78.18,1,1,0,1
PDF_06044,1,4,51.54,11,7,2,0,4.83,0.3476,0.2588,125,5.591,65.49,70.23,37.13,0,0,0,1
PDF_06045,0,1,1.95,1,1,0,0,33.75,0.15,0.2067,84,5.67,2.57,6.21,16.8,0,1,1,1
PDF_06046,0,2,23.5,6,5,2,1,41.76,0.203,0.2269,126,4.214,24.72,26.33,34.8,0,1,0,1
PDF_06047,1,2,60.9,8,6,1,0,33.51,0.2831,0.2475,141,5.403,50.07,44.24,27.73,0,0,0,1
PDF_06048,2,2,18.96,2,8,1,1,45.32,0.2451,0.1683,103,6.514,38.22,20.36,14.54,0,1,0,1
PDF_06049,3,2,33.41,2,7,1,1,23.03,0.4001,0.3964,156,6.48,22.8,29.5,76.74,1,0,0,1
PDF_06050,1,2,28.33,5,7,1,0,9.7,0.205,0.2829,134,4.924,49.1,10.11,15.13,0,0,0,1
PDF_06051,2,4,26.94,6,3,1,0,4.03,0.3079,0.2848,162,5.66,31.28,25.68,40.73,0,0,1,1
PDF_06052,2,2,56.15,10,9,3,0,17.88,0.3455,0.3128,143,6.643,59.05,49.26,27.23,0,0,0,1
PDF_06053,1,2,25.94,4,0,0,0,5.09,0.1901,0.2167,89,5.684,26.61,0.0,13.68,0,0,0,1
PDF_06054,2,2,23.62,2,8,0,1,67.1,0.25,0.2619,89,5.926,45.92,29.13,33.89,0,1,0,1
PDF_06055,1,1,43.86,9,8,0,0,9.03,0.299,0.4082,113,6.125,49.11,26.8,64.02,1,0,0,1
PDF_06056,2,3,27.07,7,3,2,0,23.99,0.2548,0.2743,167,5.715,44.84,59.52,33.58,0,0,0,1
PDF_06057,0,1,58.17,9,6,1,0,16.53,0.2908,0.2594,77,6.562,28.22,43.48,27.38,0,0,0,1
PDF_06058,2,2,15.52,2,0,0,0,47.31,0.2315,0.171,89,5.096,27.5,5.61,25.51,0,1,1,1
PDF_06059,2,2,35.83,4,2,1,1,25.08,0.2419,0.2175,135,6.9,40.92,21.61,33.58,0,0,1,1
PDF_06060,1,3,16.29,2,3,2,0,0.0,0.2099,0.2081,96,6.324,36.29,13.58,22.98,0,0,0,1
PDF_06061,2,3,38.61,9,1,0,0,59.32,0.2161,0.2239,113,6.181,51.29,34.06,28.64,0,1,0,1
PDF_06062,1,2,30.21,5,5,0,0,34.36,0.3032,0.3452,165,5.238,74.11,38.4,80.28,1,1,0,1
PDF_06063,1,2,23.64,8,3,1,0,25.51,0.2418,0.1419,134,5.891,28.38,43.18,15.54,0,0,1,1
PDF_06064,1,1,41.21,8,3,2,1,49.91,0.3039,0.1893,155,4.989,24.4,50.15,38.84,0,1,0,1
PDF_06065,1,3,0.0,4,0,0,0,18.54,0.124,0.206,63,4.854,14.27,0.0,34.96,0,1,1,1
PDF_06066,2,3,42.23,8,5,0,0,17.0,0.2914,0.2372,130,5.633,65.2,13.95,11.26,0,0,0,1
PDF_06067,1,1,24.76,2,6,0,0,10.58,0.2629,0.1713,126,5.584,33.9,25.2,33.94,0,0,1,1
PDF_06068,4,1,32.56,10,7,2,0,30.2,0.3372,0.4183,147,5.791,46.41,38.98,73.83,1,0,0,1
PDF_06069,1,2,49.12,9,5,1,0,19.06,0.2684,0.1692,127,5.473,47.15,56.5,51.3,0,1,0,1
PDF_06070,3,2,35.71,7,3,2,0,25.15,0.369,0.2193,158,6.057,50.99,46.61,34.03,0,0,1,1
PDF_06071,1,2,30.53,6,6,0,0,0.0,0.1815,0.1973,118,5.411,48.46,1.01,6.64,0,0,0,1
PDF_06072,2,2,47.45,8,10,1,0,27.68,0.3197,0.2875,121,6.374,85.06,85.4,51.37,0,0,0,1
PDF_06073,2,1,0.0,7,4,2,1,0.0,0.2231,0.1062,115,5.526,50.52,12.05,22.45,0,0,0,1
PDF_06074,1,1,0.0,1,6,0,0,0.16,0.121,0.1155,121,5.848,31.23,0.0,0.0,0,0,0,1
PDF_06075,1,2,17.43,5,4,0,0,10.88,0.296,0.4405,94,4.767,26.76,6.02,71.49,1,0,0,1
PDF_06076,1,2,56.68,7,4,1,0,48.43,0.2588,0.1838,150,5.565,53.38,38.81,23.73,0,1,0,1
PDF_06077,1,2,61.77,11,6,3,0,73.74,0.2222,0.2875,128,5.472,55.85,46.88,27.39,0,1,0,1
PDF_06078,0,2,11.04,2,0,0,0,20.69,0.2241,0.0678,68,5.741,5.83,0.0,8.99,0,0,1,1
PDF_06079,2,3,30.05,8,4,2,0,8.59,0.2833,0.2135,79,6.619,35.73,31.57,39.33,0,0,1,1
PDF_06080,2,3,50.24,7,5,2,0,24.67,0.2941,0.1852,110,6.425,27.25,39.25,28.97,0,0,0,1
PDF_06081,1,1,1.57,2,2,0,0,0.0,0.1391,0.1879,39,5.781,15.93,14.72,12.7,0,0,0,1
PDF_06082,0,1,15.18,4,3,1,0,31.83,0.1875,0.1552,88,5.208,26.31,18.23,29.63,0,1,0,1
PDF_06083,1,2,31.97,10,0,1,0,19.62,0.2322,0.2007,87,5.711,47.13,31.72,31.56,0,0,0,1
PDF_06084,1,2,58.2,8,4,2,1,6.71,0.338,0.2505,112,6.607,66.54,37.9,33.43,0,0,0,1
PDF_06085,1,4,39.6,6,5,1,0,19.52,0.1969,0.2277,136,6.455,57.99,28.02,37.97,0,0,0,1
PDF_06086,1,1,47.13,8,5,1,0,3.35,0.2025,0.1812,156,5.348,27.33,30.72,31.2,0,0,0,1
PDF_06087,2,2,13.25,5,0,0,0,1.8,0.2294,0.2365,128,6.049,20.62,18.17,18.62,0,0,1,1
PDF_06088,1,2,0.0,6,4,0,0,15.31,0.1606,0.1692,76,5.481,14.03,0.0,5.91,0,1,0,1
PDF_06089,0,1,0.0,3,3,1,0,0.0,0.0222,0.1752,74,4.618,7.3,0.0,4.98,0,0,0,1
PDF_06090,0,1,12.23,5,3,1,0,22.33,0.351,0.3128,93,5.975,20.09,13.24,64.59,1,0,0,1
PDF_06091,2,1,0.0,5,3,2,1,0.0,0.2101,0.3859,111,5.707,22.89,7.58,59.61,1,0,0,1
PDF_06092,0,2,0.87,3,3,0,0,17.29,0.218,0.1551,107,6.037,30.19,34.45,15.5,0,0,1,1
PDF_06093,0,4,26.8,6,7,1,0,25.89,0.2431,0.1992,131,4.929,27.31,3.88,29.77,0,1,0,1
PDF_06094,1,2,33.2,6,4,1,1,22.11,0.1893,0.1856,128,5.522,40.74,54.87,21.0,0,0,0,1
PDF_06095,1,2,3.69,4,2,2,0,14.75,0.2314,0.2174,82,4.837,44.76,0.0,0.0,0,0,0,1
PDF_06096,1,1,27.53,3,5,2,0,37.39,0.2332,0.298,91,5.825,51.86,9.2,16.48,0,1,0,1
PDF_06097,0,2,9.66,3,1,0,0,0.0,0.167,0.2418,91,4.699,18.63,12.77,20.77,0,0,1,1
PDF_06098,3,2,52.38,12,7,2,0,49.21,0.3505,0.232,109,5.196,70.15,61.74,36.91,0,0,0,1
PDF_06099,1,2,26.58,8,5,1,0,34.3,0.2211,0.1856,66,5.996,56.82,17.63,25.13,0,1,0,1
PDF_06100,2,3,57.43,6,8,2,0,56.16,0.4087,0.299,153,6.365,53.41,51.08,69.08,1,1,0,1
PDF_06101,2,2,39.43,6,4,0,0,93.52,0.3409,0.1821,162,6.113,43.73,33.55,36.23,0,1,1,1
PDF_06102,1,2,0.0,0,0,0,1,0.0,0.2398,0.3209,55,6.986,20.3,0.0,48.65,1,0,1,1
PDF_06103,1,3,53.88,7,5,2,0,22.12,0.3073,0.1871,135,4.412,64.09,42.69,43.96,0,0,0,1
PDF_06104,2,3,5.06,3,0,1,1,0.0,0.3564,0.3862,81,5.782,27.65,17.85,63.49,1,0,0,1
PDF_06105,0,2,17.1,2,4,0,0,6.47,0.1985,0.2066,56,5.928,22.01,7.98,6.05,0,0,1,1
PDF_06106,1,3,23.72,4,1,0,1,15.33,0.27,0.2537,105,5.817,28.73,29.25,40.38,0,0,1,1
PDF_06107,0,2,16.16,3,5,1,0,32.41,0.2391,0.2147,119,5.333,35.37,17.17,30.49,0,1,0,1
PDF_06108,2,2,75.36,10,10,3,0,19.51,0.3621,0.1864,167,7.321,68.65,62.18,37.02,0,0,0,1
PDF_06109,3,2,47.32,9,3,3,0,84.6,0.2942,0.2957,139,5.66,63.95,55.36,52.41,0,1,0,1
PDF_06110,1,1,19.28,3,1,0,0,2.26,0.2478,0.2448,164,6.872,27.4,26.41,19.44,0,0,1,1
PDF_06111,0,3,33.91,5,5,2,1,0.0,0.3509,0.522,132,5.654,25.91,18.89,61.24,1,0,1,1
PDF_06112,1,4,39.08,11,4,1,0,58.31,0.3286,0.2698,138,6.229,55.71,39.5,32.78,0,1,0,1
PDF_06113,1,1,27.63,6,6,1,0,31.4,0.3363,0.263,157,5.866,26.21,40.57,47.11,0,0,1,1
PDF_06114,3,2,32.6,2,2,1,0,10.61,0.3188,0.4578,147,6.07,34.46,20.34,79.47,1,0,0,1
PDF_06115,1,2,33.0,9,2,1,0,7.29,0.2254,0.148,78,6.344,35.44,30.92,13.16,0,0,0,1
PDF_06116,1,2,36.14,9,6,2,0,47.12,0.1835,0.1853,113,6.3,72.41,28.83,33.32,0,1,0,1
PDF_06117,1,3,12.41,4,1,0,0,0.27,0.2123,0.2197,80,6.151,14.48,2.08,15.49,0,0,0,1
PDF_06118,0,3,34.93,8,3,2,0,8.15,0.2126,0.2942,100,6.274,49.31,26.82,27.15,0,0,0,1
PDF_06119,1,2,21.61,1,5,1,0,0.0,0.2293,0.1941,107,5.727,25.57,16.11,14.55,0,0,0,1
PDF_06120,0,2,10.42,1,1,0,0,13.59,0.1019,0.1452,87,4.988,19.73,8.88,47.63,0,0,1,1
PDF_06121,2,3,54.48,7,9,1,0,37.61,0.2391,0.1866,164,6.226,90.43,23.54,38.39,0,0,0,1
PDF_06122,1,2,19.44,4,4,0,0,68.05,0.2389,0.2689,90,5.663,18.27,23.08,27.71,0,1,1,1
PDF_06123,1,1,0.0,2,0,1,0,43.03,0.2077,0.2052,86,6.619,28.42,15.63,10.31,0,1,0,1
PDF_06124,1,3,3.5,3,2,0,0,0.0,0.1022,0.148,52,5.266,15.9,0.0,0.0,0,0,1,1
PDF_06125,2,3,40.37,9,5,1,0,47.9,0.2447,0.1818,142,6.368,43.82,37.94,39.97,0,0,0,1
PDF_06126,1,1,15.02,3,1,0,0,0.0,0.2016,0.1392,41,5.946,37.94,0.0,21.69,0,0,0,1
PDF_06127,3,1,39.53,10,4,1,0,10.91,0.3536,0.5781,79,5.594,60.4,26.85,63.31,1,0,0,1
PDF_06128,0,3,18.01,3,3,1,0,50.55,0.2985,0.4494,134,5.572,39.82,33.05,71.24,1,1,0,1
PDF_06129,1,2,52.1,8,7,1,1,39.84,0.4232,0.5927,173,5.421,69.83,47.2,80.24,1,0,0,1
PDF_06130,1,3,2.78,0,0,1,0,38.14,0.2461,0.1856,122,5.886,43.83,13.64,24.17,0,1,1,1
PDF_06131,1,2,25.34,6,5,1,1,22.24,0.2793,0.2146,159,6.823,23.98,39.87,33.77,0,0,0,1
PDF_06132,1,2,0.0,4,2,2,0,58.07,0.2177,0.2181,155,4.904,27.27,22.58,27.45,0,1,1,1
PDF_06133,0,2,50.19,7,5,1,0,43.95,0.2501,0.4175,130,4.916,34.97,21.71,60.4,1,1,0,1
PDF_06134,0,3,26.13,2,1,0,1,23.74,0.2053,0.2664,137,5.357,29.39,15.25,31.51,0,0,1,1
PDF_06135,0,1,8.97,3,1,1,0,6.49,0.0935,0.1653,83,6.587,11.4,3.86,1.62,0,0,0,1
PDF_06136,2,3,13.24,4,3,0,0,8.34,0.2836,0.3549,151,5.678,11.29,17.94,67.14,1,0,1,1
PDF_06137,1,1,23.38,2,4,2,1,10.4,0.2195,0.1547,93,5.864,3.26,26.18,14.31,0,0,0,1
PDF_06138,1,2,16.75,5,4,1,0,9.92,0.2295,0.1955,100,6.795,42.68,15.74,23.15,0,0,0,1
PDF_06139,2,3,44.7,4,8,2,0,21.81,0.2332,0.2134,152,7.162,37.1,38.74,22.17,0,0,0,1
PDF_06140,1,1,9.51,6,5,0,0,0.0,0.0738,0.1594,85,5.471,21.28,0.0,0.0,0,0,0,1
PDF_06141,1,1,8.81,6,5,1,0,34.23,0.1448,0.1389,73,5.716,29.64,0.0,0.0,0,1,0,1
PDF_06142,0,3,34.5,2,8,1,0,16.66,0.1394,0.1749,96,6.809,60.46,29.39,20.92,0,0,0,1
PDF_06143,1,3,21.96,6,4,2,0,24.45,0.1956,0.1987,106,5.043,45.41,42.14,31.79,0,0,0,1
PDF_06144,0,1,7.03,5,2,1,0,0.0,0.2438,0.2622,123,5.656,21.96,13.15,15.65,0,0,1,1
PDF_06145,2,3,46.52,4,4,2,0,37.03,0.3164,0.2172,144,5.851,62.22,26.26,26.65,0,0,0,1
PDF_06146,1,2,19.01,8,8,2,0,0.0,0.2585,0.2436,116,4.072,34.82,2.82,34.96,0,0,0,1
PDF_06147,1,1,25.4,4,2,1,0,0.0,0.2023,0.1919,126,5.969,41.58,25.59,17.27,0,0,0,1
PDF_06148,1,1,49.56,1,5,1,0,61.38,0.2697,0.2031,100,5.835,29.8,60.03,46.62,0,1,0,1
PDF_06149,3,2,31.3,6,1,3,0,34.34,0.3346,0.1828,153,5.955,35.0,45.44,39.82,0,0,1,1
PDF_06150,1,2,12.38,4,0,0,0,0.0,0.2392,0.2098,98,6.834,11.16,0.0,15.57,0,0,1,1
PDF_06151,1,3,44.34,7,4,2,0,0.0,0.2523,0.2945,88,5.171,41.31,32.81,18.9,0,0,0,1
PDF_06152,0,2,28.29,7,3,1,0,23.39,0.1506,0.2141,143,6.049,69.39,26.9,33.66,0,0,0,1
PDF_06153,1,1,51.51,3,6,1,0,31.97,0.2083,0.2266,154,5.64,40.03,34.39,50.77,0,0,0,1
PDF_06154,1,1,17.49,7,5,0,0,13.26,0.2241,0.2855,68,5.964,15.73,12.81,26.39,0,0,0,1
PDF_06155,1,2,60.74,10,3,1,0,21.35,0.2589,0.1759,131,4.954,49.51,51.45,41.84,0,0,0,1
PDF_06156,2,1,17.83,0,3,1,0,49.51,0.2595,0.401,99,5.813,25.03,15.38,59.43,1,1,1,1
PDF_06157,0,2,25.83,4,7,3,1,55.47,0.3234,0.4614,161,4.658,34.28,26.26,75.8,1,1,0,1
PDF_06158,1,1,39.63,6,5,1,1,25.85,0.1954,0.1787,93,5.559,24.19,18.82,6.35,0,1,0,1
PDF_06159,2,3,38.27,9,2,2,0,35.02,0.2439,0.1795,132,7.015,33.69,17.01,46.99,0,0,1,1
PDF_06160,1,2,28.57,7,3,1,0,22.98,0.2756,0.3547,168,5.722,41.26,24.32,77.07,1,0,0,1
PDF_06161,1,2,0.0,5,2,0,0,36.44,0.3959,0.3635,136,5.79,27.83,25.74,68.83,1,1,0,1
PDF_06162,2,3,57.41,12,6,3,0,15.84,0.3064,0.3455,119,6.604,52.97,54.16,33.54,0,0,0,1
PDF_06163,0,2,12.41,4,1,1,0,9.91,0.2103,0.1406,149,6.66,40.23,39.57,12.46,0,0,0,1
PDF_06164,0,2,12.62,6,7,0,0,27.46,0.2253,0.2123,116,5.56,9.87,17.67,32.87,0,1,1,1
PDF_06165,2,3,23.85,6,6,1,0,16.9,0.2168,0.1938,61,4.688,58.39,34.26,33.91,0,0,0,1
PDF_06166,1,1,17.05,1,1,0,0,0.0,0.1812,0.0756,79,5.537,15.16,2.38,21.75,0,0,1,1
PDF_06167,0,2,21.46,7,0,0,0,33.73,0.1144,0.2859,72,5.865,27.44,22.33,31.29,0,1,1,1
PDF_06168,2,1,28.16,6,5,2,0,3.23,0.2235,0.2394,86,4.773,44.38,44.81,34.43,0,0,0,1
PDF_06169,2,1,42.85,9,7,1,0,39.71,0.238,0.2458,103,5.652,44.09,53.12,18.42,0,0,0,1
PDF_06170,1,2,20.64,5,5,0,0,2.41,0.4288,0.4247,115,5.007,36.35,28.93,66.76,1,0,1,1
PDF_06171,1,2,39.78,2,3,1,0,0.0,0.2571,0.0938,92,5.784,21.79,21.47,9.12,0,0,0,1
PDF_06172,0,2,49.69,8,8,1,1,18.94,0.2491,0.2017,109,5.939,49.7,35.17,40.39,0,0,0,1
PDF_06173,0,2,39.4,6,4,2,0,16.62,0.2168,0.2011,118,5.36,44.02,35.75,19.55,0,0,0,1
PDF_06174,1,4,34.33,4,3,0,0,62.28,0.2683,0.2283,125,5.892,35.37,16.35,37.9,0,1,1,1
PDF_06175,2,1,16.72,2,3,0,0,14.01,0.1969,0.1561,86,5.86,29.36,0.0,16.77,0,0,1,1
PDF_06176,1,2,27.23,5,4,1,0,19.1,0.1953,0.1371,74,5.597,45.53,21.95,22.94,0,0,0,1
PDF_06177,1,3,19.16,8,4,1,0,0.38,0.2957,0.3825,148,6.131,50.29,42.24,72.41,1,0,0,1
PDF_06178,0,2,5.77,6,2,0,0,22.0,0.1472,0.1453,59,4.435,9.93,0.0,8.79,0,1,1,1
PDF_06179,1,1,10.49,4,1,3,0,0.0,0.1698,0.1269,58,5.603,37.97,8.87,31.08,0,0,0,1
PDF_06180,1,3,34.37,7,7,3,1,0.0,0.3866,0.4028,155,5.191,47.3,21.85,75.42,1,0,0,1
PDF_06181,1,1,14.16,0,1,0,0,7.82,0.1428,0.1566,86,6.183,1.21,10.74,23.46,0,0,1,1
PDF_06182,1,2,18.51,3,3,1,0,11.48,0.252,0.1954,140,5.68,32.04,26.33,40.48,0,0,1,1
PDF_06183,0,2,23.46,7,5,0,0,23.86,0.2663,0.3803,133,5.029,28.11,40.46,78.91,1,1,0,1
PDF_06184,0,1,36.34,6,6,1,0,19.06,0.2552,0.2462,135,5.648,56.29,32.81,20.65,0,0,0,1
PDF_06185,2,2,15.03,4,2,1,0,28.98,0.3171,0.4356,123,4.52,31.25,30.41,65.01,1,1,0,1
PDF_06186,0,1,0.0,5,6,0,0,49.54,0.2481,0.1484,64,5.87,19.09,0.0,14.66,0,1,0,1
PDF_06187,1,1,12.74,6,1,3,1,53.51,0.1652,0.1425,96,6.194,37.02,4.95,10.79,0,1,0,1
PDF_06188,1,2,7.11,2,1,0,0,32.32,0.1228,0.2236,28,5.525,18.19,0.0,12.44,0,1,1,1
PDF_06189,1,2,43.06,6,6,1,0,41.35,0.3789,0.4634,188,6.214,37.58,42.96,66.01,1,0,1,1
PDF_06190,2,2,54.4,3,5,2,0,51.8,0.2829,0.2814,124,6.152,59.81,41.4,39.3,0,0,0,1
PDF_06191,2,1,48.43,6,6,2,0,7.03,0.2667,0.2781,150,5.579,69.66,30.13,39.39,0,0,0,1
PDF_06192,1,3,26.97,4,5,1,0,25.19,0.1964,0.1476,159,6.012,30.9,36.45,31.06,0,0,0,1
PDF_06193,0,3,30.46,6,4,1,0,4.21,0.2489,0.219,97,6.46,14.32,23.05,27.96,0,0,1,1
PDF_06194,0,1,9.66,3,2,1,1,24.32,0.3344,0.3903,137,6.364,48.0,25.58,76.34,1,0,0,1
PDF_06195,1,2,18.94,5,4,0,0,0.0,0.2427,0.1609,104,6.31,7.66,26.06,9.56,0,0,1,1
PDF_06196,2,2,22.65,6,0,0,0,37.43,0.2257,0.2827,116,5.815,30.74,23.47,18.22,0,1,1,1
PDF_06197,1,1,0.0,7,0,0,0,0.0,0.1893,0.0588,95,5.479,0.0,5.81,2.18,0,0,0,1
PDF_06198,1,2,16.22,0,3,1,0,26.08,0.202,0.3725,134,5.484,25.86,17.24,34.98,0,0,1,1
PDF_06199,1,1,16.72,3,3,0,0,0.0,0.1898,0.2187,56,5.953,20.89,0.0,2.41,0,0,1,1
PDF_06200,2,2,46.11,10,3,1,1,17.03,0.2887,0.217,112,5.141,37.87,18.52,23.93,0,0,0,1
PDF_06201,0,4,6.4,4,2,1,0,11.63,0.1435,0.1363,70,5.19,35.82,5.72,26.59,0,0,0,1
PDF_06202,1,1,18.62,7,8,0,0,6.28,0.2049,0.2135,112,5.704,64.42,2.65,12.9,0,0,0,1
PDF_06203,3,1,55.82,8,5,1,0,0.0,0.2718,0.31,128,6.19,58.76,49.81,34.09,0,0,0,1
PDF_06204,1,2,0.0,7,2,0,0,41.15,0.3151,0.2911,90,6.754,22.39,10.8,42.27,1,1,1,1
PDF_06205,0,3,46.38,5,5,2,1,57.59,0.3281,0.325,110,6.544,56.68,54.88,21.53,0,1,0,1
PDF_06206,1,1,58.82,10,7,1,1,27.83,0.1954,0.2914,131,6.782,67.57,48.45,25.27,0,0,0,1
PDF_06207,1,2,15.33,1,4,1,0,11.52,0.1562,0.1428,135,7.115,28.58,23.13,9.45,0,0,1,1
PDF_06208,1,2,53.64,6,5,2,0,0.12,0.1894,0.3161,117,6.033,68.88,28.3,31.86,0,0,0,1
PDF_06209,1,2,16.94,8,5,2,0,1.18,0.2781,0.2624,97,5.679,32.94,42.42,22.5,0,0,0,1
PDF_06210,1,1,37.68,5,4,1,0,18.14,0.3238,0.4272,140,5.428,47.82,29.23,69.39,1,1,0,1
PDF_06211,1,2,56.55,8,8,3,1,31.66,0.2599,0.2666,97,6.288,45.47,61.44,29.66,0,0,0,1
PDF_06212,1,1,7.86,5,2,2,0,30.89,0.3338,0.3855,94,5.773,42.82,23.78,56.14,1,1,0,1
PDF_06213,0,2,37.23,6,2,0,1,6.92,0.2285,0.2907,125,5.571,52.35,31.44,44.21,0,0,0,1
PDF_06214,2,1,28.68,7,3,1,0,0.24,0.2183,0.1989,88,5.251,24.34,25.68,38.94,0,0,0,1
PDF_06215,1,2,38.04,7,2,1,0,46.88,0.3647,0.4031,105,6.338,60.28,31.82,79.83,1,1,0,1
PDF_06216,1,3,23.01,7,3,0,0,29.92,0.2621,0.2432,104,5.374,33.59,7.18,29.51,0,1,1,1
PDF_06217,2,2,11.93,1,3,0,0,0.0,0.1038,0.1412,92,5.932,32.31,0.0,12.45,0,0,0,1
PDF_06218,1,3,36.65,7,7,1,0,23.07,0.2426,0.1059,77,5.876,44.51,23.75,39.82,0,1,0,1
PDF_06219,1,3,14.92,4,5,0,0,45.86,0.2445,0.1799,151,5.058,13.49,20.42,30.0,0,1,1,1
PDF_06220,0,1,18.43,5,4,1,0,0.0,0.1726,0.189,67,5.753,47.98,2.24,25.48,0,0,0,1
PDF_06221,2,1,31.72,6,7,1,0,32.77,0.2882,0.1876,108,6.396,46.95,0.86,14.11,0,0,0,1
PDF_06222,2,2,50.57,10,5,1,0,57.79,0.254,0.1453,134,6.495,55.63,59.9,34.3,0,1,0,1
PDF_06223,1,2,18.6,5,2,2,1,0.0,0.2808,0.2826,129,5.382,36.8,17.43,18.26,0,0,0,1
PDF_06224,3,2,69.17,13,7,2,0,83.51,0.4377,0.5562,195,7.099,69.8,78.04,82.41,1,1,0,1
PDF_06225,1,2,41.49,6,7,1,0,3.72,0.2526,0.2964,122,6.502,15.58,22.57,18.94,0,0,0,1
PDF_06226,1,2,0.0,6,3,1,0,0.0,0.1564,0.3611,104,6.481,0.0,0.0,58.93,1,0,0,1
PDF_06227,4,3,26.21,6,1,0,0,4.4,0.3754,0.4341,141,6.296,25.5,19.76,67.8,1,0,1,1
PDF_06228,2,2,15.03,6,10,1,0,51.43,0.3256,0.2181,114,5.652,39.22,18.97,24.09,0,1,0,1
PDF_06229,0,2,22.93,2,4,1,0,18.94,0.2537,0.1035,96,5.432,35.25,12.53,22.03,0,0,0,1
PDF_06230,0,1,0.0,2,2,0,0,0.0,0.3153,0.3644,135,5.798,10.76,0.0,42.59,1,0,1,1
PDF_06231,2,2,27.08,5,0,0,0,51.43,0.1907,0.2113,147,5.931,36.16,20.46,11.96,0,1,1,1
PDF_06232,0,1,36.93,5,3,2,0,1.84,0.1954,0.206,124,5.798,63.44,20.18,27.9,0,0,0,1
PDF_06233,0,1,21.43,4,3,1,0,20.77,0.2014,0.1898,52,6.607,31.67,30.23,4.74,0,0,0,1
PDF_06234,1,2,19.11,5,7,1,1,17.09,0.1826,0.1358,80,5.797,57.22,5.1,12.33,0,0,0,1
PDF_06235,0,2,33.9,4,5,0,0,12.99,0.236,0.224,158,6.778,20.35,27.81,33.6,0,0,1,1
PDF_06236,1,1,0.0,5,2,0,0,15.44,0.1373,0.1737,61,4.789,17.34,0.0,0.0,0,1,0,1
PDF_06237,1,3,2.96,6,3,1,0,15.17,0.2394,0.3436,141,5.441,25.56,0.0,59.63,1,0,0,1
PDF_06238,2,3,27.05,10,5,0,0,12.5,0.3106,0.2429,161,5.768,52.18,32.6,32.11,0,0,1,1
PDF_06239,1,1,7.73,6,2,2,1,6.68,0.2169,0.1061,56,5.936,33.24,16.16,26.93,0,0,0,1
PDF_06240,1,1,0.0,4,6,2,0,57.74,0.2104,0.1939,104,5.532,23.93,39.25,6.58,0,1,0,1
PDF_06241,2,3,61.07,9,9,2,0,64.15,0.4218,0.4031,177,6.2,59.3,46.33,66.64,1,1,0,1
PDF_06242,0,2,12.28,5,5,1,0,13.57,0.169,0.1543,87,4.42,9.64,6.67,1.33,0,0,0,1
PDF_06243,2,3,58.3,8,5,2,1,41.18,0.2565,0.2438,129,6.126,47.7,74.08,41.55,0,0,0,1
PDF_06244,1,2,14.97,8,0,1,1,9.87,0.2143,0.1784,78,5.723,50.22,18.09,19.02,0,0,0,1
PDF_06245,2,2,53.47,6,10,2,1,44.3,0.2636,0.3059,150,5.632,59.03,66.15,24.18,0,0,0,1
PDF_06246,0,2,19.78,8,6,1,0,61.59,0.2025,0.3141,96,5.383,49.19,32.06,17.13,0,1,0,1
PDF_06247,1,1,12.6,8,3,1,0,0.0,0.1667,0.1959,92,5.44,31.35,24.08,21.74,0,0,0,1
PDF_06248,1,1,12.67,0,1,0,0,0.0,0.3003,0.4201,82,4.999,31.64,7.15,40.38,1,0,1,1
PDF_06249,0,1,23.0,8,6,0,0,5.09,0.2885,0.4409,117,6.146,25.28,4.87,84.07,1,0,1,1
PDF_06250,2,3,59.51,8,6,2,0,40.25,0.2959,0.2589,154,5.656,55.94,43.24,64.36,0,0,0,1
PDF_06251,1,2,24.86,8,2,1,0,16.55,0.4459,0.3999,190,6.424,44.78,34.27,66.53,1,0,1,1
PDF_06252,1,3,56.45,9,9,1,0,61.24,0.2965,0.3221,179,5.799,69.46,49.32,29.94,0,1,0,1
PDF_06253,0,1,0.0,0,3,0,0,0.0,0.1296,0.0998,41,6.16,0.0,0.0,16.44,0,0,1,1
PDF_06254,3,2,50.76,5,7,2,1,29.01,0.2803,0.214,132,7.239,49.08,33.0,11.21,0,0,0,1
PDF_06255,1,3,49.63,9,6,1,0,51.37,0.2807,0.2914,137,5.361,59.32,53.11,46.03,0,0,0,1
PDF_06256,1,3,51.13,5,6,0,0,11.72,0.1876,0.2666,127,5.892,39.54,5.74,34.43,0,0,0,1
PDF_06257,2,1,20.89,1,3,0,0,11.24,0.3211,0.3821,131,6.56,34.32,19.94,70.66,1,0,1,1
PDF_06258,2,2,51.39,10,5,0,0,37.23,0.2796,0.2913,108,6.129,46.5,44.23,34.97,0,0,0,1
PDF_06259,3,2,36.36,7,4,1,0,5.03,0.2729,0.1921,138,6.452,46.97,44.52,26.24,0,0,0,1
PDF_06260,1,1,4.22,5,1,2,0,4.64,0.1406,0.1365,86,6.395,25.42,5.87,14.29,0,0,0,1
PDF_06261,0,2,24.47,3,5,0,0,44.61,0.221,0.2664,102,5.524,30.45,12.98,7.52,0,1,1,1
PDF_06262,1,3,0.0,2,2,1,0,46.89,0.2013,0.1036,59,5.947,22.8,13.6,8.65,0,1,0,1
PDF_06263,1,1,0.0,4,4,2,0,29.44,0.2621,0.3571,67,3.888,9.53,8.42,68.87,1,1,0,1
PDF_06264,0,1,27.03,7,0,0,0,40.82,0.2009,0.1628,71,5.535,18.37,15.74,41.02,0,1,1,1
PDF_06265,2,2,36.65,9,8,1,0,17.6,0.2029,0.2223,166,6.392,66.38,31.41,19.4,0,0,0,1
PDF_06266,1,2,34.23,7,5,0,0,38.18,0.2284,0.1917,113,6.227,48.81,22.91,25.37,0,0,0,1
PDF_06267,0,2,46.09,10,4,1,0,46.53,0.2203,0.198,102,5.579,35.88,26.04,29.61,0,1,0,1
PDF_06268,1,2,25.53,2,5,0,0,33.86,0.2872,0.2963,91,6.026,34.34,0.0,59.99,1,1,0,1
PDF_06269,1,1,16.69,6,4,0,0,46.94,0.2433,0.2243,79,5.337,33.46,19.49,14.04,0,1,0,1
PDF_06270,0,2,3.3,3,0,0,0,0.0,0.1563,0.1464,65,6.23,17.01,0.0,18.23,0,0,1,1
PDF_06271,0,2,0.0,4,1,1,0,32.8,0.264,0.3848,68,5.368,24.35,0.0,54.71,1,1,0,1
PDF_06272,1,1,45.4,8,10,3,0,61.2,0.207,0.2192,152,6.94,67.08,69.34,27.2,0,1,0,1
PDF_06273,0,1,8.92,5,4,0,0,0.0,0.2188,0.2412,107,6.167,25.95,3.09,35.54,0,0,1,1
PDF_06274,2,2,30.46,5,5,1,0,62.09,0.27,0.2736,188,5.519,39.89,47.37,31.63,0,1,1,1
PDF_06275,1,2,6.49,6,3,1,0,7.38,0.2078,0.2068,64,6.078,24.7,18.41,30.89,0,0,1,1
PDF_06276,1,2,41.53,8,6,3,0,30.4,0.2666,0.2446,169,6.326,53.83,45.79,39.97,0,0,0,1
PDF_06277,1,1,0.0,6,4,0,0,0.26,0.2936,0.3467,105,6.079,34.01,3.11,41.18,1,0,0,1
PDF_06278,0,1,21.91,4,3,0,0,29.83,0.219,0.1872,101,6.047,31.0,1.87,10.53,0,1,1,1
PDF_06279,1,2,25.78,7,3,0,0,17.15,0.2912,0.2119,134,6.145,36.25,52.27,39.61,0,0,0,1
PDF_06280,2,1,9.79,3,1,1,0,0.0,0.2998,0.5232,123,6.332,9.44,18.75,75.08,1,0,1,1
PDF_06281,1,2,21.32,4,6,1,0,4.78,0.244,0.2294,103,6.901,31.99,9.32,22.25,0,0,0,1
PDF_06282,2,3,30.33,8,4,0,1,19.04,0.3251,0.2195,130,5.773,24.87,19.87,20.32,0,0,1,1
PDF_06283,0,2,18.4,6,3,0,0,0.0,0.3246,0.3905,92,6.266,32.95,18.01,67.16,1,0,1,1
PDF_06284,1,2,27.89,8,9,1,0,22.04,0.2497,0.2343,99,6.748,44.64,25.24,13.69,0,0,0,1
PDF_06285,1,2,1.55,2,6,0,0,0.0,0.2891,0.3168,72,5.437,9.91,21.92,71.18,1,0,0,1
PDF_06286,1,1,0.0,8,2,0,0,0.41,0.188,0.1497,62,4.777,0.0,0.0,1.87,0,0,0,1
PDF_06287,1,3,44.16,9,7,1,0,25.06,0.274,0.2765,135,6.14,41.87,46.45,19.68,0,0,0,1
PDF_06288,1,1,21.1,4,2,2,0,16.99,0.2239,0.1984,86,6.637,58.17,13.25,17.8,0,0,0,1
PDF_06289,1,2,24.75,5,4,1,0,51.98,0.2403,0.2471,119,5.432,26.28,23.62,16.99,0,1,1,1
PDF_06290,0,1,0.0,0,3,0,0,0.0,0.1953,0.1183,103,6.579,16.4,20.87,15.57,0,0,1,1
PDF_06291,1,3,53.23,9,6,2,0,33.79,0.3524,0.4429,160,6.109,48.46,35.6,74.24,1,0,0,1
PDF_06292,1,2,58.55,8,4,1,0,14.68,0.3598,0.452,181,6.744,39.49,39.6,82.24,1,0,0,1
PDF_06293,0,3,30.07,2,6,2,0,37.55,0.3086,0.4045,94,6.799,34.11,16.69,71.59,1,1,0,1
PDF_06294,0,3,15.99,6,3,2,0,0.0,0.2105,0.1466,111,5.232,1.83,40.8,19.32,0,0,0,1
PDF_06295,1,1,38.2,7,6,1,0,47.38,0.3373,0.2213,202,5.56,37.46,48.87,25.9,0,1,0,1
PDF_06296,3,3,36.57,5,6,1,0,28.88,0.2944,0.2245,159,7.289,40.67,56.48,23.37,0,0,0,1
PDF_06297,0,2,5.71,5,2,0,0,0.0,0.1131,0.1774,87,6.394,29.28,11.85,21.85,0,0,0,1
PDF_06298,1,4,24.08,8,2,2,0,45.29,0.3869,0.4319,139,5.117,46.49,34.55,77.14,1,0,1,1
PDF_06299,2,2,13.07,4,2,0,0,20.99,0.259,0.1679,84,6.614,30.37,20.09,27.9,0,0,1,1
PDF_06300,1,4,38.17,5,6,1,1,47.49,0.2612,0.232,162,6.616,49.66,37.14,33.87,0,1,0,1
PDF_06301,2,3,75.08,8,6,2,0,41.07,0.3013,0.2592,136,6.478,58.49,51.06,45.22,0,0,0,1
PDF_06302,1,2,42.71,9,4,2,0,27.09,0.2638,0.3424,127,6.038,68.29,40.91,42.54,0,0,0,1
PDF_06303,0,2,22.03,1,0,0,0,45.78,0.1823,0.2582,91,5.881,16.06,22.53,11.7,0,1,1,1
PDF_06304,1,1,38.17,6,4,0,1,24.36,0.3784,0.4778,137,6.714,50.52,41.14,88.27,1,0,1,1
PDF_06305,0,2,21.1,3,0,0,0,0.0,0.135,0.203,71,4.947,26.04,9.01,29.45,0,0,1,1
PDF_06306,1,3,29.5,3,4,0,0,44.58,0.3799,0.2511,90,6.595,33.42,50.02,13.93,0,0,1,1
PDF_06307,0,2,5.15,5,6,2,0,48.72,0.1716,0.1177,143,5.883,38.41,12.81,17.82,0,1,0,1
PDF_06308,2,2,47.52,10,5,1,1,83.25,0.2946,0.2113,157,5.134,47.51,43.94,27.58,0,1,0,1
PDF_06309,1,2,7.44,1,1,1,0,0.0,0.1479,0.2406,87,7.309,26.48,10.7,10.56,0,0,0,1
PDF_06310,2,1,33.69,7,5,1,0,49.53,0.1577,0.1802,82,6.19,55.22,29.67,17.13,0,1,0,1
PDF_06311,3,4,40.21,8,8,1,0,82.55,0.3178,0.243,155,7.115,40.58,38.05,27.08,0,1,1,1
PDF_06312,1,3,33.0,7,6,2,0,24.95,0.1762,0.2734,126,6.024,35.19,21.22,35.61,0,0,1,1
PDF_06313,0,2,0.0,1,0,2,1,0.0,0.1523,0.0898,37,5.244,29.31,4.39,12.99,0,0,0,1
PDF_06314,2,2,17.76,3,3,1,0,24.77,0.2855,0.2291,142,7.49,41.17,25.41,9.79,0,0,1,1
PDF_06315,0,1,0.0,0,3,0,0,0.0,0.1413,0.2611,104,5.247,21.63,5.08,30.38,0,0,1,1
PDF_06316,1,1,48.51,6,5,2,0,26.11,0.2233,0.1832,119,6.613,41.29,21.76,37.5,0,0,0,1
PDF_06317,0,2,25.27,4,3,1,0,1.1,0.16,0.2621,85,4.907,34.97,3.14,17.93,0,0,0,1
PDF_06318,1,3,25.87,3,7,0,0,16.43,0.1759,0.1627,110,6.306,45.76,14.34,23.07,0,0,0,1
PDF_06319,0,2,22.3,6,6,1,0,9.19,0.1319,0.1032,98,6.006,19.97,0.0,24.5,0,0,0,1
PDF_06320,0,1,9.88,2,4,0,1,39.38,0.1838,0.1246,48,4.945,24.53,41.14,19.84,0,1,0,1
PDF_06321,0,2,7.94,7,2,0,1,52.87,0.208,0.1084,95,5.409,27.71,9.29,18.24,0,1,1,1
PDF_06322,0,2,27.49,5,1,1,0,0.0,0.223,0.1745,94,5.095,42.45,31.2,26.54,0,0,0,1
PDF_06323,1,3,44.03,5,4,1,0,15.22,0.1685,0.2402,127,4.656,24.28,50.81,34.62,0,0,0,1
PDF_06324,0,2,36.11,4,2,1,0,6.54,0.2725,0.1367,102,5.069,23.73,7.95,35.98,0,0,0,1
PDF_06325,1,3,33.26,8,4,1,0,27.01,0.2791,0.2433,89,5.931,50.37,36.97,20.13,0,0,0,1
PDF_06326,2,3,12.8,3,4,0,0,0.0,0.1845,0.2035,137,6.637,18.51,15.54,17.94,0,0,1,1
PDF_06327,2,3,44.96,6,7,1,1,54.05,0.3673,0.4108,136,5.92,58.25,24.88,71.78,1,1,0,1
PDF_06328,1,2,9.93,5,1,0,0,0.0,0.131,0.1991,79,5.056,31.6,0.0,34.18,0,0,1,1
PDF_06329,1,2,24.64,7,8,2,0,5.44,0.2024,0.1731,127,5.062,35.98,37.33,36.51,0,0,0,1
PDF_06330,2,2,74.37,13,10,2,0,70.75,0.4177,0.2605,183,5.631,87.47,59.14,22.82,0,1,0,1
PDF_06331,1,3,3.88,5,5,2,0,6.2,0.2027,0.2295,121,5.962,32.62,15.91,31.58,0,0,0,1
PDF_06332,2,2,41.65,7,3,0,0,1.19,0.1649,0.1592,70,5.273,32.54,39.88,38.31,0,0,0,1
PDF_06333,2,4,41.11,10,4,2,0,70.84,0.3394,0.271,143,6.697,34.53,54.45,35.11,0,1,1,1
PDF_06334,1,3,30.57,7,4,1,1,78.68,0.2649,0.3389,171,7.187,43.71,37.49,43.05,0,1,1,1
PDF_06335,1,2,37.1,5,7,1,0,42.35,0.295,0.1244,167,6.821,40.88,37.6,0.0,0,1,0,1
PDF_06336,1,1,15.9,7,5,0,0,4.11,0.2123,0.1653,94,5.308,49.24,35.77,15.18,0,0,0,1
PDF_06337,2,3,32.12,6,7,1,1,61.23,0.3436,0.4314,184,6.52,51.1,44.17,65.13,1,1,0,1
PDF_06338,0,2,7.44,4,0,0,0,9.73,0.2939,0.3531,105,5.287,17.39,19.34,53.62,1,0,1,1
PDF_06339,2,4,61.87,10,6,2,1,23.0,0.3209,0.2547,193,5.954,53.85,46.55,30.47,0,0,0,1
PDF_06340,1,2,65.54,9,3,1,0,31.43,0.4174,0.4136,128,5.408,41.17,68.82,80.65,1,0,0,1
PDF_06341,0,2,0.0,9,2,0,0,4.45,0.1791,0.1313,86,4.972,20.44,6.25,20.79,0,0,0,1
PDF_06342,0,3,0.0,6,4,1,0,0.0,0.2512,0.3205,86,5.708,19.53,9.83,57.51,1,0,0,1
PDF_06343,0,2,31.89,6,5,1,0,0.0,0.2773,0.1897,106,5.608,36.81,12.63,17.03,0,0,0,1
PDF_06344,1,2,21.7,5,7,1,0,38.52,0.3064,0.1769,125,5.837,46.69,31.9,32.33,0,1,0,1
PDF_06345,0,3,10.83,5,3,0,0,42.2,0.0233,0.1483,71,5.451,13.06,17.78,16.11,0,1,1,1
PDF_06346,0,1,10.8,2,0,0,0,36.49,0.1602,0.226,76,5.363,19.29,33.22,23.11,0,1,1,1
PDF_06347,1,1,11.92,5,2,0,0,0.0,0.1939,0.2713,62,4.978,19.5,9.83,0.19,0,0,1,1
PDF_06348,0,2,27.46,6,6,0,0,18.42,0.3147,0.4204,128,5.336,49.21,7.66,71.27,1,0,0,1
PDF_06349,2,3,18.9,5,4,0,0,35.65,0.2095,0.2102,98,6.196,28.88,18.99,21.74,0,0,1,1
PDF_06350,2,2,34.93,11,2,1,0,28.2,0.34,0.4499,109,6.731,41.36,36.99,75.4,1,0,0,1
PDF_06351,0,2,6.8,5,3,1,0,0.46,0.2139,0.1524,122,5.324,10.3,0.0,12.44,0,0,0,1
PDF_06352,0,2,62.96,8,7,2,0,42.26,0.3097,0.2556,173,5.225,43.7,52.33,22.24,0,0,0,1
PDF_06353,1,3,35.68,7,3,1,0,20.41,0.223,0.1856,153,6.401,52.77,43.69,49.47,0,0,0,1
PDF_06354,2,4,39.36,7,10,0,0,38.22,0.3214,0.3348,126,5.587,43.85,29.07,36.49,0,0,1,1
PDF_06355,2,1,0.0,2,1,0,0,0.0,0.2026,0.1393,134,5.519,32.35,13.24,17.02,0,0,0,1
PDF_06356,1,2,17.94,0,4,0,0,2.34,0.1042,0.1489,65,5.042,30.54,0.65,21.04,0,0,1,1
PDF_06357,2,2,26.5,6,0,0,1,31.08,0.234,0.296,109,5.479,33.81,26.19,10.94,0,0,1,1
PDF_06358,2,3,75.59,8,9,2,0,33.74,0.2998,0.2218,151,7.118,73.19,73.86,55.27,0,0,0,1
PDF_06359,1,2,9.86,5,2,0,0,23.66,0.1676,0.1532,103,5.965,22.07,8.49,33.88,0,0,1,1
PDF_06360,2,1,6.85,2,4,0,1,0.0,0.303,0.4519,100,4.701,28.11,29.99,70.79,1,0,0,1
PDF_06361,1,3,19.73,4,0,1,0,23.51,0.1891,0.0934,125,5.064,26.05,29.47,27.67,0,0,1,1
PDF_06362,0,2,18.81,3,5,0,1,9.97,0.1743,0.1596,115,4.481,14.19,14.38,18.22,0,0,1,1
PDF_06363,2,2,4.85,5,4,1,0,0.0,0.1944,0.1309,57,5.646,24.86,35.03,11.75,0,0,0,1
PDF_06364,1,1,2.15,1,1,1,1,0.0,0.1339,0.2443,61,4.743,4.6,6.31,20.43,0,0,1,1
PDF_06365,1,2,18.98,5,4,1,0,9.65,0.2045,0.2689,101,6.698,30.23,31.17,30.72,0,0,0,1
PDF_06366,1,1,6.48,4,2,0,0,46.91,0.2317,0.1827,119,6.043,17.74,15.85,16.31,0,1,1,1
PDF_06367,2,3,44.43,8,10,0,1,57.19,0.3249,0.1751,129,6.31,55.43,51.2,27.74,0,1,0,1
PDF_06368,1,2,16.89,6,4,0,0,0.0,0.2175,0.1931,92,4.809,17.02,17.13,18.75,0,0,1,1
PDF_06369,1,1,11.67,2,5,0,0,43.74,0.2979,0.2965,89,5.555,5.58,15.83,57.09,1,1,1,1
PDF_06370,2,1,29.75,7,4,3,0,34.22,0.193,0.224,125,5.134,40.01,32.59,31.37,0,1,0,1
PDF_06371,0,1,12.87,5,6,1,0,40.3,0.1336,0.1922,55,6.001,11.03,2.06,17.88,0,1,0,1
PDF_06372,0,1,4.04,1,3,0,0,26.77,0.1774,0.2082,81,5.837,20.82,6.52,8.43,0,1,0,1
PDF_06373,3,3,38.43,7,4,1,1,16.66,0.2316,0.1202,132,6.094,53.35,19.45,26.26,0,0,0,1
PDF_06374,1,2,28.23,8,8,2,0,21.61,0.2748,0.3159,136,5.846,54.66,39.21,15.9,0,0,0,1
PDF_06375,3,2,21.94,4,4,1,0,0.0,0.1954,0.2366,92,4.474,22.9,36.11,36.73,0,0,0,1
PDF_06376,1,2,37.31,9,5,0,1,57.65,0.2348,0.2448,135,6.371,46.09,62.17,23.64,0,1,0,1
PDF_06377,1,4,4.52,4,3,1,0,21.34,0.2494,0.2749,109,5.617,57.67,15.92,22.95,0,0,0,1
PDF_06378,1,2,48.56,8,3,1,0,14.4,0.2633,0.3126,151,6.271,43.52,45.64,33.27,0,0,0,1
PDF_06379,1,2,27.37,8,3,1,0,30.47,0.3413,0.3935,152,5.135,34.66,38.51,82.82,1,0,1,1
PDF_06380,0,2,53.3,8,6,1,0,23.24,0.2739,0.2549,145,5.768,62.92,50.95,43.26,0,0,0,1
PDF_06381,1,3,20.1,2,4,0,1,4.93,0.281,0.2074,118,6.272,43.69,24.8,12.34,0,0,0,1
PDF_06382,1,1,28.78,4,7,1,0,0.0,0.2151,0.2102,121,5.407,50.4,30.18,38.04,0,0,0,1
PDF_06383,1,2,7.51,7,1,1,0,0.0,0.1688,0.1314,151,5.523,33.85,0.0,24.93,0,0,0,1
PDF_06384,1,2,50.75,6,3,2,0,48.48,0.27,0.2092,137,6.513,48.46,28.44,16.6,0,1,0,1
PDF_06385,0,1,10.24,4,2,1,0,42.18,0.1686,0.2797,57,5.308,36.76,4.77,11.44,0,1,1,1
PDF_06386,0,2,29.2,7,4,2,0,4.22,0.3458,0.4089,150,5.468,40.92,35.01,65.52,1,0,0,1
PDF_06387,1,3,39.03,7,6,1,0,30.04,0.2411,0.2687,132,5.756,57.43,41.03,20.02,0,0,0,1
PDF_06388,1,2,31.28,8,3,0,1,54.62,0.3279,0.2863,128,4.811,36.77,25.58,49.18,0,0,1,1
PDF_06389,1,3,21.94,3,5,1,0,47.1,0.3948,0.4742,150,6.002,28.51,22.88,72.12,1,0,1,1
PDF_06390,1,2,40.28,7,7,3,0,27.01,0.2373,0.1539,129,5.941,40.83,38.49,46.14,0,0,0,1
PDF_06391,2,2,52.0,9,4,2,1,17.43,0.2916,0.3279,132,6.344,44.74,45.53,41.65,0,0,0,1
PDF_06392,1,2,26.45,4,5,0,0,24.05,0.2378,0.1144,118,4.714,46.18,7.63,26.48,0,0,0,1
PDF_06393,1,2,9.7,3,4,1,0,28.05,0.1866,0.1683,102,5.978,43.4,0.0,17.55,0,0,0,1
PDF_06394,2,1,17.02,6,6,0,0,14.01,0.356,0.4819,154,6.028,16.33,16.49,75.7,1,0,1,1
PDF_06395,2,2,19.68,3,0,1,0,4.76,0.0599,0.1415,77,5.109,19.85,12.55,3.79,0,0,0,1
PDF_06396,0,2,28.21,7,5,1,0,39.36,0.2275,0.1791,91,5.256,47.23,24.26,24.38,0,1,0,1
PDF_06397,0,3,41.02,9,7,1,0,14.9,0.177,0.3304,163,6.882,42.82,14.1,39.3,0,0,0,1
PDF_06398,2,2,41.89,6,7,1,0,49.43,0.2322,0.2148,157,6.281,55.09,44.03,29.06,0,1,0,1
PDF_06399,0,2,19.47,6,0,0,1,0.0,0.1859,0.1891,67,6.369,23.07,2.79,22.33,0,0,1,1
PDF_06400,2,2,82.73,12,7,3,0,36.36,0.3592,0.3738,180,5.412,63.46,80.79,54.27,0,0,0,1
PDF_06401,0,1,11.1,2,3,0,1,22.18,0.2189,0.173,74,6.596,25.06,10.76,24.1,0,0,1,1
PDF_06402,1,2,48.81,9,4,1,0,14.15,0.2125,0.2837,71,6.864,21.61,17.78,21.71,0,0,0,1
PDF_06403,2,3,47.71,8,2,1,1,26.73,0.2507,0.256,171,6.881,48.79,51.98,32.44,0,0,0,1
PDF_06404,1,2,50.2,9,6,2,0,20.34,0.3405,0.4436,168,4.349,60.21,35.08,81.88,1,0,0,1
PDF_06405,2,2,50.54,7,9,2,0,39.87,0.3088,0.2211,124,5.411,70.15,67.1,29.47,0,0,0,1
PDF_06406,0,1,8.62,2,2,0,1,36.81,0.2024,0.2068,108,5.609,10.81,11.06,25.44,0,1,1,1
PDF_06407,1,2,18.97,5,5,0,0,28.98,0.2142,0.1802,89,5.679,26.19,16.94,17.15,0,0,1,1
PDF_06408,2,1,32.4,7,8,1,0,25.69,0.408,0.3679,192,5.381,58.44,24.07,79.53,1,0,0,1
PDF_06409,2,3,52.47,10,10,1,0,8.68,0.2723,0.2878,102,5.186,64.79,52.67,38.31,0,0,0,1
PDF_06410,1,2,39.49,7,4,1,0,19.81,0.312,0.1345,129,6.239,40.06,28.78,35.83,0,0,0,1
PDF_06411,0,2,54.17,5,7,1,0,7.2,0.3185,0.38,127,5.77,34.8,21.5,63.9,1,0,0,1
PDF_06412,1,2,2.31,6,3,2,0,2.89,0.3508,0.3216,146,5.901,57.92,23.95,69.24,1,0,0,1
PDF_06413,1,2,50.57,12,9,1,0,10.36,0.2658,0.1735,105,6.275,65.59,49.99,22.58,0,0,0,1
PDF_06414,0,1,1.96,0,2,1,0,16.36,0.2364,0.1803,71,4.872,27.01,0.0,4.63,0,0,0,1
PDF_06415,2,2,70.83,13,6,1,0,21.82,0.4587,0.4281,172,7.29,55.17,54.53,96.22,1,0,0,1
PDF_06416,1,3,27.82,9,5,1,0,32.07,0.2296,0.2053,129,6.137,31.24,28.24,29.07,0,0,1,1
PDF_06417,1,2,20.41,5,5,0,0,55.96,0.232,0.3039,94,5.933,53.06,34.6,32.49,0,1,0,1
PDF_06418,2,3,54.9,8,10,2,1,13.28,0.3328,0.281,152,6.033,62.11,28.89,43.05,0,0,0,1
PDF_06419,1,2,26.16,5,6,2,0,5.81,0.3417,0.3643,100,5.594,32.17,11.7,57.95,1,0,0,1
PDF_06420,1,2,32.3,8,5,1,0,6.72,0.1602,0.2211,137,5.505,41.88,25.88,36.25,0,0,0,1
PDF_06421,2,2,25.75,8,6,0,0,28.98,0.2184,0.1864,92,6.403,29.69,53.21,37.13,0,0,0,1
PDF_06422,0,2,8.46,1,2,0,0,0.0,0.2194,0.0647,105,6.211,31.19,0.0,9.25,0,0,1,1
PDF_06423,2,1,24.16,2,7,1,0,2.32,0.2231,0.1718,132,4.567,37.86,28.05,16.88,0,0,0,1
PDF_06424,1,2,44.55,3,7,1,0,43.16,0.4032,0.4129,161,5.843,46.53,48.86,68.81,1,0,0,1
PDF_06425,3,2,23.9,4,4,1,0,40.44,0.2281,0.2335,131,5.909,16.05,31.2,44.48,0,0,1,1
PDF_06426,2,3,37.08,8,8,1,0,22.1,0.3091,0.2557,141,6.291,83.12,81.04,24.9,0,0,0,1
PDF_06427,2,3,45.27,10,7,2,0,24.03,0.243,0.1978,127,6.601,64.49,60.25,31.59,0,0,0,1
PDF_06428,1,2,22.51,5,2,1,0,38.8,0.2228,0.2487,131,6.541,30.91,16.75,26.98,0,1,1,1
PDF_06429,1,2,20.66,6,4,1,0,12.74,0.2363,0.1728,107,5.323,50.07,31.45,25.73,0,0,0,1
PDF_06430,0,2,15.8,9,3,1,1,36.8,0.2877,0.2147,118,7.776,28.5,37.26,44.22,0,0,1,1
PDF_06431,2,1,0.0,3,0,0,0,0.0,0.1159,0.0849,103,4.897,16.4,1.9,10.77,0,0,1,1
PDF_06432,2,2,7.07,4,1,1,0,0.0,0.2097,0.2138,86,5.493,42.52,12.65,17.58,0,0,0,1
PDF_06433,2,2,44.4,8,6,3,0,33.48,0.3456,0.1431,106,4.218,49.46,66.28,41.82,0,0,0,1
PDF_06434,2,2,24.51,5,5,0,0,68.15,0.4175,0.4042,108,5.61,39.27,24.48,69.21,1,1,1,1
PDF_06435,1,3,58.86,7,6,1,0,72.62,0.2719,0.2978,187,6.122,52.89,44.76,31.96,0,1,0,1
PDF_06436,0,2,5.08,4,3,0,0,3.58,0.2543,0.4232,104,7.011,28.25,17.86,61.26,1,0,1,1
PDF_06437,2,2,32.48,4,4,1,0,5.49,0.2097,0.2914,120,5.601,57.15,18.05,25.52,0,0,0,1
PDF_06438,2,1,29.5,2,4,1,0,27.9,0.1935,0.26,89,5.57,37.78,29.25,7.94,0,0,0,1
PDF_06439,0,1,29.91,5,6,2,0,31.34,0.1986,0.1779,80,5.225,46.13,21.67,12.73,0,1,0,1
PDF_06440,0,2,10.79,1,4,2,1,42.45,0.1196,0.2098,93,7.221,33.91,11.34,4.45,0,1,0,1
PDF_06441,0,3,13.56,3,2,0,0,22.28,0.1437,0.2514,121,5.177,24.37,11.93,22.11,0,1,1,1
PDF_06442,1,2,6.67,3,2,0,0,3.56,0.2057,0.1629,115,6.066,26.72,2.79,23.41,0,0,1,1
PDF_06443,2,1,0.0,3,2,0,0,20.63,0.1579,0.1871,50,4.484,16.87,0.0,26.49,0,1,1,1
PDF_06444,2,3,28.77,9,2,1,0,58.86,0.3196,0.3695,111,5.564,53.08,32.54,72.21,1,1,0,1
PDF_06445,1,3,49.35,10,3,3,0,8.73,0.2885,0.2022,119,6.061,50.49,37.41,21.7,0,0,0,1
PDF_06446,0,2,21.14,8,4,2,0,9.3,0.372,0.4089,136,6.307,25.22,0.0,74.41,1,0,0,1
PDF_06447,1,1,47.65,9,7,1,0,56.87,0.3869,0.4645,117,5.844,51.73,29.04,70.97,1,1,0,1
PDF_06448,1,2,44.18,7,5,1,0,27.47,0.3025,0.3121,107,6.33,66.15,20.81,34.16,0,0,0,1
PDF_06449,2,2,26.85,5,3,1,0,31.35,0.2349,0.2709,120,5.472,58.59,33.91,25.22,0,0,0,1
PDF_06450,0,2,6.87,0,5,1,0,0.0,0.2001,0.2083,71,5.026,30.01,29.55,3.43,0,0,0,1
PDF_06451,1,3,10.25,6,1,0,0,0.0,0.2548,0.1398,117,5.822,18.27,24.9,20.02,0,0,1,1
PDF_06452,0,3,20.31,1,5,0,0,52.37,0.3134,0.3747,92,5.771,36.32,32.14,34.18,0,1,1,1
PDF_06453,2,2,52.16,8,5,2,0,25.36,0.2828,0.4092,123,7.504,45.04,46.61,72.96,1,0,0,1
PDF_06454,0,3,0.0,6,6,0,0,0.0,0.173,0.3413,102,5.684,12.43,0.0,58.29,1,0,0,1
PDF_06455,1,2,53.86,8,6,1,0,70.17,0.2969,0.2108,109,5.719,40.21,37.31,35.34,0,1,0,1
PDF_06456,2,3,60.07,10,5,2,0,30.81,0.3189,0.1949,163,6.01,47.19,33.41,37.15,0,1,0,1
PDF_06457,0,2,19.86,4,6,2,0,46.67,0.1954,0.2938,92,5.937,37.42,19.72,8.02,0,1,0,1
PDF_06458,1,2,0.0,5,4,0,1,0.0,0.0795,0.1944,24,5.249,9.1,10.44,9.24,0,0,0,1
PDF_06459,1,1,3.62,5,8,1,0,13.08,0.3065,0.3581,140,5.795,47.1,27.9,100.0,1,0,0,1
PDF_06460,1,2,52.42,10,9,1,0,35.56,0.3696,0.463,192,6.029,73.48,64.36,88.72,1,0,0,1
PDF_06461,1,2,42.31,4,8,2,0,33.17,0.245,0.1912,142,5.705,51.91,36.53,27.22,0,0,0,1
PDF_06462,2,3,55.25,6,8,2,0,15.38,0.284,0.2458,160,6.377,52.21,69.73,38.67,0,0,0,1
PDF_06463,1,2,28.82,2,3,1,0,63.74,0.3438,0.3324,141,4.837,33.02,33.13,61.42,1,1,0,1
PDF_06464,2,3,59.36,11,11,3,0,38.84,0.423,0.4858,174,6.021,40.21,30.1,70.11,1,0,0,1
PDF_06465,1,2,55.15,4,5,2,0,28.21,0.1863,0.2288,120,6.2,46.36,39.86,42.19,0,0,0,1
PDF_06466,0,3,27.99,6,3,1,0,61.57,0.2973,0.218,171,7.33,29.12,33.93,44.26,0,1,1,1
PDF_06467,2,2,47.01,9,6,2,0,59.41,0.2278,0.2604,158,6.455,85.07,89.92,41.3,0,1,0,1
PDF_06468,0,1,18.74,7,0,1,1,10.99,0.1814,0.1334,62,6.642,22.49,9.68,14.82,0,0,0,1
PDF_06469,1,2,61.91,6,4,1,0,56.31,0.2948,0.2377,98,5.987,37.58,10.08,13.97,0,1,0,1
PDF_06470,3,2,79.94,9,4,2,0,35.34,0.2926,0.1939,172,5.132,63.15,52.14,22.51,0,0,0,1
PDF_06471,0,2,24.99,4,0,0,0,0.0,0.2399,0.2584,91,4.443,33.59,14.36,22.08,0,0,1,1
PDF_06472,0,2,28.15,7,7,2,1,5.27,0.2133,0.2179,110,6.242,41.6,14.49,27.97,0,0,0,1
PDF_06473,2,3,43.43,9,4,1,0,48.85,0.3534,0.2614,207,5.731,50.86,48.74,50.67,0,0,1,1
PDF_06474,0,2,50.04,4,0,1,0,28.01,0.2456,0.2101,137,5.962,36.68,33.27,14.6,0,0,0,1
PDF_06475,2,3,82.95,10,9,4,0,41.6,0.3339,0.2862,152,5.785,77.2,40.24,43.59,0,0,0,1
PDF_06476,1,2,21.87,8,4,1,0,41.76,0.3086,0.2293,87,5.211,42.33,15.48,23.72,0,1,0,1
PDF_06477,0,2,64.9,12,5,1,0,13.99,0.3112,0.2996,162,4.773,62.02,55.08,48.42,0,0,0,1
PDF_06478,3,3,42.0,7,5,2,0,19.93,0.2994,0.2766,137,6.861,56.02,37.39,37.61,0,0,0,1
PDF_06479,1,3,26.82,7,7,2,0,20.42,0.2853,0.2842,111,4.268,44.98,25.71,41.36,0,0,0,1
PDF_06480,1,2,19.78,5,5,1,0,22.31,0.165,0.2639,91,5.901,47.05,32.05,19.12,0,0,0,1
PDF_06481,1,2,31.31,6,6,1,1,50.78,0.1748,0.1354,72,5.466,27.6,21.31,42.89,0,1,0,1
PDF_06482,2,2,25.35,7,4,2,0,40.51,0.1694,0.197,110,6.02,18.82,17.68,31.83,0,1,0,1
PDF_06483,1,1,10.22,2,5,0,1,0.0,0.2675,0.3971,63,5.653,22.15,10.59,40.08,1,0,0,1
PDF_06484,0,1,38.57,5,2,0,0,0.0,0.1821,0.2587,65,6.028,19.88,22.27,40.8,0,0,0,1
PDF_06485,1,2,41.4,7,7,1,0,31.23,0.208,0.2441,90,5.408,42.05,50.87,36.93,0,1,0,1
PDF_06486,1,3,28.19,5,1,1,0,35.18,0.3158,0.3017,140,7.448,23.01,27.4,31.08,0,0,1,1
PDF_06487,1,2,42.57,5,8,1,0,16.96,0.2523,0.2741,153,5.911,54.75,33.47,45.41,0,0,0,1
PDF_06488,0,2,16.93,3,3,0,0,0.0,0.2494,0.2045,145,6.859,24.14,17.4,22.91,0,0,1,1
PDF_06489,1,2,45.79,5,4,1,0,67.98,0.242,0.2056,113,4.87,43.22,13.31,31.1,0,1,0,1
PDF_06490,2,2,32.81,5,3,0,1,4.69,0.2664,0.254,121,6.596,32.06,23.08,36.65,0,0,1,1
PDF_06491,1,2,0.0,2,1,0,0,0.0,0.1581,0.1489,45,5.67,22.91,0.0,21.7,0,0,0,1
PDF_06492,1,2,39.78,6,3,1,0,35.69,0.2257,0.1381,85,5.901,58.93,51.34,16.39,0,0,0,1
PDF_06493,1,1,19.81,5,6,0,0,0.0,0.2075,0.1549,110,6.073,35.11,23.39,37.91,0,0,1,1
PDF_06494,0,3,28.58,11,2,1,0,17.29,0.2412,0.1194,67,6.522,39.41,29.1,42.1,0,1,0,1
PDF_06495,0,1,14.02,4,4,0,0,0.0,0.0957,0.2056,109,6.235,22.97,0.0,14.18,0,0,0,1
PDF_06496,2,3,48.35,8,5,1,0,17.08,0.2442,0.127,134,6.255,51.03,30.97,40.84,0,0,0,1
PDF_06497,1,1,8.09,1,1,0,0,24.68,0.161,0.0806,74,6.16,12.58,0.0,4.37,0,1,1,1
PDF_06498,2,2,17.41,3,0,0,0,0.0,0.1995,0.2549,78,5.291,21.06,4.49,10.81,0,0,0,1
PDF_06499,1,2,7.61,5,4,1,0,21.7,0.1948,0.1348,42,5.932,26.55,17.12,14.98,0,1,0,1
PDF_06500,1,1,9.89,0,0,1,0,13.73,0.1696,0.196,87,6.367,31.64,22.9,34.86,0,0,1,1
PDF_06501,0,1,24.74,4,6,0,0,17.59,0.229,0.2097,92,5.878,35.8,6.73,0.0,0,1,0,1
PDF_06502,1,2,53.41,11,4,1,0,59.63,0.2895,0.1911,160,6.155,59.25,50.9,40.53,0,1,0,1
PDF_06503,1,4,48.8,9,4,3,0,28.94,0.3361,0.2537,188,6.254,60.76,37.62,23.92,0,0,0,1
PDF_06504,0,1,17.67,7,3,1,0,34.58,0.2784,0.361,109,6.339,40.87,29.53,58.14,1,1,0,1
PDF_06505,0,1,25.74,8,4,0,0,22.36,0.169,0.1896,101,5.678,39.6,33.86,28.74,0,1,0,1
PDF_06506,1,2,89.78,10,6,2,0,30.27,0.3878,0.2026,150,6.859,63.23,51.15,33.0,0,0,0,1
PDF_06507,1,2,12.97,8,2,1,0,6.62,0.2541,0.1966,80,6.722,5.03,12.86,11.71,0,0,0,1
PDF_06508,0,1,26.86,4,0,0,0,6.17,0.1989,0.1547,116,6.085,29.02,9.95,28.57,0,0,1,1
PDF_06509,1,1,0.0,5,0,0,1,0.0,0.1727,0.0947,72,5.572,13.01,0.0,17.2,0,0,1,1
PDF_06510,0,1,50.83,9,7,1,0,28.62,0.2068,0.2734,135,5.102,28.33,58.13,25.25,0,0,0,1
PDF_06511,0,2,20.37,4,4,1,0,0.0,0.2189,0.2769,92,6.241,22.51,18.25,21.13,0,0,1,1
PDF_06512,1,1,23.5,7,4,2,0,1.9,0.21,0.2093,84,5.235,44.77,20.85,15.58,0,0,0,1
PDF_06513,2,3,74.07,14,7,3,0,57.97,0.355,0.3099,182,6.4,88.54,78.29,51.16,0,0,0,1
PDF_06514,1,2,34.53,5,5,0,0,22.21,0.242,0.1991,109,6.388,52.63,31.84,18.36,0,0,0,1
PDF_06515,0,2,3.4,5,6,0,0,0.0,0.1047,0.1371,78,6.472,3.61,0.0,0.0,0,0,0,1
PDF_06516,2,3,26.85,6,7,1,0,0.0,0.1757,0.1786,100,6.365,10.36,1.89,2.92,0,0,0,1
PDF_06517,1,3,2.01,2,2,1,0,0.0,0.2173,0.2446,83,6.085,42.74,0.0,3.15,0,0,0,1
PDF_06518,2,2,22.91,4,0,2,0,10.2,0.26,0.2435,102,6.102,15.72,16.34,23.46,0,0,1,1
PDF_06519,0,2,29.24,3,1,0,0,6.91,0.2423,0.1872,87,6.11,35.32,17.43,5.86,0,0,0,1
PDF_06520,2,1,50.79,7,4,2,0,19.39,0.2055,0.2582,120,6.247,52.03,44.64,25.9,0,0,0,1
PDF_06521,0,3,56.3,7,6,2,0,17.45,0.2034,0.1827,140,6.055,64.84,47.65,28.49,0,0,0,1
PDF_06522,1,3,19.47,6,7,0,0,24.95,0.2225,0.2255,163,5.94,61.92,16.7,35.7,0,0,0,1
PDF_06523,3,2,34.45,8,4,1,0,57.99,0.1823,0.3926,127,5.894,38.66,57.98,37.45,0,1,1,1
PDF_06524,1,2,12.89,7,5,1,1,8.87,0.2965,0.3902,78,6.841,32.07,3.26,49.03,1,1,0,1
PDF_06525,0,1,31.02,5,6,1,0,52.58,0.3148,0.4755,119,4.913,48.13,19.4,80.88,1,1,0,1
PDF_06526,2,3,25.1,4,2,0,0,41.22,0.2299,0.215,99,6.4,32.14,20.92,14.62,0,0,1,1
PDF_06527,2,2,56.93,7,10,1,1,32.87,0.2843,0.2783,172,6.271,51.28,63.62,31.34,0,0,0,1
PDF_06528,0,2,5.43,0,0,0,0,2.08,0.1495,0.2039,108,6.256,13.31,0.0,40.79,0,0,1,1
PDF_06529,1,1,34.93,5,7,1,0,32.63,0.2838,0.3934,145,6.319,36.08,22.53,81.65,1,1,0,1
PDF_06530,1,2,34.57,6,6,3,0,66.65,0.2454,0.2053,166,5.433,55.02,33.34,41.81,0,1,0,1
PDF_06531,0,2,51.26,11,5,2,0,31.67,0.2472,0.2739,137,6.238,64.2,47.74,29.93,0,0,0,1
PDF_06532,2,2,42.13,11,5,0,0,45.98,0.4966,0.4895,145,5.98,36.31,44.84,71.63,1,0,1,1
PDF_06533,1,4,39.82,6,2,1,1,12.33,0.2161,0.1591,93,5.559,56.05,42.42,15.99,0,0,0,1
PDF_06534,1,1,17.61,1,4,0,0,7.19,0.3045,0.2509,137,6.04,31.29,45.21,16.88,0,0,1,1
PDF_06535,4,2,39.96,8,5,1,0,27.31,0.3287,0.3297,182,7.523,56.35,52.35,50.21,0,0,1,1
PDF_06536,2,2,29.31,3,5,0,0,40.19,0.397,0.4061,136,5.928,35.25,31.16,81.0,1,0,1,1
PDF_06537,1,2,5.02,7,0,0,0,50.9,0.2525,0.1851,74,5.395,23.82,0.0,18.3,0,1,1,1
PDF_06538,1,2,68.06,5,6,2,0,76.92,0.299,0.2879,95,6.22,46.53,58.22,33.81,0,1,0,1
PDF_06539,0,2,15.74,2,2,1,0,0.0,0.1667,0.2603,85,6.27,30.86,9.4,36.28,0,0,1,1
PDF_06540,1,3,62.56,11,7,3,0,51.2,0.2779,0.1854,127,6.34,23.26,53.67,54.48,0,0,0,1
PDF_06541,1,2,56.94,9,2,2,0,59.48,0.3367,0.5261,146,5.249,68.77,50.28,79.76,1,0,0,1
PDF_06542,0,3,9.25,3,5,0,0,5.0,0.199,0.1985,94,5.911,0.0,0.0,15.3,0,0,0,1
PDF_06543,1,2,26.72,6,4,2,0,46.63,0.2586,0.2868,151,4.844,56.5,45.82,33.5,0,1,0,1
PDF_06544,0,3,0.0,5,2,0,0,0.24,0.1969,0.3332,80,5.629,0.0,0.0,36.04,1,0,1,1
PDF_06545,1,1,56.78,7,5,3,0,35.69,0.2565,0.2474,149,6.842,28.86,40.66,46.85,0,0,0,1
PDF_06546,1,4,47.27,4,5,1,1,20.82,0.2508,0.2345,154,6.54,49.57,48.62,37.11,0,0,0,1
PDF_06547,2,2,13.76,2,2,0,1,42.25,0.1913,0.2575,55,5.101,31.76,7.86,0.37,0,1,1,1
PDF_06548,0,2,18.58,7,1,2,1,1.79,0.1791,0.1879,60,6.174,69.51,0.0,26.16,0,0,0,1
PDF_06549,1,2,25.58,10,5,1,0,28.83,0.275,0.2526,125,6.22,34.88,23.85,21.67,0,0,1,1
PDF_06550,0,1,22.25,4,3,1,0,0.0,0.2033,0.2024,111,5.648,53.21,1.0,28.17,0,0,0,1
PDF_06551,0,3,36.41,7,2,1,0,4.84,0.2592,0.1851,111,5.071,36.74,28.19,17.79,0,0,0,1
PDF_06552,2,2,28.71,3,4,0,0,5.81,0.2603,0.216,134,5.259,38.64,17.77,24.63,0,0,1,1
PDF_06553,0,3,14.73,5,3,0,1,19.7,0.1969,0.1633,77,5.917,43.96,0.0,23.77,0,0,0,1
PDF_06554,0,1,28.7,7,4,0,0,44.91,0.2561,0.1484,76,5.637,42.46,52.06,24.03,0,1,0,1
PDF_06555,2,3,13.82,6,6,2,0,6.52,0.1833,0.2088,76,6.272,63.16,20.25,22.07,0,0,0,1
PDF_06556,2,2,12.63,6,1,0,0,39.35,0.2604,0.1151,47,5.453,32.51,14.84,19.91,0,0,1,1
PDF_06557,2,3,33.86,9,7,1,0,30.74,0.3586,0.4705,201,5.899,40.96,33.1,78.57,1,0,1,1
PDF_06558,3,2,49.75,10,3,1,0,26.24,0.2695,0.1725,168,5.722,67.23,54.78,49.03,0,0,0,1
PDF_06559,1,1,38.48,3,8,1,0,14.71,0.2729,0.2252,135,4.467,55.53,48.35,25.63,0,0,0,1
PDF_06560,1,3,74.04,10,7,2,1,37.49,0.3435,0.3686,160,7.055,79.33,77.01,38.12,0,0,0,1
PDF_06561,1,2,12.7,6,4,1,0,0.0,0.2163,0.1732,89,5.622,42.12,29.67,21.27,0,0,0,1
PDF_06562,1,1,43.43,7,6,2,0,5.12,0.1697,0.2043,82,4.66,43.79,41.96,39.63,0,0,0,1
PDF_06563,2,1,54.82,8,8,1,0,19.05,0.3884,0.1586,122,6.197,82.64,73.01,35.27,0,0,0,1
PDF_06564,3,2,28.23,8,3,0,0,37.26,0.2492,0.3604,188,6.207,40.12,35.81,23.22,0,0,1,1
PDF_06565,1,2,8.99,8,3,0,0,11.75,0.2214,0.2029,140,5.567,35.31,8.42,13.69,0,0,0,1
PDF_06566,1,2,67.46,10,7,2,0,40.63,0.3743,0.2998,142,5.739,47.78,48.53,59.84,0,0,0,1
PDF_06567,2,1,0.0,3,0,0,0,0.85,0.1396,0.1777,32,4.868,15.9,0.0,1.76,0,0,1,1
PDF_06568,0,1,25.28,5,6,1,0,19.47,0.1793,0.2154,88,6.974,39.33,31.15,32.31,0,0,0,1
PDF_06569,0,2,42.21,7,5,0,1,10.35,0.2566,0.2481,76,4.833,48.65,41.23,21.47,0,0,0,1
PDF_06570,2,4,45.82,8,4,2,0,79.16,0.4448,0.43,165,6.194,52.87,57.71,78.06,1,1,0,1
PDF_06571,1,2,31.81,9,7,1,0,18.09,0.2048,0.2493,120,5.787,46.03,28.72,17.92,0,0,0,1
PDF_06572,1,3,37.16,7,4,2,0,13.98,0.2686,0.2544,134,5.136,38.41,46.7,31.51,0,0,0,1
PDF_06573,1,2,24.27,4,5,0,0,72.62,0.2139,0.2248,107,6.204,50.81,21.47,33.79,0,1,0,1
PDF_06574,2,1,45.37,4,7,1,0,38.99,0.2291,0.1592,118,6.36,45.01,38.74,14.02,0,0,0,1
PDF_06575,1,2,19.85,2,4,0,1,8.86,0.3104,0.3852,136,5.014,11.68,1.74,43.33,1,0,1,1
PDF_06576,0,1,19.11,5,4,0,0,1.65,0.3176,0.4895,116,5.883,40.92,17.97,71.57,1,0,0,1
PDF_06577,0,2,22.11,2,0,1,0,0.0,0.1561,0.1122,102,7.047,30.14,11.82,19.39,0,0,1,1
PDF_06578,1,2,38.26,3,6,1,0,35.45,0.288,0.4359,200,6.18,37.16,21.87,66.47,1,0,0,1
PDF_06579,1,1,5.08,4,3,0,0,5.81,0.2873,0.2308,119,5.271,17.02,2.62,38.64,0,0,1,1
PDF_06580,2,4,59.67,10,6,1,0,28.48,0.2651,0.1826,161,5.84,56.6,34.07,26.93,0,0,0,1
PDF_06581,2,3,31.7,5,8,2,0,80.06,0.2645,0.2278,149,6.25,52.34,32.08,37.01,0,1,0,1
PDF_06582,2,2,22.54,6,7,4,0,33.07,0.3356,0.5088,175,6.306,49.97,28.9,71.19,1,0,0,1
PDF_06583,1,2,58.65,9,7,2,0,79.61,0.2878,0.1902,176,5.53,62.78,59.67,50.27,0,1,0,1
PDF_06584,1,3,42.95,6,5,3,0,6.69,0.2308,0.1699,95,6.285,34.19,41.99,21.86,0,0,0,1
PDF_06585,3,3,26.58,5,3,0,0,55.19,0.2461,0.1932,123,4.921,43.48,33.82,18.83,0,1,1,1
PDF_06586,1,3,38.25,8,7,2,0,61.79,0.2474,0.2482,128,5.903,55.87,26.68,28.66,0,1,0,1
PDF_06587,0,1,0.0,4,1,0,0,0.0,0.1782,0.2874,55,6.038,19.86,11.56,21.81,0,0,1,1
PDF_06588,2,2,42.37,5,6,2,0,25.25,0.1799,0.1899,98,6.469,51.28,35.88,37.93,0,0,0,1
PDF_06589,1,2,27.76,2,8,0,0,41.82,0.3641,0.4305,127,4.833,29.32,24.1,61.11,1,1,1,1
PDF_06590,2,4,61.02,10,9,1,0,65.66,0.4477,0.4799,208,6.878,62.23,65.55,88.78,1,0,0,1
PDF_06591,0,2,25.91,5,2,1,0,0.0,0.2219,0.2613,133,6.576,21.62,28.64,19.5,0,0,0,1
PDF_06592,2,3,14.94,11,5,1,0,42.91,0.2359,0.1729,62,5.097,26.22,18.34,24.41,0,1,0,1
PDF_06593,0,1,27.27,11,5,1,0,53.97,0.2393,0.2457,63,6.276,56.0,27.36,4.72,0,1,0,1
PDF_06594,1,3,0.0,5,9,1,1,7.25,0.2393,0.2337,101,5.991,27.88,20.81,35.34,0,0,0,1
PDF_06595,1,3,27.86,8,6,0,0,0.0,0.188,0.1686,112,5.798,29.49,5.97,20.59,0,0,1,1
PDF_06596,2,2,13.51,4,3,0,0,10.41,0.2062,0.222,73,6.338,18.71,12.87,19.84,0,0,0,1
PDF_06597,0,3,37.18,8,3,2,0,39.77,0.4681,0.5131,205,7.277,41.52,44.54,71.07,1,0,1,1
PDF_06598,1,2,57.45,8,10,2,1,37.08,0.2804,0.343,155,6.091,55.15,50.93,0.0,0,0,0,1
PDF_06599,2,2,1.32,9,4,2,0,18.0,0.1959,0.2018,104,5.369,17.4,34.15,25.82,0,0,0,1
PDF_06600,2,2,25.46,5,6,1,0,20.74,0.2513,0.2588,91,7.273,29.93,26.45,30.39,0,0,1,1
PDF_06601,0,1,13.6,3,5,0,0,3.42,0.1761,0.1911,83,5.296,28.71,0.0,18.5,0,0,1,1
PDF_06602,2,4,39.54,5,4,2,0,13.98,0.2665,0.1683,99,6.6,51.46,38.69,14.9,0,0,0,1
PDF_06603,1,3,17.53,6,4,2,0,28.42,0.1439,0.2387,70,6.24,47.37,19.16,13.2,0,1,0,1
PDF_06604,0,1,40.23,9,4,1,1,19.13,0.2728,0.1881,113,6.9,55.83,68.84,25.85,0,0,0,1
PDF_06605,1,1,31.69,7,7,1,0,21.37,0.3369,0.3656,137,6.106,35.56,23.94,89.02,1,1,0,1
PDF_06606,0,2,33.61,6,7,1,0,20.83,0.3958,0.3067,124,5.3,17.74,46.13,30.48,0,0,1,1
PDF_06607,1,2,0.0,4,3,1,0,0.93,0.1945,0.2386,72,6.162,38.02,0.0,13.59,0,0,0,1
PDF_06608,2,3,36.71,7,8,1,0,16.68,0.4249,0.4395,212,6.613,85.57,62.7,79.67,1,0,0,1
PDF_06609,2,1,0.0,3,1,1,0,3.27,0.1001,0.2111,55,5.378,18.0,11.62,8.37,0,0,0,1
PDF_06610,3,2,26.03,5,7,2,1,6.47,0.2512,0.2433,140,5.555,45.13,70.7,23.37,0,0,0,1
PDF_06611,0,3,2.46,4,3,1,0,10.67,0.2018,0.2037,105,5.294,41.44,16.49,16.2,0,0,0,1
PDF_06612,2,1,4.85,3,3,0,0,34.29,0.2072,0.2442,126,6.1,28.84,8.4,25.18,0,0,1,1
PDF_06613,1,1,24.92,5,7,2,0,13.08,0.2782,0.1837,113,6.41,51.5,49.95,42.62,0,0,0,1
PDF_06614,2,3,23.88,4,5,2,0,21.58,0.2602,0.258,130,6.212,36.32,27.83,19.21,0,0,1,1
PDF_06615,0,2,19.35,6,0,0,0,13.86,0.2379,0.2049,83,5.563,48.48,29.12,24.7,0,0,0,1
PDF_06616,1,1,21.15,3,1,1,0,17.77,0.3212,0.392,136,5.71,27.62,21.58,64.92,1,0,1,1
PDF_06617,2,2,34.5,2,4,0,1,0.0,0.332,0.4842,104,5.251,16.13,0.0,58.38,1,0,0,1
PDF_06618,1,2,15.35,6,5,2,0,14.94,0.2281,0.2195,149,6.425,20.7,17.49,19.39,0,0,1,1
PDF_06619,1,2,29.74,4,6,1,0,27.44,0.293,0.2512,106,6.242,40.51,46.23,12.49,0,0,1,1
PDF_06620,0,2,24.52,10,2,1,0,60.61,0.2645,0.2857,115,6.581,50.88,17.37,28.83,0,1,0,1
PDF_06621,0,2,28.46,2,4,1,0,51.01,0.2986,0.376,89,5.623,30.94,19.76,74.85,1,1,0,1
PDF_06622,2,2,42.8,6,5,2,0,15.63,0.231,0.2714,132,7.481,54.24,46.96,36.9,0,0,0,1
PDF_06623,1,2,52.52,10,4,2,0,44.86,0.3138,0.2132,222,5.781,50.07,45.17,32.51,0,0,0,1
PDF_06624,2,2,16.57,7,0,1,0,14.86,0.2007,0.1876,111,5.586,25.63,20.21,23.75,0,0,1,1
PDF_06625,1,2,40.6,8,3,0,0,0.0,0.3361,0.3562,89,6.597,21.55,34.01,69.29,1,0,0,1
PDF_06626,1,1,1.31,5,0,0,1,3.57,0.187,0.2699,97,4.92,27.31,0.0,0.0,0,0,0,1
PDF_06627,3,2,45.46,6,7,2,0,22.55,0.3013,0.2391,149,6.17,81.65,40.63,24.72,0,0,0,1
PDF_06628,2,2,54.93,11,8,2,0,72.86,0.3135,0.2765,146,6.363,72.34,65.75,39.24,0,1,0,1
PDF_06629,1,2,24.16,6,6,0,0,24.15,0.2941,0.4238,124,5.105,28.49,3.4,57.96,1,0,0,1
PDF_06630,2,1,63.13,7,4,0,0,11.11,0.3964,0.4838,145,7.246,62.74,73.32,84.39,1,0,0,1
PDF_06631,3,3,4.42,5,6,1,0,15.58,0.1786,0.1869,105,5.438,23.11,15.26,17.31,0,0,0,1
PDF_06632,2,3,19.06,6,2,0,0,47.83,0.301,0.1896,61,7.229,24.59,24.92,46.28,0,1,1,1
PDF_06633,1,1,59.85,8,2,2,0,35.0,0.4759,0.4766,144,6.368,44.24,46.06,81.8,1,0,0,1
PDF_06634,1,1,21.63,7,3,1,0,20.64,0.2106,0.2209,129,5.286,24.05,35.96,16.2,0,0,0,1
PDF_06635,2,1,7.75,4,0,0,1,0.0,0.1906,0.1027,81,6.054,20.61,3.26,3.66,0,0,1,1
PDF_06636,1,2,26.05,4,5,1,0,33.71,0.3634,0.4646,119,6.722,39.48,0.0,73.49,1,1,0,1
PDF_06637,2,1,48.4,6,6,1,0,44.02,0.2087,0.2559,119,5.987,48.74,29.88,35.77,0,0,0,1
PDF_06638,0,2,21.41,5,6,2,0,31.82,0.1841,0.207,31,4.383,21.8,0.0,13.34,0,1,0,1
PDF_06639,2,3,57.36,10,7,2,0,3.24,0.2919,0.2355,124,5.423,55.79,39.27,32.55,0,0,0,1
PDF_06640,1,1,20.08,2,4,1,1,2.72,0.1359,0.1847,94,6.627,37.7,44.89,37.1,0,0,0,1
PDF_06641,0,3,26.22,7,4,0,0,15.59,0.2858,0.2257,174,6.005,52.52,26.83,43.64,0,0,1,1
PDF_06642,0,1,23.51,6,5,2,0,7.98,0.2538,0.3756,89,6.064,54.53,22.88,66.47,1,0,0,1
PDF_06643,2,3,33.65,7,7,1,0,16.4,0.337,0.2892,138,5.751,56.45,32.56,29.31,0,0,0,1
PDF_06644,3,4,8.42,2,0,0,0,5.18,0.2842,0.3202,40,6.419,39.21,13.72,23.81,0,0,1,1
PDF_06645,0,2,27.89,7,1,2,0,12.61,0.1921,0.2246,125,4.392,29.28,18.0,24.58,0,0,0,1
PDF_06646,3,2,28.53,5,2,1,0,43.81,0.2815,0.1945,160,6.199,48.61,21.77,37.39,0,1,0,1
PDF_06647,2,3,28.5,5,6,1,0,72.65,0.3257,0.2997,144,6.06,46.93,27.44,39.25,0,1,1,1
PDF_06648,1,3,32.78,7,4,1,0,15.28,0.2173,0.098,79,6.62,27.87,27.06,18.75,0,0,0,1
PDF_06649,2,3,42.48,9,7,2,0,62.73,0.3154,0.2885,143,5.574,44.5,51.64,16.99,0,1,1,1
PDF_06650,1,1,6.24,3,1,0,0,7.7,0.2269,0.1483,97,5.095,42.87,21.16,36.72,0,0,0,1
PDF_06651,0,2,8.7,1,3,1,0,0.0,0.1468,0.2564,99,4.933,27.02,16.08,14.28,0,0,1,1
PDF_06652,2,2,27.4,6,8,1,0,78.08,0.2425,0.3004,145,6.449,35.92,23.53,46.87,0,1,0,1
PDF_06653,2,4,32.71,5,6,1,0,17.21,0.2576,0.1775,96,5.988,55.11,29.56,3.64,0,0,0,1
PDF_06654,1,2,45.76,13,9,2,0,47.72,0.4053,0.5582,195,6.442,69.06,59.64,81.16,1,0,0,1
PDF_06655,2,2,29.4,4,2,0,1,26.56,0.2724,0.2079,135,6.753,32.82,33.82,37.0,0,0,1,1
PDF_06656,0,2,11.23,7,1,1,0,24.72,0.1925,0.1309,75,5.806,24.61,30.46,16.14,0,1,0,1
PDF_06657,1,3,45.28,6,6,1,0,47.59,0.2591,0.2438,142,6.275,55.71,59.38,28.35,0,0,0,1
PDF_06658,2,2,26.98,5,5,2,0,16.02,0.29,0.3267,106,6.202,32.81,39.07,88.76,1,0,0,1
PDF_06659,0,2,35.87,6,4,1,1,42.84,0.1293,0.2229,126,5.575,38.56,28.69,17.8,0,1,0,1
PDF_06660,0,2,24.2,3,3,1,1,2.12,0.17,0.1864,140,4.584,26.12,4.96,20.72,0,0,0,1
PDF_06661,1,3,22.97,4,4,0,0,19.62,0.1861,0.1269,185,5.718,43.76,27.28,28.19,0,0,1,1
PDF_06662,0,1,35.52,5,5,1,0,9.54,0.3213,0.3519,112,5.119,37.2,27.38,70.53,1,0,0,1
PDF_06663,1,2,5.89,5,1,0,0,0.82,0.0959,0.2079,79,5.638,15.61,0.0,4.48,0,0,0,1
PDF_06664,1,2,32.91,6,4,2,0,13.84,0.2681,0.2312,109,6.929,34.52,52.07,46.28,0,0,0,1
PDF_06665,1,1,33.66,4,4,1,0,0.0,0.2218,0.2319,65,5.109,37.5,49.38,23.23,0,0,0,1
PDF_06666,2,3,0.0,4,2,0,1,0.0,0.1651,0.1212,39,5.734,26.23,0.0,16.28,0,0,0,1
PDF_06667,1,2,11.47,5,2,0,0,24.75,0.2251,0.2246,56,4.826,21.03,12.7,20.17,0,0,0,1
PDF_06668,2,2,37.31,5,3,0,0,22.37,0.2167,0.1187,103,5.298,33.21,16.71,40.8,0,0,0,1
PDF_06669,0,2,0.0,8,7,2,1,38.73,0.1847,0.1271,151,6.213,41.22,10.89,10.05,0,1,0,1
PDF_06670,3,2,6.92,6,6,1,0,0.0,0.1383,0.1701,121,5.976,68.2,0.0,0.0,0,0,0,1
PDF_06671,2,1,21.24,4,3,1,0,0.0,0.2208,0.2597,55,5.781,36.84,5.82,9.54,0,0,0,1
PDF_06672,2,3,41.02,7,5,1,0,3.38,0.3397,0.1767,153,6.35,56.25,58.58,25.82,0,0,0,1
PDF_06673,3,2,15.35,7,3,2,1,30.36,0.2969,0.3397,137,5.59,41.79,9.77,69.06,1,0,0,1
PDF_06674,1,3,22.48,6,5,2,0,57.64,0.1874,0.1332,102,5.426,42.21,12.97,21.21,0,1,0,1
PDF_06675,2,2,8.58,4,3,0,0,34.59,0.1346,0.291,93,5.56,15.57,17.6,13.01,0,1,1,1
PDF_06676,1,1,25.71,7,8,2,0,12.2,0.3078,0.1656,102,6.359,55.77,45.99,9.68,0,0,0,1
PDF_06677,0,2,30.25,6,6,0,1,61.01,0.2413,0.2209,92,5.939,28.18,22.26,29.04,0,1,1,1
PDF_06678,0,3,23.88,2,5,2,0,17.05,0.2311,0.2784,137,6.013,19.35,38.09,16.01,0,0,1,1
PDF_06679,2,3,30.23,8,4,3,0,35.96,0.2967,0.3032,134,5.642,24.09,16.4,28.16,0,0,0,1
PDF_06680,1,2,22.56,4,3,2,0,39.12,0.2312,0.1563,119,5.54,35.92,0.46,33.01,0,1,0,1
PDF_06681,2,1,33.71,8,5,2,0,24.64,0.2593,0.2857,112,7.417,41.23,15.91,46.07,0,0,0,1
PDF_06682,2,2,11.6,3,4,1,0,12.28,0.1509,0.1488,68,5.359,38.95,17.56,25.03,0,0,0,1
PDF_06683,1,2,30.58,7,5,1,1,17.01,0.2282,0.1811,108,5.483,55.37,18.78,46.86,0,0,0,1
PDF_06684,0,2,26.81,6,3,1,0,60.65,0.2633,0.2629,95,5.965,36.25,24.79,38.36,0,1,1,1
PDF_06685,1,2,59.69,7,7,1,0,22.15,0.2699,0.1878,158,5.682,46.48,53.42,35.6,0,0,0,1
PDF_06686,1,3,0.0,5,3,0,0,0.0,0.1344,0.2897,78,5.04,0.0,0.0,11.08,0,0,1,1
PDF_06687,0,2,6.98,5,1,0,0,41.51,0.1882,0.2477,124,5.464,20.6,7.74,23.47,0,1,1,1
PDF_06688,2,2,48.36,3,1,0,0,13.95,0.2125,0.309,139,5.633,55.37,39.61,25.37,0,0,0,1
PDF_06689,1,2,0.0,3,1,1,0,0.0,0.1713,0.1693,32,5.145,16.19,0.0,0.0,0,0,0,1
PDF_06690,2,1,15.29,4,6,1,0,7.29,0.3043,0.2131,132,5.193,53.88,23.31,21.07,0,0,0,1
PDF_06691,2,3,27.43,2,2,1,0,0.0,0.1909,0.19,91,6.406,34.76,17.25,12.56,0,0,0,1
PDF_06692,1,3,15.24,6,3,1,0,31.11,0.2047,0.2463,96,7.001,27.76,30.59,27.72,0,0,1,1
PDF_06693,2,2,54.03,11,8,2,0,19.44,0.292,0.236,182,6.288,52.85,63.63,45.14,0,0,0,1
PDF_06694,1,1,21.5,5,6,2,0,27.61,0.2859,0.1439,141,6.296,37.42,25.44,25.66,0,1,0,1
PDF_06695,2,1,22.97,8,6,1,0,15.61,0.3202,0.4514,130,5.468,35.73,29.82,68.21,1,0,0,1
PDF_06696,2,2,25.44,5,7,2,0,1.25,0.2017,0.2403,105,5.715,44.29,20.27,18.54,0,0,0,1
PDF_06697,2,3,22.15,1,3,1,0,0.0,0.2203,0.1757,118,5.62,28.34,18.88,22.14,0,0,1,1
PDF_06698,1,3,23.77,5,3,1,0,51.49,0.1585,0.2588,110,5.951,44.25,11.6,22.26,0,1,0,1
PDF_06699,0,2,0.0,1,0,1,0,0.0,0.1659,0.103,27,6.362,8.85,4.11,16.5,0,0,1,1
PDF_06700,0,2,30.88,8,3,1,0,22.07,0.2293,0.1822,86,6.298,49.84,35.4,16.82,0,0,0,1
PDF_06701,1,2,39.29,4,6,2,0,0.48,0.3357,0.3343,94,6.228,40.33,36.49,66.68,1,0,0,1
PDF_06702,1,2,0.0,8,4,1,0,17.38,0.2021,0.2073,69,5.786,37.02,27.18,13.83,0,0,0,1
PDF_06703,0,3,9.71,6,0,1,0,4.33,0.1616,0.1141,64,6.669,24.3,12.75,27.7,0,0,0,1
PDF_06704,1,1,0.0,4,0,0,0,9.82,0.1996,0.1797,68,4.961,5.23,17.47,20.89,0,0,1,1
PDF_06705,1,2,45.21,9,5,1,0,16.42,0.2336,0.2447,149,5.484,51.68,38.44,23.03,0,0,0,1
PDF_06706,1,2,49.49,4,7,2,0,0.51,0.2778,0.1648,71,5.958,41.31,41.97,27.55,0,0,0,1
PDF_06707,1,2,30.92,5,7,1,1,6.17,0.315,0.4329,71,6.28,55.36,27.89,76.25,1,0,0,1
PDF_06708,1,3,43.52,3,3,2,0,8.18,0.3714,0.4473,166,5.48,55.78,34.12,78.27,1,0,0,1
PDF_06709,0,1,9.9,7,0,0,0,3.32,0.1513,0.1161,69,5.867,15.6,18.92,22.38,0,0,1,1
PDF_06710,2,2,41.47,11,6,1,0,35.42,0.2126,0.2343,133,5.544,50.41,29.33,23.07,0,1,0,1
PDF_06711,0,2,32.85,7,3,2,0,0.0,0.1745,0.2644,122,6.154,45.12,60.99,13.33,0,0,0,1
PDF_06712,1,2,34.32,12,5,1,0,20.81,0.2912,0.2899,151,6.388,39.1,50.78,31.45,0,0,0,1
PDF_06713,3,2,22.28,4,1,0,0,26.72,0.2287,0.2195,79,5.354,13.84,29.55,38.91,0,0,1,1
PDF_06714,0,2,3.58,8,2,0,0,33.29,0.1665,0.1814,123,5.674,31.0,11.25,34.6,0,1,0,1
PDF_06715,0,1,28.36,4,2,1,0,0.0,0.1951,0.3531,101,4.823,28.15,1.15,56.98,1,0,0,1
PDF_06716,1,2,24.99,7,7,2,0,18.18,0.2596,0.1951,143,5.699,28.01,24.47,8.67,0,0,0,1
PDF_06717,2,2,53.92,10,6,1,0,42.89,0.2355,0.1887,95,5.899,62.09,54.07,20.18,0,0,0,1
PDF_06718,1,3,31.11,6,3,3,1,7.47,0.235,0.2113,104,5.477,50.25,45.32,17.32,0,0,0,1
PDF_06719,0,1,54.35,9,4,0,1,94.62,0.3274,0.4406,143,5.996,62.22,20.79,90.88,1,1,0,1
PDF_06720,0,2,3.09,3,0,0,0,0.0,0.2087,0.1014,74,5.567,28.86,0.0,15.24,0,0,1,1
PDF_06721,2,4,18.35,5,2,0,0,4.57,0.218,0.1725,119,6.223,30.14,34.65,26.82,0,0,1,1
PDF_06722,1,3,0.0,1,1,1,0,0.0,0.2883,0.4225,83,5.351,11.45,1.47,47.77,1,0,0,1
PDF_06723,2,2,29.42,6,3,2,0,7.87,0.2134,0.22,105,5.552,28.99,21.13,38.08,0,0,0,1
PDF_06724,0,3,69.65,9,7,2,0,35.45,0.3591,0.3091,178,6.611,53.91,59.82,47.9,0,0,0,1
PDF_06725,1,2,8.45,4,5,0,0,0.0,0.2051,0.1872,84,4.995,15.64,21.8,28.16,0,0,0,1
PDF_06726,0,2,7.7,5,2,1,0,0.0,0.2784,0.3773,69,3.892,8.82,14.17,62.92,1,0,1,1
PDF_06727,2,3,36.0,5,5,1,0,46.04,0.2743,0.2081,127,5.939,53.83,44.73,35.33,0,1,0,1
PDF_06728,1,2,51.69,6,10,2,0,64.18,0.1723,0.2132,140,6.027,47.13,48.35,37.31,0,1,0,1
PDF_06729,1,1,21.37,7,4,2,0,23.4,0.2704,0.2243,119,5.456,30.33,25.92,28.0,0,0,1,1
PDF_06730,0,1,3.0,1,1,0,0,50.36,0.1363,0.1669,65,5.798,10.94,25.41,20.09,0,1,1,1
PDF_06731,1,3,60.58,6,6,3,0,29.85,0.3599,0.2941,163,6.072,68.18,72.92,38.2,0,0,0,1
PDF_06732,1,2,4.6,5,0,0,0,2.19,0.1699,0.0912,39,5.195,10.18,8.01,11.06,0,0,1,1
PDF_06733,0,2,57.12,10,5,1,0,3.6,0.2076,0.297,153,7.206,58.47,42.52,4.97,0,0,0,1
PDF_06734,0,2,17.53,3,6,1,0,46.71,0.2409,0.1808,97,6.298,43.86,37.67,16.03,0,1,0,1
PDF_06735,0,2,47.11,6,3,1,0,6.91,0.2039,0.1717,135,5.93,57.89,26.56,31.75,0,0,0,1
PDF_06736,2,2,29.75,8,7,1,0,0.0,0.2509,0.1608,126,4.921,62.65,56.08,22.55,0,0,0,1
PDF_06737,0,3,10.95,6,8,1,0,53.91,0.2075,0.2133,111,5.647,44.36,31.19,23.95,0,1,0,1
PDF_06738,0,1,30.89,8,7,2,0,9.91,0.2407,0.219,134,5.737,41.15,21.7,17.73,0,0,0,1
PDF_06739,2,3,27.76,8,5,1,0,3.19,0.2352,0.1603,117,7.085,55.25,45.36,18.1,0,0,0,1
PDF_06740,2,2,32.28,3,0,1,0,4.26,0.3621,0.4243,109,5.649,22.43,27.7,55.23,1,0,1,1
PDF_06741,1,2,35.58,9,7,0,0,14.0,0.2398,0.2479,130,6.781,66.0,39.87,49.28,0,0,0,1
PDF_06742,2,2,21.64,5,6,0,0,0.0,0.2245,0.1837,112,5.945,41.34,35.28,7.53,0,0,0,1
PDF_06743,1,3,30.54,6,5,1,0,19.47,0.41,0.4704,148,5.823,30.45,35.19,70.07,1,0,1,1
PDF_06744,1,2,11.49,5,1,0,0,0.0,0.2725,0.327,106,5.691,7.64,15.44,32.61,0,0,1,1
PDF_06745,0,2,8.79,5,2,1,0,3.08,0.1803,0.1913,75,4.924,25.31,26.78,15.32,0,0,0,1
PDF_06746,2,2,19.8,7,8,1,0,0.0,0.265,0.1575,112,4.763,24.66,31.45,24.06,0,0,0,1
PDF_06747,0,2,7.5,5,5,1,0,0.0,0.2122,0.1486,111,6.664,30.02,31.21,25.62,0,0,0,1
PDF_06748,2,3,71.74,9,9,3,0,42.94,0.3019,0.1871,192,6.971,58.78,44.72,26.77,0,0,0,1
PDF_06749,2,3,43.52,5,8,0,0,56.71,0.2934,0.178,110,4.94,47.79,59.52,4.2,0,1,0,1
PDF_06750,1,1,15.6,5,6,1,1,56.66,0.276,0.3268,128,6.061,23.33,36.31,21.59,0,1,0,1
PDF_06751,1,1,7.15,4,6,1,0,7.14,0.1702,0.1577,74,5.511,21.21,33.37,22.82,0,0,0,1
PDF_06752,1,3,0.0,5,2,1,0,15.37,0.1185,0.1416,53,6.273,14.78,3.54,14.53,0,1,0,1
PDF_06753,1,2,78.08,9,6,1,1,25.05,0.4628,0.4448,167,5.487,63.08,53.49,96.69,1,0,0,1
PDF_06754,1,2,14.61,5,6,2,0,4.58,0.3187,0.3845,96,7.014,40.54,0.0,83.82,1,0,0,1
PDF_06755,2,1,18.3,6,4,0,1,29.58,0.2229,0.2176,172,6.949,32.38,23.28,18.57,0,1,1,1
PDF_06756,3,3,23.06,5,5,2,0,46.45,0.2731,0.2788,156,5.163,51.23,27.25,32.09,0,1,0,1
PDF_06757,1,1,17.17,4,7,1,0,10.63,0.1751,0.201,161,7.19,34.09,2.5,2.38,0,0,0,1
PDF_06758,1,2,5.02,3,1,0,0,15.03,0.2157,0.2694,150,4.537,23.33,30.88,11.42,0,0,1,1
PDF_06759,1,3,39.97,4,6,0,0,61.92,0.3664,0.4971,187,5.955,62.15,32.84,78.3,1,1,0,1
PDF_06760,2,2,63.01,9,7,2,0,33.42,0.361,0.2594,171,6.552,73.64,64.45,56.34,0,0,0,1
PDF_06761,0,2,49.4,7,6,3,0,11.64,0.2838,0.2261,95,6.854,63.92,30.43,0.0,0,0,0,1
PDF_06762,1,3,15.2,5,5,0,0,43.19,0.2031,0.1617,30,5.682,0.0,9.2,0.0,0,1,0,1
PDF_06763,1,1,10.21,7,4,0,1,3.83,0.219,0.1842,96,6.69,39.16,31.56,27.78,0,0,1,1
PDF_06764,0,1,42.96,8,3,3,0,7.48,0.2754,0.2589,122,5.201,33.55,52.38,37.76,0,0,0,1
PDF_06765,1,2,32.82,7,4,1,0,38.59,0.295,0.2067,130,6.355,14.03,26.52,43.79,0,0,0,1
PDF_06766,2,3,26.31,2,4,1,0,7.51,0.1994,0.1692,129,4.861,36.32,25.66,8.75,0,0,0,1
PDF_06767,1,1,17.02,6,7,0,0,9.3,0.2366,0.1338,117,6.807,36.34,33.62,16.7,0,0,0,1
PDF_06768,1,2,25.05,7,1,0,0,0.0,0.2253,0.0924,93,6.102,28.02,28.29,8.78,0,0,1,1
PDF_06769,0,1,0.23,5,5,1,0,1.15,0.136,0.1836,93,5.89,21.21,0.0,14.86,0,0,0,1
PDF_06770,1,2,0.0,3,0,0,0,0.0,0.1005,0.1427,44,5.488,21.23,0.0,4.94,0,0,1,1
PDF_06771,2,4,100.0,15,13,2,0,48.88,0.3819,0.3593,156,6.072,85.51,87.94,56.91,0,0,0,1
PDF_06772,1,2,8.35,2,2,1,0,0.0,0.3172,0.4154,99,5.536,24.42,22.44,42.4,1,0,0,1
PDF_06773,0,1,0.0,5,7,1,0,0.0,0.1668,0.1544,113,5.927,14.98,0.0,14.69,0,0,0,1
PDF_06774,1,2,39.34,6,3,1,0,34.57,0.2904,0.1937,132,5.194,47.32,27.79,30.14,0,1,0,1
PDF_06775,0,1,0.0,4,5,0,0,0.0,0.089,0.2231,66,5.176,25.54,0.0,13.9,0,0,0,1
PDF_06776,1,2,28.19,10,5,0,0,19.13,0.2227,0.2569,141,6.156,65.12,31.81,36.65,0,0,0,1
PDF_06777,2,2,64.98,11,2,2,0,23.48,0.3168,0.2104,140,5.701,75.48,62.52,20.55,0,0,0,1
PDF_06778,0,2,31.91,7,3,2,0,12.2,0.1913,0.1478,101,5.908,43.84,42.2,20.56,0,0,0,1
PDF_06779,1,2,44.47,8,6,2,0,20.55,0.237,0.1818,136,6.419,56.7,68.44,58.37,0,0,0,1
PDF_06780,1,3,54.9,6,6,3,1,60.3,0.2502,0.1511,105,5.665,49.55,44.54,40.91,0,1,0,1
PDF_06781,1,2,20.72,0,1,0,0,0.0,0.1647,0.1878,49,5.812,4.07,12.77,2.74,0,0,1,1
PDF_06782,0,2,40.08,6,6,1,0,3.79,0.2222,0.2123,91,5.836,41.31,39.87,13.54,0,0,0,1
PDF_06783,1,2,0.0,2,5,0,0,0.0,0.2053,0.1842,110,5.123,29.5,0.0,17.85,0,0,0,1
PDF_06784,1,2,27.8,8,4,1,0,22.33,0.4051,0.4835,171,6.352,45.97,45.34,80.72,1,0,1,1
PDF_06785,1,1,2.4,2,2,1,0,0.0,0.3762,0.2846,123,4.492,39.15,7.47,66.22,1,0,0,1
PDF_06786,1,2,30.72,3,3,1,1,13.86,0.2893,0.3936,132,5.674,23.72,18.49,61.96,1,0,0,1
PDF_06787,0,3,38.44,5,6,2,0,43.7,0.2742,0.2947,119,6.517,73.63,59.9,37.14,0,0,0,1
PDF_06788,1,1,25.26,5,4,2,0,6.65,0.2183,0.2083,83,4.705,32.34,21.81,13.23,0,0,0,1
PDF_06789,0,3,31.44,7,3,1,0,15.2,0.2336,0.2518,127,5.309,39.75,41.95,14.93,0,0,0,1
PDF_06790,1,1,32.01,6,7,1,0,71.42,0.3464,0.2802,139,6.362,52.07,50.34,47.87,0,1,1,1
PDF_06791,1,2,27.48,5,7,1,0,13.08,0.4235,0.4138,146,5.888,25.43,30.67,80.27,1,0,1,1
PDF_06792,1,3,0.35,0,3,0,0,3.07,0.1908,0.1303,120,6.691,16.14,0.73,30.04,0,0,1,1
PDF_06793,2,2,48.29,9,3,1,0,46.38,0.4077,0.4219,130,6.204,57.09,51.22,73.36,1,1,0,1
PDF_06794,0,3,43.77,8,4,2,0,41.99,0.3113,0.2672,140,5.714,55.84,33.25,30.34,0,1,0,1
PDF_06795,2,3,36.68,11,7,2,0,64.98,0.3139,0.1894,90,6.23,41.5,36.14,33.11,0,1,0,1
PDF_06796,0,2,13.82,3,4,2,0,13.26,0.2832,0.3483,121,6.591,19.62,38.65,60.37,1,0,0,1
PDF_06797,0,2,31.39,6,4,2,0,16.3,0.2209,0.2793,150,4.661,73.91,22.11,38.65,0,0,0,1
PDF_06798,2,2,71.75,12,9,2,0,30.59,0.3336,0.301,170,5.885,79.91,74.13,56.36,0,0,0,1
PDF_06799,1,1,13.1,5,3,1,0,0.51,0.1979,0.1107,99,5.206,17.29,0.0,0.0,0,0,0,1
PDF_06800,3,1,53.52,11,5,2,0,22.12,0.2788,0.2704,126,4.978,78.27,40.37,24.09,0,0,0,1
PDF_06801,3,2,50.35,5,6,2,0,26.92,0.2529,0.2031,118,6.7,58.42,33.43,33.47,0,0,0,1
PDF_06802,2,1,0.0,4,1,1,0,21.12,0.2133,0.1706,62,5.223,35.09,13.81,10.04,0,1,0,1
PDF_06803,1,3,33.82,3,8,1,0,3.8,0.3475,0.4363,151,6.877,30.09,46.97,81.92,1,0,0,1
PDF_06804,2,3,36.01,9,6,2,0,32.61,0.3016,0.287,133,5.084,34.55,43.13,32.17,0,0,1,1
PDF_06805,1,2,28.61,5,3,2,0,59.77,0.3432,0.2064,85,6.251,43.73,27.52,23.38,0,0,1,1
PDF_06806,2,2,76.72,9,7,3,0,58.97,0.3949,0.2178,175,6.577,63.98,37.74,33.77,0,0,0,1
PDF_06807,1,3,52.45,9,8,2,1,26.54,0.2988,0.4238,140,5.079,34.8,45.3,91.01,1,0,0,1
PDF_06808,1,2,16.99,8,4,0,1,22.65,0.2362,0.1647,119,5.593,47.76,17.53,23.28,0,1,0,1
PDF_06809,1,3,23.12,2,2,1,0,42.66,0.2248,0.1574,130,6.001,24.25,2.12,7.64,0,1,1,1
PDF_06810,2,3,8.36,7,3,2,0,15.48,0.227,0.1901,108,4.595,42.71,23.64,21.25,0,0,0,1
PDF_06811,0,2,5.19,0,0,0,0,0.0,0.126,0.2046,105,5.244,24.52,10.12,0.0,0,0,1,1
PDF_06812,1,2,58.28,5,5,2,0,4.53,0.1606,0.1495,94,5.865,33.88,46.35,0.0,0,0,0,1
PDF_06813,0,3,37.99,9,4,2,0,5.06,0.2572,0.1544,87,6.257,32.25,32.71,43.94,0,0,0,1
PDF_06814,1,2,17.62,0,6,2,1,2.27,0.2338,0.1895,60,6.348,9.63,27.73,14.53,0,0,0,1
PDF_06815,3,2,36.43,8,10,1,0,55.76,0.3925,0.2295,148,6.836,50.27,42.0,43.08,0,1,1,1
PDF_06816,0,2,2.04,4,0,0,0,31.75,0.1344,0.1598,97,6.728,16.48,0.0,12.35,0,1,1,1
PDF_06817,1,2,51.29,10,9,1,0,48.46,0.3152,0.3563,128,6.648,54.49,74.68,50.6,0,0,0,1
PDF_06818,1,2,10.72,5,2,0,0,0.0,0.3318,0.3478,88,6.562,38.96,14.94,72.59,1,0,0,1
PDF_06819,1,2,34.06,9,1,1,0,46.42,0.2443,0.1618,103,5.822,46.75,22.65,32.74,0,1,0,1
PDF_06820,1,2,68.74,10,8,1,1,63.02,0.2712,0.2652,144,6.102,45.03,42.96,28.45,0,1,0,1
PDF_06821,0,1,16.95,6,1,2,0,22.72,0.2421,0.1255,126,5.341,40.13,43.09,9.63,0,0,0,1
PDF_06822,1,2,25.2,3,2,0,0,0.0,0.2345,0.1774,141,6.018,28.37,36.6,36.56,0,0,1,1
PDF_06823,1,2,23.67,4,1,0,1,17.32,0.2304,0.2415,146,4.87,16.52,11.94,39.58,0,0,1,1
PDF_06824,1,1,26.63,1,2,1,0,0.0,0.2963,0.2196,38,5.772,32.36,5.37,28.53,0,0,0,1
PDF_06825,1,2,27.0,4,5,1,0,19.12,0.155,0.2686,105,6.486,51.08,23.51,32.98,0,0,0,1
PDF_06826,2,3,75.85,9,7,3,0,27.88,0.371,0.2982,152,6.337,46.04,58.42,48.15,0,0,0,1
PDF_06827,1,1,34.02,6,6,0,0,59.75,0.293,0.2314,99,7.014,37.34,40.2,39.45,0,1,1,1
PDF_06828,1,1,0.69,7,1,1,0,64.51,0.2519,0.1941,72,5.088,10.89,33.69,0.0,0,1,0,1
PDF_06829,0,2,25.88,5,4,0,0,23.11,0.3103,0.202,111,6.092,24.72,28.13,29.3,0,0,1,1
PDF_06830,2,2,50.67,3,5,1,0,21.03,0.343,0.2824,80,6.473,30.34,20.51,16.9,0,0,0,1
PDF_06831,2,2,11.93,7,3,0,0,0.0,0.0875,0.1875,79,5.559,30.66,0.0,17.13,0,0,0,1
PDF_06832,1,2,26.91,4,3,1,0,23.6,0.3133,0.3527,80,5.288,39.47,0.0,74.78,1,1,0,1
PDF_06833,2,1,6.25,4,4,1,1,0.0,0.2026,0.2652,86,4.799,24.41,0.0,14.95,0,0,0,1
PDF_06834,1,3,50.85,7,6,2,0,15.83,0.3377,0.2063,197,5.923,51.27,57.82,46.39,0,0,0,1
PDF_06835,1,2,24.61,3,2,0,0,42.62,0.188,0.3293,150,6.763,38.79,21.62,14.22,0,0,1,1
PDF_06836,1,2,4.38,2,0,0,0,0.42,0.1325,0.1451,53,5.884,25.8,0.48,18.59,0,0,0,1
PDF_06837,0,3,4.5,5,4,1,0,54.71,0.3197,0.3829,96,5.97,31.24,15.73,76.47,1,1,1,1
PDF_06838,0,2,17.77,4,0,0,1,0.84,0.1881,0.1759,94,5.152,0.0,11.49,8.76,0,0,1,1
PDF_06839,2,3,36.95,8,5,1,0,31.67,0.3238,0.2035,110,5.819,37.96,39.88,30.12,0,0,1,1
PDF_06840,1,2,45.41,6,6,1,1,22.37,0.2868,0.1788,150,5.542,49.31,26.22,15.77,0,0,0,1
PDF_06841,1,2,36.09,7,3,1,0,14.02,0.3501,0.4463,136,6.166,26.31,30.91,66.34,1,0,1,1
PDF_06842,2,1,29.04,11,9,1,0,50.48,0.3518,0.2855,155,6.318,29.85,62.05,39.71,0,0,0,1
PDF_06843,2,2,0.38,4,3,1,0,47.14,0.3544,0.3699,107,5.871,3.63,25.38,63.79,1,1,0,1
PDF_06844,1,1,12.29,2,1,0,0,29.6,0.2668,0.1278,106,5.968,20.91,22.11,10.51,0,0,1,1
PDF_06845,1,2,34.02,6,6,1,0,15.86,0.3137,0.2,151,5.658,32.09,43.18,28.92,0,0,1,1
PDF_06846,1,2,52.81,4,3,2,1,24.97,0.199,0.2873,138,6.493,69.09,39.4,46.95,0,0,0,1
PDF_06847,0,1,35.12,8,3,0,0,20.88,0.2379,0.212,80,5.472,71.0,44.4,26.57,0,0,0,1
PDF_06848,3,2,39.23,10,5,1,1,26.97,0.2778,0.3359,126,6.789,63.08,34.52,30.72,0,0,0,1
PDF_06849,0,2,19.56,3,3,1,0,15.25,0.1968,0.1629,56,4.794,18.29,30.75,29.96,0,0,0,1
PDF_06850,1,2,22.41,7,5,2,0,30.29,0.3305,0.2283,122,5.907,35.34,21.39,16.77,0,1,0,1
PDF_06851,0,2,33.77,5,2,1,1,59.56,0.229,0.252,127,6.539,56.51,27.36,30.1,0,1,0,1
PDF_06852,1,2,49.62,9,7,1,0,37.24,0.3268,0.322,201,7.258,47.87,59.44,55.23,0,0,1,1
PDF_06853,1,3,17.1,2,1,2,1,17.16,0.1376,0.1711,82,5.351,44.0,4.91,8.22,0,0,0,1
PDF_06854,0,2,4.66,2,2,1,0,0.0,0.1388,0.1201,77,5.55,15.28,0.0,14.36,0,0,1,1
PDF_06855,1,3,49.89,10,8,2,0,56.11,0.2869,0.1983,93,5.943,64.24,68.0,16.97,0,0,0,1
PDF_06856,1,2,7.89,6,2,1,1,16.0,0.3139,0.3251,98,5.527,11.49,6.09,63.83,1,0,0,1
PDF_06857,0,2,22.25,5,3,0,0,12.42,0.1696,0.243,75,6.505,23.17,25.74,23.78,0,0,1,1
PDF_06858,0,2,32.66,8,7,1,1,14.35,0.2837,0.2609,101,6.04,51.52,38.11,28.51,0,0,0,1
PDF_06859,1,2,22.84,3,2,0,0,69.18,0.337,0.3842,124,6.103,24.63,13.69,66.78,1,1,1,1
PDF_06860,0,2,40.19,8,9,1,0,42.26,0.2864,0.2,160,5.594,64.36,31.8,31.16,0,0,0,1
PDF_06861,2,3,10.47,4,0,0,0,0.0,0.1228,0.1061,81,6.85,30.68,0.84,9.7,0,0,1,1
PDF_06862,1,3,51.9,7,5,2,0,50.4,0.226,0.2498,100,5.099,77.9,62.53,27.97,0,1,0,1
PDF_06863,3,3,45.78,10,9,2,0,0.0,0.2405,0.2603,121,5.844,51.72,29.96,29.2,0,0,0,1
PDF_06864,2,1,51.94,8,6,1,0,57.19,0.3889,0.3336,162,6.146,28.11,45.51,83.51,1,1,0,1
PDF_06865,1,2,28.95,7,6,1,0,5.07,0.2506,0.2317,124,5.323,42.93,43.87,20.09,0,0,0,1
PDF_06866,0,2,38.23,6,1,1,0,18.41,0.2368,0.1362,167,7.221,38.27,35.45,30.25,0,0,0,1
PDF_06867,2,1,73.3,12,8,2,1,48.97,0.4206,0.4857,183,5.295,85.49,73.1,88.24,1,0,0,1
PDF_06868,3,2,57.04,9,7,2,0,81.34,0.4216,0.5594,178,7.437,73.56,85.66,88.86,1,1,0,1
PDF_06869,0,1,0.43,3,6,1,1,11.28,0.2475,0.1705,127,5.214,50.25,35.66,21.96,0,0,0,1
PDF_06870,1,3,57.27,8,8,1,0,86.0,0.4117,0.4723,175,6.486,68.38,70.61,66.81,1,1,0,1
PDF_06871,1,2,20.36,5,0,0,1,29.01,0.2322,0.2949,131,6.725,15.32,23.36,26.22,0,0,1,1
PDF_06872,0,2,13.59,3,2,0,0,19.58,0.1516,0.1776,127,5.166,34.84,2.08,23.5,0,1,0,1
PDF_06873,0,3,56.33,10,6,2,0,24.72,0.2816,0.2045,114,6.902,61.33,38.28,29.14,0,0,0,1
PDF_06874,2,2,29.99,7,10,1,0,30.03,0.2172,0.2398,94,5.489,71.85,50.53,18.01,0,0,0,1
PDF_06875,1,2,24.21,4,6,2,0,11.84,0.293,0.4627,103,6.414,32.12,16.73,78.8,1,0,0,1
PDF_06876,0,2,20.18,4,4,1,0,8.06,0.1962,0.1927,133,5.167,24.24,15.03,37.53,0,0,0,1
PDF_06877,1,1,26.39,6,4,2,0,0.0,0.2195,0.1363,133,5.312,49.01,37.21,10.13,0,0,0,1
PDF_06878,1,2,20.58,7,4,1,0,7.89,0.199,0.2412,105,4.28,30.94,36.82,29.04,0,0,0,1
PDF_06879,2,1,32.62,7,2,0,1,13.63,0.4023,0.3816,137,5.971,46.32,36.62,83.36,1,0,1,1
PDF_06880,2,1,0.0,2,4,0,1,3.24,0.1155,0.2118,107,5.368,30.16,15.88,10.15,0,0,0,1
PDF_06881,1,1,47.26,10,8,2,1,48.59,0.297,0.2806,155,5.796,57.12,64.15,51.09,0,0,0,1
PDF_06882,1,2,54.34,8,7,2,0,11.5,0.286,0.3865,186,4.968,60.91,38.18,22.57,0,0,0,1
PDF_06883,0,2,16.5,4,5,0,0,1.25,0.2805,0.3786,109,6.448,44.1,24.77,55.63,1,0,0,1
PDF_06884,2,2,30.0,6,1,1,0,27.81,0.3956,0.4083,159,5.522,54.09,37.04,87.68,1,0,1,1
PDF_06885,1,1,49.92,8,5,1,0,26.94,0.2301,0.1742,99,5.192,42.34,37.1,36.77,0,0,0,1
PDF_06886,0,2,24.02,7,2,1,1,7.86,0.2718,0.1703,141,5.725,45.87,9.18,22.92,0,0,0,1
PDF_06887,0,1,16.09,5,5,1,0,8.94,0.2024,0.1622,54,6.04,38.78,8.9,5.31,0,0,0,1
PDF_06888,3,3,57.99,8,8,3,0,81.3,0.2739,0.276,165,6.19,76.7,67.67,37.48,0,1,0,1
PDF_06889,2,3,53.88,9,9,2,1,63.63,0.2488,0.2349,150,6.068,44.11,38.11,48.75,0,1,0,1
PDF_06890,2,2,21.2,10,6,2,0,64.59,0.2746,0.2349,126,6.139,51.01,23.36,24.61,0,1,0,1
PDF_06891,2,2,32.3,6,4,2,0,45.89,0.2423,0.2053,130,5.882,41.52,38.53,22.64,0,1,0,1
PDF_06892,2,2,28.5,5,10,2,0,5.53,0.1788,0.2404,102,5.746,40.39,15.25,11.37,0,0,0,1
PDF_06893,2,1,47.05,5,6,2,0,23.9,0.3287,0.2779,163,6.394,49.84,58.79,30.61,0,0,0,1
PDF_06894,1,2,14.25,1,2,0,0,20.9,0.1881,0.2167,100,6.007,20.78,22.86,38.21,0,0,1,1
PDF_06895,0,2,10.02,3,7,2,0,39.38,0.2717,0.2223,102,5.697,33.82,7.77,1.94,0,1,0,1
PDF_06896,2,3,18.91,4,3,1,1,29.66,0.1508,0.1887,75,5.691,20.42,22.99,36.24,0,0,0,1
PDF_06897,2,2,35.09,4,1,0,0,13.23,0.1841,0.14,79,6.816,20.29,6.87,9.74,0,1,0,1
PDF_06898,2,2,0.0,2,2,0,0,58.09,0.129,0.1365,109,5.392,36.46,11.9,37.59,0,1,0,1
PDF_06899,2,2,26.0,2,5,1,0,62.62,0.2077,0.2738,123,5.912,32.48,27.04,23.5,0,1,0,1
PDF_06900,2,3,17.13,5,3,1,0,11.56,0.4343,0.5351,158,5.848,28.15,37.84,81.92,1,0,1,1
PDF_06901,2,2,18.26,8,5,1,1,66.04,0.249,0.1621,81,7.143,45.92,25.83,25.41,0,1,0,1
PDF_06902,0,2,0.0,6,3,0,1,3.21,0.0344,0.0,31,5.329,0.0,0.0,12.62,0,0,0,1
PDF_06903,2,4,36.88,7,4,2,0,66.84,0.3117,0.3293,180,5.928,57.32,47.58,32.04,0,1,0,1
PDF_06904,2,2,47.33,8,9,2,0,53.26,0.3234,0.1959,107,5.969,31.31,26.3,39.36,0,1,0,1
PDF_06905,0,4,31.34,4,2,0,0,70.11,0.3391,0.4306,131,6.014,29.58,18.03,65.72,1,1,0,1
PDF_06906,1,2,29.95,5,8,2,0,28.01,0.1931,0.2466,160,5.302,0.0,30.13,24.58,0,0,0,1
PDF_06907,2,3,33.17,10,6,3,0,12.82,0.2984,0.2257,143,6.298,39.75,19.4,35.98,0,0,0,1
PDF_06908,1,1,18.12,5,5,0,0,0.0,0.2081,0.1959,109,6.716,33.97,32.42,28.76,0,0,1,1
PDF_06909,1,2,24.59,9,1,2,0,11.46,0.1993,0.2241,137,7.007,34.89,28.29,18.66,0,0,0,1
PDF_06910,0,3,14.0,7,6,0,0,0.0,0.262,0.2545,112,6.178,23.96,20.75,1.39,0,0,1,1
PDF_06911,1,2,31.21,5,4,1,0,6.35,0.2821,0.276,148,5.109,45.35,24.67,31.3,0,0,0,1
PDF_06912,0,2,10.03,1,0,0,0,45.71,0.2376,0.1144,99,5.77,21.32,21.86,25.31,0,1,1,1
PDF_06913,2,2,37.39,3,9,0,0,78.55,0.3913,0.4207,109,6.689,45.2,44.87,91.49,1,1,0,1
PDF_06914,1,2,51.18,8,4,1,0,0.0,0.2423,0.2063,146,5.505,71.37,53.36,30.05,0,0,0,1
PDF_06915,1,2,47.29,6,6,2,0,11.38,0.3441,0.4594,178,5.986,65.72,28.34,64.69,1,0,0,1
PDF_06916,2,1,0.0,2,0,1,0,0.0,0.1561,0.0928,42,5.222,13.46,0.0,0.0,0,0,1,1
PDF_06917,0,2,21.29,5,5,3,1,3.41,0.266,0.195,85,6.714,49.4,12.1,15.84,0,0,0,1
PDF_06918,1,4,20.88,8,6,1,0,22.2,0.1992,0.1597,146,5.453,50.08,8.71,29.73,0,0,0,1
PDF_06919,1,1,33.5,3,5,2,0,61.91,0.2724,0.1877,77,6.259,44.74,53.59,31.48,0,1,0,1
PDF_06920,0,2,0.0,5,4,2,0,41.82,0.1571,0.2217,89,5.273,15.13,17.05,48.91,0,1,0,1
PDF_06921,1,1,24.45,8,6,0,0,21.52,0.1511,0.203,99,4.946,30.74,30.71,17.76,0,0,0,1
PDF_06922,1,2,27.06,7,4,0,0,54.57,0.2623,0.2591,73,6.831,32.32,27.44,31.77,0,1,1,1
PDF_06923,0,1,25.38,11,5,1,0,36.97,0.3364,0.1274,95,6.731,38.89,20.23,22.87,0,0,0,1
PDF_06924,0,2,29.29,6,10,1,0,24.27,0.2148,0.1136,160,5.816,38.86,33.17,36.87,0,0,0,1
PDF_06925,2,3,48.27,12,5,2,0,30.78,0.3214,0.2231,163,6.032,64.46,71.39,52.78,0,0,0,1
PDF_06926,1,1,4.41,2,0,2,0,0.0,0.1394,0.129,72,5.656,12.86,17.89,15.78,0,0,0,1
PDF_06927,0,2,22.46,3,5,1,0,0.0,0.2373,0.2275,108,5.335,31.47,0.0,11.44,0,0,0,1
PDF_06928,1,3,34.51,9,7,1,0,0.52,0.2294,0.1946,172,6.492,45.69,11.97,17.64,0,0,0,1
PDF_06929,3,3,77.11,11,8,1,0,45.43,0.4016,0.4851,213,6.157,60.11,57.54,76.68,1,0,0,1
PDF_06930,2,1,18.74,4,2,0,0,7.94,0.2702,0.1863,111,5.817,32.29,12.53,15.62,0,0,1,1
PDF_06931,3,3,75.97,12,11,3,1,47.95,0.3838,0.2545,145,6.132,69.57,58.28,39.56,0,0,0,1
PDF_06932,1,2,30.27,4,6,2,0,52.77,0.2578,0.4183,137,5.57,60.43,16.4,85.82,1,1,0,1
PDF_06933,0,3,0.0,9,4,1,0,0.0,0.1794,0.194,69,6.508,16.21,0.0,0.0,0,0,0,1
PDF_06934,1,2,5.51,5,0,0,1,74.28,0.1946,0.2037,94,6.168,39.9,13.01,25.02,0,1,0,1
PDF_06935,0,2,2.71,0,1,1,0,18.56,0.1764,0.178,96,5.464,44.93,10.77,14.61,0,0,0,1
PDF_06936,1,2,0.0,5,1,0,0,29.76,0.1358,0.1912,42,5.351,0.0,0.0,8.13,0,1,1,1
PDF_06937,0,1,3.73,7,4,1,0,0.0,0.1959,0.1958,116,6.796,31.93,20.86,30.56,0,0,0,1
PDF_06938,1,1,18.79,7,5,1,0,0.0,0.2755,0.1435,68,5.961,30.33,29.84,20.45,0,0,0,1
PDF_06939,1,3,47.57,5,0,2,0,0.0,0.2687,0.1265,109,7.043,24.42,46.41,37.32,0,0,0,1
PDF_06940,1,2,26.53,6,5,1,0,30.62,0.2422,0.2367,103,5.464,45.66,38.76,42.48,0,0,1,1
PDF_06941,1,2,50.22,8,2,1,0,70.91,0.3237,0.2254,147,6.143,39.68,27.15,14.6,0,1,0,1
PDF_06942,2,3,41.15,8,7,2,0,32.84,0.2434,0.3049,133,6.468,58.72,47.31,18.4,0,0,0,1
PDF_06943,1,2,38.84,7,6,2,0,19.09,0.316,0.2133,111,6.007,60.4,29.52,17.02,0,0,0,1
PDF_06944,0,2,19.43,2,4,1,0,10.79,0.2031,0.3034,109,6.791,43.01,10.57,10.26,0,0,0,1
PDF_06945,1,1,0.0,6,3,1,0,0.0,0.2836,0.3653,89,4.321,39.15,25.24,64.51,1,0,0,1
PDF_06946,2,2,39.66,10,8,0,0,39.71,0.4379,0.3011,148,5.59,58.43,41.7,18.43,0,0,1,1
PDF_06947,2,1,70.57,7,8,2,0,66.73,0.3015,0.2759,175,6.456,56.56,75.76,41.74,0,1,0,1
PDF_06948,1,1,25.2,8,3,0,1,22.38,0.2816,0.2397,41,5.096,53.98,53.86,25.74,0,0,0,1
PDF_06949,0,4,32.37,6,6,0,0,43.18,0.2725,0.312,162,6.738,31.76,27.7,21.49,0,0,1,1
PDF_06950,1,3,22.61,6,2,1,0,22.88,0.2866,0.2146,140,6.206,33.28,45.07,8.33,0,0,1,1
PDF_06951,0,1,12.72,6,2,0,1,0.0,0.2623,0.2407,124,5.753,14.9,15.04,16.11,0,0,1,1
PDF_06952,4,3,41.31,8,4,0,0,60.93,0.3419,0.4302,132,6.058,54.24,47.72,89.91,1,1,1,1
PDF_06953,2,1,24.92,5,6,2,0,40.37,0.1311,0.2173,114,5.084,38.91,16.53,6.92,0,1,0,1
PDF_06954,0,4,14.45,6,5,0,0,0.0,0.3428,0.5067,92,5.13,23.8,16.28,66.46,1,0,0,1
PDF_06955,3,1,50.45,9,5,1,0,29.25,0.2471,0.1959,54,4.908,59.42,21.51,32.58,0,0,0,1
PDF_06956,0,3,34.99,6,4,1,1,3.61,0.2461,0.177,74,5.894,64.92,55.01,13.37,0,0,0,1
PDF_06957,2,2,25.46,4,0,1,1,13.69,0.2028,0.276,66,6.261,26.81,7.12,25.67,0,1,0,1
PDF_06958,2,2,43.59,10,5,0,0,44.32,0.2518,0.2783,105,5.812,34.96,49.6,33.53,0,1,0,1
PDF_06959,2,1,63.34,10,5,2,1,60.1,0.2602,0.159,195,7.071,57.28,47.04,30.52,0,1,0,1
PDF_06960,0,1,23.69,4,1,1,0,3.95,0.2475,0.1739,130,6.19,21.87,41.51,7.26,0,0,0,1
PDF_06961,2,3,29.69,7,4,1,0,48.85,0.2761,0.3053,163,4.801,40.69,36.51,12.38,0,1,1,1
PDF_06962,2,2,35.1,7,3,2,0,0.0,0.2923,0.25,138,5.998,51.64,28.2,44.72,0,0,0,1
PDF_06963,2,2,1.75,0,1,0,0,0.0,0.211,0.3932,78,5.149,16.97,0.0,53.79,1,0,1,1
PDF_06964,2,3,34.09,8,4,2,0,16.95,0.2814,0.2619,138,6.273,38.54,44.79,30.95,0,0,1,1
PDF_06965,3,2,23.05,7,1,0,1,6.95,0.2605,0.222,100,6.246,14.08,17.42,26.9,0,0,1,1
PDF_06966,0,1,21.79,8,6,1,1,19.89,0.2527,0.2401,183,6.399,40.91,31.59,34.1,0,0,1,1
PDF_06967,1,3,28.32,1,4,0,0,16.71,0.312,0.5184,165,5.796,23.67,28.54,78.32,1,0,1,1
PDF_06968,1,1,17.31,8,0,1,1,0.13,0.2077,0.1215,82,5.242,26.57,7.3,8.07,0,0,0,1
PDF_06969,2,3,32.64,7,4,1,0,31.58,0.2809,0.2592,183,6.583,28.29,19.2,20.69,0,0,1,1
PDF_06970,1,2,38.45,7,4,1,0,10.6,0.2321,0.2413,106,5.575,37.03,26.16,18.64,0,0,0,1
PDF_06971,3,2,16.99,4,5,1,0,31.15,0.2101,0.2006,96,5.303,17.41,39.46,16.7,0,0,0,1
PDF_06972,1,2,13.16,1,4,1,0,20.14,0.2192,0.1428,148,5.399,20.9,0.0,0.22,0,1,0,1
PDF_06973,2,3,22.77,5,1,2,0,8.8,0.2184,0.2487,118,5.587,42.8,18.0,24.58,0,0,0,1
PDF_06974,0,2,37.49,6,2,2,1,53.8,0.2186,0.1838,128,5.689,33.68,46.44,25.07,0,1,0,1
PDF_06975,1,1,57.45,6,6,2,1,24.87,0.2409,0.2945,197,5.69,59.09,57.24,26.97,0,0,0,1
PDF_06976,2,2,42.4,7,3,2,0,31.01,0.2693,0.3215,111,5.826,50.15,55.15,35.51,0,0,0,1
PDF_06977,1,1,7.74,9,1,1,0,0.0,0.177,0.2897,82,5.591,38.28,16.87,0.0,0,0,0,1
PDF_06978,1,2,20.19,2,0,0,0,56.19,0.2153,0.2796,139,5.693,49.52,26.89,31.13,0,1,1,1
PDF_06979,1,3,14.43,4,5,1,0,20.6,0.1991,0.2012,102,5.57,38.09,23.19,11.37,0,0,1,1
PDF_06980,1,1,14.64,3,4,0,0,6.75,0.3629,0.4882,125,5.538,15.85,49.98,65.59,1,0,1,1
PDF_06981,1,1,14.45,4,0,0,0,30.16,0.1498,0.1489,126,5.109,13.56,12.24,0.0,0,1,0,1
PDF_06982,2,2,0.0,2,3,0,0,0.0,0.1265,0.1406,42,5.497,17.75,15.04,21.75,0,0,1,1
PDF_06983,0,1,31.71,3,4,2,0,54.73,0.1663,0.0912,113,6.389,46.48,15.66,26.64,0,1,0,1
PDF_06984,1,2,14.68,6,3,1,0,3.26,0.1858,0.1363,122,4.239,38.68,18.28,23.0,0,0,0,1
PDF_06985,0,1,19.31,2,4,0,0,57.18,0.2257,0.1915,66,5.551,49.31,5.03,21.09,0,1,0,1
PDF_06986,1,3,5.86,5,6,0,0,0.0,0.1948,0.2092,64,5.884,32.09,34.2,25.92,0,0,0,1
PDF_06987,0,1,0.53,7,3,0,0,41.99,0.2289,0.2012,83,4.933,26.6,28.6,17.53,0,1,0,1
PDF_06988,2,3,39.56,5,4,1,0,66.11,0.4453,0.4428,167,6.003,21.73,58.54,87.91,1,1,0,1
PDF_06989,0,2,21.74,7,4,1,0,21.2,0.2009,0.1773,22,5.179,30.74,26.73,22.59,0,0,0,1
PDF_06990,1,1,16.88,4,0,0,0,7.51,0.2703,0.2228,91,6.604,21.93,15.21,24.38,0,0,1,1
PDF_06991,2,4,33.85,8,2,1,1,40.16,0.2256,0.2828,158,6.71,46.2,35.92,39.33,0,0,1,1
PDF_06992,1,4,28.15,10,5,1,0,0.0,0.2175,0.1425,57,4.461,2.7,18.88,0.56,0,0,0,1
PDF_06993,0,3,10.06,5,1,0,0,0.0,0.2839,0.1932,147,6.074,26.9,5.52,28.47,0,0,1,1
PDF_06994,2,2,54.98,9,6,2,0,22.58,0.2616,0.173,131,6.347,45.19,48.12,54.5,0,0,0,1
PDF_06995,1,2,1.92,2,6,1,0,0.0,0.2041,0.1782,86,6.008,8.88,8.18,3.71,0,0,0,1
PDF_06996,2,2,9.81,3,3,2,0,18.39,0.2101,0.1273,85,5.045,23.77,0.0,12.45,0,0,0,1
PDF_06997,0,1,19.16,5,5,0,0,8.2,0.2077,0.2191,56,5.449,68.11,40.31,25.51,0,0,0,1
PDF_06998,2,3,51.59,5,6,2,1,4.48,0.2542,0.2256,159,5.235,62.83,73.61,44.47,0,0,0,1
PDF_06999,0,2,24.64,6,1,0,0,6.01,0.3362,0.4409,60,5.499,12.86,34.63,60.68,1,0,0,1
PDF_07000,1,2,25.57,11,5,3,0,7.29,0.2574,0.4387,111,7.551,29.41,32.94,68.4,1,0,0,1
PDF_07001,1,1,56.79,8,7,2,0,21.26,0.3352,0.4358,152,4.851,29.15,36.51,71.22,1,0,0,1
PDF_07002,1,3,24.22,6,4,1,1,42.51,0.3434,0.2994,176,6.388,33.41,37.12,32.95,0,0,1,1
PDF_07003,1,2,44.67,10,6,2,0,48.07,0.25,0.2006,181,5.94,47.65,43.18,27.66,0,1,0,1
PDF_07004,1,2,34.67,3,4,2,0,27.48,0.2768,0.1961,120,5.697,20.41,7.98,2.17,0,1,0,1
PDF_07005,1,1,26.49,4,4,2,0,6.42,0.1674,0.2025,71,6.034,49.39,0.0,26.59,0,0,0,1
PDF_07006,2,2,49.38,8,8,2,1,34.69,0.1943,0.2898,99,5.963,49.9,20.71,31.13,0,0,0,1
PDF_07007,0,2,0.0,7,2,1,0,42.1,0.2379,0.3594,103,5.358,10.67,0.0,47.48,1,1,0,1
PDF_07008,1,2,18.28,11,4,2,0,0.0,0.2971,0.2797,105,5.915,29.58,29.75,39.53,0,0,0,1
PDF_07009,1,2,2.74,6,1,1,0,8.12,0.3113,0.3948,111,6.207,32.51,10.98,69.29,1,0,0,1
PDF_07010,1,1,45.35,7,3,3,0,31.89,0.4467,0.4549,174,5.899,69.61,24.22,93.61,1,0,0,1
PDF_07011,1,1,37.2,2,5,2,0,0.0,0.2387,0.1266,102,5.455,33.85,7.54,22.09,0,0,0,1
PDF_07012,1,2,0.0,3,2,0,0,45.9,0.1027,0.1767,68,6.381,17.29,14.53,13.61,0,1,0,1
PDF_07013,1,3,15.12,1,0,0,0,22.52,0.2504,0.202,89,5.122,39.27,21.38,22.03,0,0,1,1
PDF_07014,1,1,14.62,3,4,1,0,0.0,0.2149,0.2166,32,5.555,16.23,0.0,3.57,0,0,0,1
PDF_07015,1,3,19.31,5,3,0,0,19.4,0.2407,0.2421,155,6.023,38.13,25.76,19.68,0,1,1,1
PDF_07016,0,4,30.98,5,1,1,0,46.2,0.2545,0.1779,141,6.2,28.79,29.22,36.04,0,0,1,1
PDF_07017,3,2,41.79,5,2,1,0,28.67,0.1907,0.326,66,6.235,35.62,31.13,36.45,0,0,0,1
PDF_07018,0,2,0.0,7,4,1,0,9.61,0.0573,0.1733,102,6.558,15.6,3.56,6.1,0,0,0,1
PDF_07019,1,2,27.33,5,4,2,0,15.85,0.3919,0.3124,163,6.652,25.32,26.43,73.8,1,0,1,1
PDF_07020,2,2,47.97,9,8,0,0,44.53,0.2829,0.2212,115,6.012,51.21,38.13,45.15,0,0,1,1
PDF_07021,2,3,32.44,5,5,1,0,15.48,0.2556,0.1422,131,5.988,37.49,19.24,21.48,0,0,0,1
PDF_07022,2,2,26.86,6,0,1,0,0.0,0.2109,0.2488,104,6.451,55.18,0.75,5.22,0,0,0,1
PDF_07023,2,3,39.76,2,6,2,0,4.76,0.2279,0.1987,108,5.868,57.57,27.81,7.06,0,0,0,1
PDF_07024,3,2,38.86,8,9,2,0,76.77,0.2235,0.2272,172,5.663,72.4,56.65,52.53,0,1,0,1
PDF_07025,2,2,39.42,7,5,2,0,18.34,0.26,0.1642,148,6.196,66.31,29.77,33.57,0,0,0,1
PDF_07026,2,2,31.73,9,5,1,0,25.34,0.4108,0.4574,167,5.852,43.74,25.75,92.69,1,0,1,1
PDF_07027,1,1,31.28,6,2,1,0,30.32,0.1175,0.1865,120,6.016,52.46,20.47,2.16,0,1,0,1
PDF_07028,0,2,31.28,10,6,2,0,18.7,0.282,0.2952,149,4.898,55.83,31.85,29.85,0,0,0,1
PDF_07029,0,1,33.0,4,6,1,0,8.09,0.2063,0.2906,99,6.395,29.84,15.2,37.27,0,0,0,1
PDF_07030,1,2,8.13,5,5,1,0,9.95,0.2567,0.1168,80,5.27,36.62,13.4,33.52,0,0,0,1
PDF_07031,2,2,28.15,6,5,0,0,26.18,0.2652,0.1714,97,6.538,52.22,45.58,44.25,0,0,0,1
PDF_07032,1,2,30.76,10,4,0,0,47.27,0.1923,0.3248,137,5.071,35.64,33.06,41.82,0,0,0,1
PDF_07033,2,2,23.79,3,6,0,0,15.86,0.342,0.3587,123,6.721,30.76,19.01,69.71,1,0,1,1
PDF_07034,2,3,22.12,3,2,1,0,0.0,0.1492,0.08,87,5.975,38.51,12.24,11.73,0,0,0,1
PDF_07035,0,3,42.23,6,4,1,0,37.59,0.3363,0.2742,133,5.955,38.18,36.89,41.85,0,0,1,1
PDF_07036,2,2,48.33,10,8,0,0,35.86,0.2235,0.2464,111,5.252,40.45,41.13,14.81,0,0,0,1
PDF_07037,0,1,23.36,3,1,0,0,9.35,0.2785,0.2662,92,6.277,19.12,11.33,31.31,0,0,1,1
PDF_07038,2,1,31.45,6,5,0,0,44.92,0.225,0.2513,94,5.741,30.84,34.24,27.61,0,1,0,1
PDF_07039,3,2,21.22,5,6,0,0,15.45,0.2477,0.0961,111,6.329,41.86,34.13,8.08,0,0,0,1
PDF_07040,2,2,21.23,6,6,1,1,34.75,0.4064,0.4543,137,5.304,45.52,38.75,79.66,1,0,0,1
PDF_07041,1,2,29.84,4,2,0,0,0.0,0.1813,0.2505,102,5.628,25.55,18.49,14.07,0,0,1,1
PDF_07042,1,1,54.23,8,6,2,0,40.38,0.327,0.3468,128,6.237,58.65,49.8,24.88,0,1,0,1
PDF_07043,1,3,19.89,8,5,2,0,7.7,0.3436,0.1932,142,5.219,34.22,30.94,19.05,0,0,0,1
PDF_07044,2,1,7.26,3,1,0,0,0.0,0.1608,0.1801,110,4.613,5.74,1.54,7.44,0,0,1,1
PDF_07045,0,2,37.68,11,2,2,0,15.04,0.2619,0.0598,139,5.091,52.61,57.85,33.06,0,0,0,1
PDF_07046,1,1,3.89,1,4,1,0,28.75,0.1558,0.165,30,4.805,12.07,3.65,14.46,0,1,0,1
PDF_07047,2,3,20.18,8,4,0,0,11.66,0.2642,0.2389,168,5.245,30.48,35.76,16.93,0,0,1,1
PDF_07048,4,3,56.12,11,7,2,0,58.36,0.4251,0.3438,169,6.371,65.0,58.95,53.94,0,0,1,1
PDF_07049,2,4,35.78,5,7,2,0,45.73,0.2032,0.2482,152,5.63,58.89,48.75,31.15,0,1,0,1
PDF_07050,0,1,11.08,7,1,0,0,28.78,0.1678,0.2169,50,5.685,31.9,20.66,22.26,0,1,0,1
PDF_07051,2,2,19.16,3,0,0,0,39.2,0.2009,0.2129,50,5.984,28.4,17.93,35.31,0,1,1,1
PDF_07052,0,2,58.42,9,5,1,0,12.03,0.2902,0.323,112,4.648,39.99,28.91,17.61,0,0,0,1
PDF_07053,2,3,41.91,6,5,0,0,35.14,0.3312,0.241,208,6.965,44.21,43.54,38.87,0,0,1,1
PDF_07054,2,3,27.89,7,2,0,1,83.82,0.29,0.2124,102,6.669,42.56,37.03,33.44,0,1,1,1
PDF_07055,1,2,33.33,10,7,1,0,63.43,0.2526,0.2533,77,6.871,42.23,1.06,46.54,0,1,0,1
PDF_07056,2,2,37.97,7,3,2,0,0.0,0.2008,0.1362,113,5.841,35.55,37.17,1.94,0,0,0,1
PDF_07057,1,2,24.45,4,4,1,0,45.57,0.2117,0.1796,34,6.265,49.12,39.91,43.65,0,1,0,1
PDF_07058,2,2,22.29,3,8,1,0,8.71,0.3744,0.4493,140,6.187,56.44,36.91,85.94,1,0,0,1
PDF_07059,1,2,10.94,4,6,1,0,7.54,0.1814,0.2071,85,4.908,21.98,21.01,17.88,0,0,1,1
PDF_07060,2,3,28.35,2,1,0,0,37.41,0.3599,0.4859,138,6.006,36.33,15.56,85.48,1,1,0,1
PDF_07061,0,3,21.18,5,2,0,0,10.14,0.2148,0.1822,143,6.709,17.94,17.6,25.02,0,0,1,1
PDF_07062,2,1,49.01,7,4,2,0,22.72,0.311,0.4193,140,5.773,59.12,34.85,65.33,1,0,0,1
PDF_07063,0,1,11.24,0,1,0,0,42.41,0.2504,0.2372,59,4.44,18.65,5.4,7.59,0,1,1,1
PDF_07064,2,2,51.33,5,7,3,0,19.23,0.2318,0.2932,145,5.348,49.78,46.16,33.55,0,0,0,1
PDF_07065,1,2,46.14,7,4,2,1,23.74,0.2255,0.2596,144,5.405,58.68,51.14,35.78,0,0,0,1
PDF_07066,2,3,45.74,8,3,2,0,21.47,0.2591,0.2844,184,6.761,37.14,30.63,54.25,0,0,0,1
PDF_07067,2,2,47.69,8,4,0,1,73.89,0.3618,0.2914,178,6.269,44.8,44.84,26.05,0,1,1,1
PDF_07068,1,2,45.42,8,7,2,0,42.0,0.3849,0.4135,126,5.952,51.28,54.26,76.02,1,1,0,1
PDF_07069,1,2,42.72,9,3,1,0,37.39,0.3255,0.2795,96,6.088,35.63,46.54,32.38,0,0,1,1
PDF_07070,1,3,53.54,11,7,3,0,55.34,0.2713,0.283,125,6.656,53.42,46.21,28.29,0,1,0,1
PDF_07071,1,1,32.53,5,4,1,0,42.27,0.26,0.1905,100,5.239,27.65,35.94,17.49,0,1,0,1
PDF_07072,1,3,47.67,7,0,2,0,42.7,0.3071,0.1713,91,5.714,39.58,40.56,31.35,0,1,0,1
PDF_07073,1,2,15.11,5,4,2,0,0.0,0.2129,0.2397,71,6.503,48.86,34.18,23.33,0,0,0,1
PDF_07074,0,3,51.05,6,5,1,0,34.0,0.1951,0.316,82,6.135,65.33,47.72,9.36,0,0,0,1
PDF_07075,2,2,7.64,5,2,2,0,4.99,0.2626,0.285,104,5.357,25.76,21.89,12.27,0,0,0,1
PDF_07076,1,2,52.86,5,4,2,1,22.78,0.2449,0.1635,102,5.269,38.44,65.51,18.17,0,0,0,1
PDF_07077,2,1,42.58,7,5,1,0,37.47,0.4177,0.4739,164,5.331,48.72,54.38,84.31,1,0,1,1
PDF_07078,1,1,49.22,8,8,2,0,15.93,0.3091,0.4821,216,6.453,48.48,38.93,73.18,1,0,0,1
PDF_07079,0,1,21.65,8,6,1,0,0.0,0.2353,0.1861,104,5.918,35.49,11.26,29.4,0,0,0,1
PDF_07080,0,3,4.25,2,3,0,0,0.0,0.3293,0.3739,131,6.071,14.77,9.21,72.67,1,0,1,1
PDF_07081,0,2,0.0,1,0,0,0,0.0,0.091,0.1064,43,4.744,4.61,7.57,16.6,0,0,0,1
PDF_07082,2,1,19.73,0,5,2,0,9.94,0.2714,0.2093,93,6.304,36.41,32.37,15.95,0,0,0,1
PDF_07083,2,2,24.64,0,2,0,0,0.0,0.2144,0.1128,110,6.966,39.49,15.73,41.23,0,0,1,1
PDF_07084,1,3,25.38,9,1,0,1,51.81,0.1858,0.2865,113,5.842,31.07,47.6,29.22,0,1,1,1
PDF_07085,1,1,30.74,3,1,1,0,0.0,0.2507,0.2323,64,5.378,46.35,32.3,19.78,0,0,0,1
PDF_07086,1,3,22.55,5,7,1,0,0.0,0.2181,0.2373,58,5.196,47.46,35.35,11.61,0,0,0,1
PDF_07087,2,2,75.82,9,8,1,0,57.07,0.2964,0.1223,171,5.642,64.08,47.96,32.31,0,1,0,1
PDF_07088,1,2,10.56,0,1,0,0,15.8,0.2968,0.1391,127,6.43,19.53,20.05,32.08,0,0,1,1
PDF_07089,2,3,26.85,6,2,1,0,4.43,0.1313,0.1502,87,5.854,52.74,29.95,21.14,0,0,0,1
PDF_07090,1,2,33.24,5,3,1,0,0.0,0.216,0.1837,171,5.1,33.72,24.93,9.21,0,0,0,1
PDF_07091,1,2,61.13,7,7,2,0,43.96,0.2785,0.2364,121,6.379,80.46,50.58,20.22,0,0,0,1
PDF_07092,2,1,0.0,2,2,1,0,0.0,0.1255,0.1035,16,6.266,18.61,12.46,19.65,0,0,0,1
PDF_07093,1,2,45.65,8,9,1,0,31.75,0.3344,0.3866,130,6.528,53.63,40.87,90.01,1,0,0,1
PDF_07094,1,3,57.14,9,8,2,0,36.24,0.2996,0.3133,131,6.988,59.95,42.78,29.71,0,0,0,1
PDF_07095,1,3,20.85,3,0,0,0,45.13,0.3059,0.1065,125,5.635,41.47,39.68,23.5,0,1,1,1
PDF_07096,1,3,17.76,6,0,2,0,27.55,0.3341,0.4737,108,6.203,60.12,34.8,81.52,1,0,0,1
PDF_07097,2,1,24.39,9,5,1,0,14.51,0.2311,0.2724,107,6.016,44.01,19.36,20.9,0,0,0,1
PDF_07098,0,1,24.83,6,3,1,0,0.0,0.1274,0.215,106,6.115,37.52,15.8,33.94,0,0,0,1
PDF_07099,1,1,37.09,7,5,0,0,54.42,0.3168,0.4039,104,6.121,25.21,13.85,68.13,1,1,0,1
PDF_07100,1,2,22.82,0,5,2,1,0.0,0.31,0.1652,137,5.622,58.55,49.96,24.2,0,0,0,1
PDF_07101,2,2,8.03,7,5,0,0,8.82,0.2937,0.3778,141,6.121,40.46,41.17,79.57,1,0,0,1
PDF_07102,1,2,34.25,9,2,1,0,3.97,0.1869,0.1883,144,4.911,25.84,4.56,11.95,0,0,0,1
PDF_07103,1,1,41.96,8,6,1,0,0.0,0.2922,0.2273,115,6.549,44.93,30.05,45.45,0,0,0,1
PDF_07104,2,1,18.81,7,5,2,0,4.02,0.2282,0.2958,119,5.62,31.03,25.39,23.78,0,0,0,1
PDF_07105,1,2,39.63,6,8,1,0,24.8,0.324,0.2408,126,6.495,47.52,67.0,4.38,0,0,0,1
PDF_07106,1,2,15.75,4,0,1,0,11.21,0.2718,0.2551,104,5.129,24.79,13.95,21.49,0,0,1,1
PDF_07107,2,3,45.15,8,8,2,0,59.22,0.3218,0.2355,126,4.294,67.56,58.54,53.51,0,1,0,1
PDF_07108,2,2,41.36,8,4,1,0,17.5,0.4143,0.4581,168,7.027,57.87,44.79,67.37,1,0,0,1
PDF_07109,0,1,32.5,6,0,0,0,0.0,0.1319,0.1643,99,6.035,19.23,9.94,14.13,0,0,0,1
PDF_07110,2,3,10.67,8,7,1,0,43.53,0.1248,0.1384,70,5.616,30.59,22.78,20.37,0,1,0,1
PDF_07111,1,1,8.36,0,4,0,0,0.0,0.2436,0.3652,119,4.744,18.14,5.25,56.14,1,0,1,1
PDF_07112,0,1,0.26,3,3,1,0,18.28,0.0975,0.1241,78,5.92,23.26,0.0,13.23,0,1,0,1
PDF_07113,0,1,21.12,7,4,0,0,17.95,0.3297,0.3219,146,5.117,31.63,22.41,50.36,1,1,0,1
PDF_07114,0,2,25.52,9,5,1,0,6.24,0.2928,0.211,153,6.179,50.09,22.9,16.87,0,0,0,1
PDF_07115,1,2,26.85,7,6,1,0,8.64,0.2978,0.4252,66,4.432,20.45,15.51,53.58,1,0,0,1
PDF_07116,0,1,36.47,4,6,2,0,14.54,0.2495,0.1986,66,5.821,24.31,27.75,38.09,0,0,0,1
PDF_07117,1,2,39.64,1,5,2,0,25.57,0.2283,0.2637,108,4.694,36.86,34.14,26.24,0,0,0,1
PDF_07118,1,2,10.93,1,1,0,1,13.22,0.1978,0.2354,41,6.285,28.66,12.39,27.93,0,0,1,1
PDF_07119,2,2,41.08,4,5,1,1,10.65,0.165,0.1698,134,6.39,40.9,19.1,18.39,0,0,0,1
PDF_07120,3,3,48.4,8,8,4,0,31.71,0.3117,0.2895,147,4.72,76.52,26.57,49.48,0,0,0,1
PDF_07121,1,2,39.1,5,3,2,0,85.51,0.23,0.3087,129,5.403,48.05,38.38,44.89,0,1,0,1
PDF_07122,2,2,30.26,6,2,2,0,0.0,0.1713,0.1497,109,4.872,35.6,25.2,10.19,0,0,0,1
PDF_07123,2,3,76.3,9,6,2,0,55.69,0.3891,0.2489,197,6.736,85.79,47.74,47.71,0,1,0,1
PDF_07124,1,2,23.06,5,6,1,0,20.49,0.2093,0.2052,174,5.994,43.58,28.89,19.89,0,0,0,1
PDF_07125,2,2,1.5,4,1,0,0,0.0,0.1746,0.2217,69,4.986,21.88,16.17,16.61,0,0,1,1
PDF_07126,1,2,30.56,2,5,0,0,4.46,0.1058,0.173,121,5.493,33.03,22.97,24.33,0,0,1,1
PDF_07127,1,1,28.39,7,6,0,0,9.03,0.2748,0.3276,84,5.434,46.73,26.68,16.43,0,0,0,1
PDF_07128,3,2,54.91,11,11,3,0,15.4,0.4028,0.2093,165,5.838,77.89,52.25,37.09,0,0,0,1
PDF_07129,2,3,46.35,11,3,1,0,17.49,0.3275,0.3461,152,6.783,67.84,36.56,53.96,0,0,0,1
PDF_07130,2,4,42.33,1,7,1,0,58.25,0.2701,0.214,116,6.239,30.71,35.08,27.46,0,1,0,1
PDF_07131,2,2,20.03,6,2,1,0,55.1,0.2723,0.1564,115,5.534,30.96,22.29,34.56,0,0,1,1
PDF_07132,0,3,41.03,2,2,0,0,31.95,0.2054,0.2705,66,4.936,75.65,18.67,5.21,0,1,0,1
PDF_07133,1,1,23.56,7,3,1,0,50.2,0.2873,0.1583,42,5.946,40.96,10.77,22.92,0,1,0,1
PDF_07134,1,1,9.75,4,3,0,0,9.74,0.2682,0.1959,129,5.569,18.58,31.68,34.3,0,0,1,1
PDF_07135,3,2,56.85,13,4,3,1,20.18,0.2487,0.2645,149,7.242,45.86,44.07,20.28,0,0,0,1
PDF_07136,1,2,26.1,7,3,1,1,38.18,0.2017,0.1829,135,5.427,30.69,24.47,30.97,0,1,0,1
PDF_07137,0,3,40.42,14,4,2,0,4.61,0.2576,0.1742,106,7.034,55.37,51.75,20.03,0,0,0,1
PDF_07138,2,2,30.35,7,6,1,0,31.96,0.2558,0.1848,163,5.764,35.8,36.05,37.28,0,0,1,1
PDF_07139,1,2,15.72,2,3,0,0,35.5,0.1586,0.1698,121,5.583,32.77,25.74,14.98,0,1,0,1
PDF_07140,1,2,17.21,2,1,1,0,7.39,0.204,0.1938,137,5.416,33.25,19.65,29.89,0,0,0,1
PDF_07141,1,2,14.53,5,4,1,0,2.75,0.1692,0.1659,66,5.639,28.12,0.0,27.61,0,0,0,1
PDF_07142,1,3,13.62,2,3,1,0,0.03,0.1235,0.2335,104,4.915,14.57,12.47,0.0,0,0,0,1
PDF_07143,1,2,5.66,4,2,1,1,2.89,0.2567,0.1922,106,5.11,36.19,18.62,20.85,0,0,0,1
PDF_07144,1,3,0.0,3,4,2,0,0.0,0.1705,0.1508,64,6.141,41.05,2.58,0.7,0,0,0,1
PDF_07145,3,1,43.47,7,4,2,1,18.44,0.2849,0.199,150,6.04,65.27,30.24,35.7,0,0,0,1
PDF_07146,0,2,41.14,3,2,0,0,73.43,0.2804,0.296,117,6.567,22.91,30.88,44.22,0,1,1,1
PDF_07147,1,3,3.88,5,0,0,0,0.0,0.2402,0.3639,59,5.024,11.73,0.0,51.36,1,0,1,1
PDF_07148,2,3,40.05,6,5,3,1,30.27,0.2202,0.2153,172,5.356,41.6,32.15,31.26,0,0,0,1
PDF_07149,1,1,12.47,3,3,0,0,15.2,0.1747,0.2736,98,6.055,38.23,5.58,25.94,0,0,1,1
PDF_07150,3,3,54.7,5,5,1,0,9.8,0.2676,0.2243,189,5.355,48.34,38.54,34.15,0,0,0,1
PDF_07151,2,2,44.41,7,7,2,1,70.32,0.3608,0.2521,140,7.132,40.62,61.88,32.35,0,1,0,1
PDF_07152,1,2,24.06,6,2,0,0,1.69,0.177,0.1864,125,6.082,41.7,5.07,40.1,0,0,0,1
PDF_07153,2,2,37.49,9,5,2,0,11.42,0.2811,0.2601,118,5.612,59.86,54.96,39.26,0,0,0,1
PDF_07154,1,3,65.41,9,4,3,1,62.44,0.2954,0.3058,94,6.553,59.22,66.96,27.53,0,1,0,1
PDF_07155,3,3,41.92,8,6,1,0,35.93,0.2854,0.2732,140,6.713,35.71,33.3,54.73,0,0,1,1
PDF_07156,0,2,22.72,6,6,2,0,12.99,0.3344,0.3041,141,4.936,38.71,43.98,22.95,0,0,0,1
PDF_07157,1,1,34.17,9,3,0,0,52.03,0.1841,0.1693,98,5.573,35.79,21.01,24.45,0,1,0,1
PDF_07158,3,2,38.01,5,1,0,0,43.62,0.4056,0.4628,127,6.391,44.78,45.43,79.66,1,0,1,1
PDF_07159,2,1,18.5,2,4,0,0,0.0,0.2843,0.4338,96,6.036,27.35,6.96,70.29,1,0,1,1
PDF_07160,1,1,0.0,4,5,0,0,19.32,0.1586,0.14,85,5.133,19.5,0.0,15.37,0,1,0,1
PDF_07161,0,3,14.1,2,0,1,0,8.48,0.1432,0.1816,87,5.609,28.63,32.49,8.01,0,0,1,1
PDF_07162,0,2,11.57,5,6,0,0,12.48,0.2897,0.4071,108,4.124,21.03,23.7,74.2,1,0,1,1
PDF_07163,1,3,61.16,11,6,1,0,44.13,0.2654,0.2732,115,5.169,42.91,64.96,30.5,0,1,0,1
PDF_07164,1,2,39.95,6,6,2,1,0.0,0.4064,0.4011,134,6.449,40.72,30.37,92.27,1,0,0,1
PDF_07165,0,2,0.0,2,1,0,1,47.99,0.1661,0.1623,116,6.185,20.3,9.05,5.9,0,1,0,1
PDF_07166,1,2,42.06,10,8,2,0,83.58,0.3162,0.5313,172,7.169,61.51,60.17,85.42,1,1,0,1
PDF_07167,0,2,22.91,5,6,1,0,45.34,0.2097,0.196,130,5.762,41.74,49.7,22.55,0,1,0,1
PDF_07168,1,3,34.42,5,3,1,0,35.49,0.2006,0.1776,50,4.73,19.93,16.61,39.08,0,1,0,1
PDF_07169,1,3,41.86,12,6,0,1,28.94,0.2633,0.335,114,7.093,43.43,47.32,5.93,0,0,1,1
PDF_07170,2,2,5.74,8,4,3,1,15.32,0.1944,0.2152,121,4.704,18.14,0.0,33.89,0,0,0,1
PDF_07171,0,4,43.24,10,4,1,0,57.34,0.21,0.3322,119,6.949,58.71,56.33,21.28,0,1,0,1
PDF_07172,1,3,37.78,9,4,2,0,76.11,0.3181,0.2246,156,5.729,56.08,57.83,26.16,0,1,0,1
PDF_07173,2,2,26.82,4,1,2,0,20.71,0.2296,0.2319,110,6.499,41.34,15.27,16.06,0,0,0,1
PDF_07174,1,3,1.83,4,0,1,0,7.86,0.1574,0.1804,62,6.073,31.18,0.49,20.16,0,0,0,1
PDF_07175,1,2,33.18,6,2,1,0,20.88,0.3134,0.1658,148,5.309,41.88,43.56,27.3,0,0,1,1
PDF_07176,1,2,21.64,3,3,2,0,0.0,0.2248,0.2597,66,6.718,41.31,36.39,33.49,0,0,0,1
PDF_07177,1,3,57.95,5,7,2,0,12.63,0.3991,0.4895,166,6.55,57.83,46.2,66.28,1,0,0,1
PDF_07178,0,1,16.82,3,1,1,1,0.4,0.2177,0.1955,38,5.779,33.5,0.0,19.0,0,0,0,1
PDF_07179,0,2,47.76,8,8,2,0,30.28,0.4269,0.4626,144,6.602,54.73,40.74,70.53,1,0,0,1
PDF_07180,1,2,14.48,5,3,1,0,31.38,0.3708,0.3781,143,6.037,38.13,14.29,79.27,1,1,0,1
PDF_07181,2,3,81.07,9,6,2,0,75.73,0.4121,0.3353,213,5.732,58.47,61.17,36.11,0,1,0,1
PDF_07182,1,1,14.13,6,4,0,0,6.45,0.2117,0.2123,124,6.025,35.72,25.21,22.06,0,0,1,1
PDF_07183,0,2,35.39,7,4,2,0,26.04,0.2636,0.2893,167,4.832,39.55,18.48,28.21,0,0,0,1
PDF_07184,1,3,25.85,7,4,1,0,45.7,0.255,0.2012,123,5.721,77.39,47.63,25.74,0,1,0,1
PDF_07185,1,3,13.43,0,1,0,0,4.1,0.258,0.1672,86,6.023,24.25,5.38,14.43,0,0,1,1
PDF_07186,2,2,19.45,4,5,1,1,29.67,0.3958,0.3542,154,7.219,39.07,30.44,70.99,1,0,1,1
PDF_07187,1,2,54.56,9,2,2,0,48.01,0.2472,0.2665,116,5.003,50.4,44.82,28.96,0,1,0,1
PDF_07188,1,2,56.21,8,4,1,0,25.37,0.3563,0.4717,107,6.326,39.7,7.64,75.08,1,0,0,1
PDF_07189,0,2,41.73,9,5,2,1,12.71,0.224,0.2099,112,6.153,61.13,42.49,27.69,0,0,0,1
PDF_07190,2,3,16.7,3,1,0,0,38.57,0.2795,0.1522,57,5.508,13.38,16.67,12.88,0,1,1,1
PDF_07191,2,3,51.38,6,7,0,0,2.42,0.2549,0.1977,105,6.451,71.84,38.8,44.39,0,0,0,1
PDF_07192,2,3,45.1,10,7,3,1,79.98,0.3484,0.3074,212,5.779,41.13,60.1,54.63,0,1,0,1
PDF_07193,2,1,2.5,0,0,0,0,24.22,0.1721,0.2026,93,6.141,17.33,0.18,13.0,0,0,1,1
PDF_07194,0,2,18.18,7,1,1,0,20.1,0.1583,0.2052,72,5.299,49.55,0.0,28.15,0,1,0,1
PDF_07195,1,2,1.79,3,1,0,0,36.91,0.2438,0.1508,124,6.113,25.68,22.51,34.14,0,0,1,1
PDF_07196,1,1,16.47,4,6,1,0,12.49,0.321,0.2015,109,6.515,42.18,24.02,20.5,0,0,1,1
PDF_07197,2,3,18.72,4,0,1,0,22.19,0.2718,0.135,76,5.097,32.48,42.53,14.82,0,0,1,1
PDF_07198,0,1,22.93,2,0,1,0,5.11,0.1237,0.1834,101,6.273,26.3,0.0,26.33,0,0,0,1
PDF_07199,1,2,17.43,2,0,1,0,44.03,0.1255,0.1741,89,5.48,24.18,12.89,19.17,0,1,0,1
PDF_07200,1,1,18.66,4,7,1,0,7.04,0.1737,0.172,89,6.092,26.04,26.2,1.62,0,0,0,1
PDF_07201,2,3,30.29,10,7,1,0,19.29,0.2991,0.292,92,5.768,33.0,18.49,35.98,0,0,1,1
PDF_07202,1,1,0.0,3,2,0,0,18.93,0.2297,0.3355,78,5.738,6.24,0.0,49.26,1,1,0,1
PDF_07203,0,1,29.05,5,4,1,0,47.8,0.2807,0.1487,72,4.237,24.91,7.7,13.64,0,1,0,1
PDF_07204,0,1,12.0,2,3,0,1,44.13,0.2547,0.2495,97,5.671,20.75,11.93,4.07,0,1,0,1
PDF_07205,1,3,35.38,7,3,1,0,86.99,0.2861,0.2894,127,6.683,49.01,35.0,50.56,0,1,1,1
PDF_07206,2,1,64.58,12,7,2,0,64.35,0.4326,0.4594,209,6.254,53.37,6.22,69.21,1,1,0,1
PDF_07207,0,3,6.52,6,5,0,0,6.45,0.2165,0.2307,124,5.27,23.55,30.87,28.17,0,0,1,1
PDF_07208,2,3,19.76,6,3,1,0,47.01,0.2449,0.2747,101,5.352,39.12,24.73,14.86,0,1,0,1
PDF_07209,0,2,19.68,7,4,2,0,26.29,0.1927,0.1571,110,6.786,34.08,16.07,32.82,0,0,0,1
PDF_07210,2,2,34.98,8,5,2,0,40.31,0.2606,0.2077,55,7.381,21.35,16.79,35.85,0,0,1,1
PDF_07211,0,2,21.3,2,3,0,0,0.3,0.1775,0.1467,50,4.972,45.23,17.18,0.0,0,0,0,1
PDF_07212,1,1,0.0,4,3,0,0,0.0,0.1381,0.1673,108,5.848,33.85,23.74,31.57,0,0,0,1
PDF_07213,0,2,21.73,1,4,0,0,39.06,0.3947,0.3722,132,6.664,40.27,26.48,75.71,1,0,1,1
PDF_07214,1,1,17.05,9,6,1,0,25.72,0.1832,0.213,98,6.463,31.45,51.03,21.8,0,0,0,1
PDF_07215,0,1,11.49,5,1,0,0,0.0,0.2417,0.1695,103,6.332,29.74,0.0,6.91,0,0,1,1
PDF_07216,0,1,8.75,3,3,0,0,0.0,0.1863,0.1192,103,6.598,38.87,16.05,22.2,0,0,0,1
PDF_07217,1,2,32.08,5,3,1,0,3.93,0.3853,0.3742,168,5.925,41.77,21.86,62.53,1,0,1,1
PDF_07218,1,3,43.27,10,4,0,0,31.72,0.3408,0.2592,139,5.464,46.45,38.17,40.77,0,0,1,1
PDF_07219,1,2,13.79,3,3,1,0,0.0,0.2107,0.0815,93,5.37,29.24,10.41,5.5,0,0,0,1
PDF_07220,2,1,41.4,5,4,1,0,0.0,0.3243,0.4075,133,5.927,45.83,41.19,88.69,1,0,0,1
PDF_07221,2,4,48.85,8,6,2,0,63.86,0.2921,0.2674,122,6.879,62.5,48.15,33.16,0,1,0,1
PDF_07222,2,3,35.29,6,3,1,0,0.0,0.2026,0.111,87,5.721,18.77,12.05,24.84,0,0,0,1
PDF_07223,3,2,42.12,8,4,1,0,65.24,0.2512,0.1654,107,6.16,54.47,16.59,28.79,0,1,0,1
PDF_07224,1,2,28.94,6,3,1,0,14.43,0.257,0.1781,129,6.836,25.17,14.1,31.47,0,0,1,1
PDF_07225,0,1,21.25,4,4,0,0,16.2,0.2587,0.1416,90,5.222,31.43,4.94,0.46,0,0,0,1
PDF_07226,1,1,18.68,3,3,1,0,7.01,0.1622,0.2477,89,5.414,38.53,16.06,13.82,0,0,0,1
PDF_07227,1,1,0.18,3,4,0,0,15.32,0.1623,0.2345,73,5.857,36.28,11.39,2.65,0,0,0,1
PDF_07228,1,3,52.73,9,5,2,1,42.87,0.2776,0.2834,155,6.255,49.14,27.26,12.77,0,1,0,1
PDF_07229,1,1,34.45,8,6,1,0,25.9,0.2437,0.2078,72,4.928,38.29,40.71,19.19,0,0,0,1
PDF_07230,0,2,11.79,3,2,2,0,46.42,0.3167,0.3482,112,5.17,41.21,2.79,57.46,1,1,0,1
PDF_07231,1,3,22.51,6,5,2,0,3.31,0.1893,0.1947,125,5.748,54.59,23.51,12.11,0,0,0,1
PDF_07232,3,4,20.34,3,4,0,0,60.29,0.2807,0.2,128,4.859,33.48,25.83,29.62,0,1,1,1
PDF_07233,2,1,45.83,9,7,1,0,53.29,0.2404,0.2353,120,5.598,51.93,43.08,11.68,0,1,0,1
PDF_07234,1,3,38.15,8,2,0,1,26.75,0.1916,0.1815,117,6.821,35.94,36.25,32.75,0,0,0,1
PDF_07235,1,2,0.0,0,1,1,0,0.0,0.1227,0.18,110,4.684,26.47,9.65,15.24,0,0,0,1
PDF_07236,1,2,17.82,3,2,0,0,28.0,0.1986,0.2227,50,5.345,15.95,0.0,19.14,0,0,1,1
PDF_07237,2,2,30.05,5,0,1,0,2.73,0.2208,0.2393,153,5.72,32.48,18.31,13.99,0,0,1,1
PDF_07238,0,1,0.0,6,3,0,1,8.15,0.1909,0.3479,95,6.066,28.73,0.0,40.45,1,0,0,1
PDF_07239,2,3,32.29,7,5,2,0,55.85,0.2886,0.105,149,6.195,51.57,22.86,47.94,0,1,0,1
PDF_07240,2,2,50.2,6,3,1,0,90.79,0.3159,0.2403,133,5.827,49.06,51.11,23.69,0,1,1,1
PDF_07241,1,2,6.16,4,3,2,1,0.0,0.1526,0.2284,73,5.914,11.32,20.67,18.5,0,0,0,1
PDF_07242,2,2,26.72,2,2,1,0,56.34,0.2632,0.2344,130,5.721,45.61,20.79,29.42,0,1,1,1
PDF_07243,0,1,4.77,5,5,2,0,45.22,0.2737,0.1472,44,5.54,30.77,0.5,4.13,0,1,0,1
PDF_07244,3,2,44.02,7,8,0,0,6.83,0.3337,0.2453,180,5.928,42.68,58.67,18.28,0,0,1,1
PDF_07245,2,3,37.82,6,4,0,0,59.11,0.2841,0.2326,127,6.034,23.88,50.99,22.0,0,1,1,1
PDF_07246,2,3,48.3,5,5,2,0,20.6,0.2578,0.2558,135,5.771,61.03,28.33,16.58,0,0,0,1
PDF_07247,0,2,4.0,5,3,0,0,20.63,0.1817,0.1093,81,6.885,29.77,0.28,7.49,0,0,0,1
PDF_07248,0,1,41.54,5,5,1,0,22.08,0.225,0.2118,87,6.282,41.3,9.02,24.73,0,0,0,1
PDF_07249,3,4,74.89,14,11,2,0,54.64,0.3868,0.3392,195,6.274,76.03,80.05,48.43,0,0,0,1
PDF_07250,0,2,0.0,6,4,0,0,2.9,0.1938,0.2694,128,5.378,13.51,1.58,11.61,0,0,1,1
PDF_07251,0,2,0.0,2,0,1,0,9.33,0.1081,0.1272,138,5.468,18.12,10.13,18.69,0,1,1,1
PDF_07252,1,2,25.51,6,4,0,0,51.91,0.1953,0.1927,71,5.898,50.96,29.53,14.42,0,1,0,1
PDF_07253,0,2,40.58,7,2,1,0,26.21,0.3005,0.2858,145,5.563,76.51,29.16,29.12,0,1,0,1
PDF_07254,4,3,36.74,10,4,1,0,52.88,0.438,0.4883,193,6.601,41.29,47.63,100.0,1,0,1,1
PDF_07255,2,1,57.33,10,10,3,0,36.23,0.3169,0.2996,193,6.928,68.19,82.61,50.63,0,0,0,1
PDF_07256,1,1,4.57,2,0,0,0,29.75,0.1872,0.1392,63,5.873,31.46,25.21,33.71,0,1,0,1
PDF_07257,2,1,34.92,7,5,1,0,5.33,0.2526,0.1271,134,5.808,43.44,30.98,21.18,0,0,0,1
PDF_07258,1,3,41.08,3,4,1,0,23.63,0.2703,0.2066,116,6.128,17.98,42.55,16.66,0,0,1,1
PDF_07259,2,2,1.26,5,1,1,1,0.0,0.3519,0.3413,129,5.59,24.84,8.44,73.42,1,0,0,1
PDF_07260,0,2,25.71,7,2,2,0,9.75,0.3538,0.4007,147,5.473,46.54,1.79,85.63,1,0,0,1
PDF_07261,1,1,18.05,5,0,0,1,6.88,0.2599,0.1888,108,6.33,33.17,23.71,22.1,0,0,1,1
PDF_07262,2,2,40.19,5,2,1,0,39.41,0.2223,0.2221,142,5.959,56.43,34.46,23.29,0,1,0,1
PDF_07263,1,1,16.22,5,0,1,0,24.7,0.2093,0.2848,104,5.253,26.8,19.19,31.74,0,0,1,1
PDF_07264,0,2,0.0,4,1,1,0,0.0,0.2127,0.2046,52,5.936,17.36,0.0,5.52,0,0,0,1
PDF_07265,1,1,21.62,2,4,2,0,0.0,0.1199,0.1394,92,6.008,23.46,5.07,15.93,0,0,0,1
PDF_07266,1,1,35.72,5,7,1,0,11.8,0.2283,0.2032,94,5.339,25.39,38.11,11.62,0,0,0,1
PDF_07267,0,2,0.0,3,4,0,0,0.0,0.1487,0.1331,102,4.826,0.0,9.47,0.0,0,0,1,1
PDF_07268,2,1,45.27,8,8,0,0,39.34,0.3612,0.4788,133,6.673,45.27,13.54,70.66,1,1,0,1
PDF_07269,1,2,0.0,2,0,0,0,0.0,0.1594,0.2021,103,5.946,11.26,0.82,10.46,0,0,1,1
PDF_07270,1,1,12.78,0,2,1,1,36.47,0.2149,0.246,80,5.713,27.5,16.03,23.39,0,1,1,1
PDF_07271,0,2,0.0,4,3,0,0,0.0,0.1162,0.1999,64,5.113,13.75,13.87,20.24,0,0,1,1
PDF_07272,1,1,12.03,6,2,1,0,44.35,0.2009,0.1968,97,6.373,18.96,13.48,6.83,0,1,0,1
PDF_07273,2,2,9.2,3,3,3,0,16.19,0.275,0.3949,109,5.892,36.6,13.31,52.32,1,0,0,1
PDF_07274,0,3,0.0,3,0,0,0,0.0,0.1086,0.1492,89,6.326,15.28,0.0,14.01,0,0,0,1
PDF_07275,2,2,22.24,6,3,0,0,24.33,0.3042,0.2546,155,6.515,32.61,34.18,8.02,0,0,1,1
PDF_07276,0,2,25.5,6,3,1,0,0.0,0.1801,0.2534,146,6.938,40.45,8.51,40.16,0,0,0,1
PDF_07277,1,2,37.13,8,2,2,0,8.11,0.2638,0.2115,135,5.545,43.07,33.14,27.26,0,0,0,1
PDF_07278,1,2,3.55,8,1,0,0,4.22,0.2284,0.1122,102,4.909,26.61,0.48,10.92,0,0,1,1
PDF_07279,1,1,14.45,5,0,1,0,42.35,0.1406,0.1973,49,5.704,20.4,7.8,6.15,0,1,0,1
PDF_07280,1,2,6.21,1,8,1,0,50.74,0.2229,0.2405,89,6.209,32.57,0.85,5.24,0,1,0,1
PDF_07281,1,2,35.99,8,8,1,0,21.16,0.4047,0.4087,148,5.693,67.21,24.41,76.29,1,0,0,1
PDF_07282,2,2,16.47,5,4,0,1,7.12,0.3015,0.3302,175,6.47,28.91,13.43,88.6,1,0,1,1
PDF_07283,2,2,21.22,5,7,0,0,18.18,0.3317,0.3339,142,5.725,37.63,22.35,59.45,1,0,1,1
PDF_07284,1,1,31.2,8,8,0,0,14.6,0.2569,0.2369,81,5.464,20.59,35.27,21.16,0,0,0,1
PDF_07285,3,2,10.69,6,8,2,1,4.41,0.1968,0.2678,89,6.561,60.86,21.85,29.93,0,0,0,1
PDF_07286,3,2,39.1,5,9,1,0,31.7,0.3063,0.2288,158,6.717,36.86,33.51,13.06,0,0,1,1
PDF_07287,1,2,36.16,9,3,2,0,6.62,0.3242,0.1854,37,5.795,42.6,22.58,21.04,0,0,0,1
PDF_07288,0,1,55.48,5,6,2,0,53.14,0.2806,0.2364,146,6.346,63.74,33.23,18.61,0,1,0,1
PDF_07289,2,2,42.15,9,6,3,0,14.62,0.3998,0.3514,150,5.241,47.36,29.06,72.12,1,0,0,1
PDF_07290,1,3,51.65,7,9,2,0,23.08,0.4378,0.5094,140,6.558,39.85,49.28,69.18,1,0,0,1
PDF_07291,2,2,35.58,6,8,1,1,21.46,0.2906,0.0735,117,5.916,25.76,36.48,16.76,0,0,1,1
PDF_07292,1,2,30.68,6,4,2,0,49.68,0.2764,0.4121,117,6.424,42.32,26.47,81.15,1,1,0,1
PDF_07293,2,2,13.62,4,6,0,0,19.05,0.1984,0.1668,108,5.916,36.93,19.32,24.53,0,0,0,1
PDF_07294,1,2,8.95,6,4,0,0,0.0,0.2854,0.3607,139,5.264,24.79,6.76,72.85,1,0,1,1
PDF_07295,0,1,22.34,9,4,1,0,27.24,0.2551,0.2231,130,5.759,42.8,32.63,30.69,0,0,0,1
PDF_07296,0,3,46.27,12,3,1,0,25.36,0.2793,0.1865,149,6.665,60.4,44.39,39.05,0,0,0,1
PDF_07297,1,3,27.35,4,5,0,0,0.7,0.1725,0.2593,87,6.486,42.98,9.24,19.79,0,0,0,1
PDF_07298,1,1,11.97,5,2,0,0,44.56,0.3195,0.4052,124,5.182,23.85,25.14,70.72,1,1,1,1
PDF_07299,1,2,18.41,7,4,0,0,2.73,0.258,0.4109,113,5.662,5.6,8.96,62.74,1,0,1,1
PDF_07300,0,1,6.87,0,0,0,0,23.56,0.245,0.1855,104,4.716,20.61,0.0,16.59,0,1,1,1
PDF_07301,1,2,44.05,4,5,1,0,15.42,0.2666,0.4466,159,5.185,37.44,49.77,77.47,1,0,0,1
PDF_07302,1,2,83.1,8,7,1,0,70.65,0.2818,0.2833,153,7.076,37.65,29.75,31.09,0,1,0,1
PDF_07303,1,2,7.28,5,3,0,0,19.04,0.2003,0.079,87,5.051,16.84,7.34,4.33,0,0,1,1
PDF_07304,2,2,43.78,7,8,2,0,5.32,0.2978,0.3009,115,6.225,32.02,31.57,27.25,0,0,0,1
PDF_07305,1,2,7.62,5,6,1,0,1.77,0.3096,0.3561,101,5.934,1.79,2.13,54.04,1,0,0,1
PDF_07306,0,1,3.11,2,0,0,0,0.62,0.078,0.126,45,6.525,16.26,0.0,3.68,0,0,1,1
PDF_07307,1,3,66.29,9,3,3,0,34.05,0.4249,0.4169,180,6.316,59.44,54.5,89.58,1,0,0,1
PDF_07308,2,1,45.0,5,2,0,0,7.65,0.1358,0.1454,120,5.057,41.43,11.39,18.47,0,0,0,1
PDF_07309,0,1,22.11,2,2,1,0,3.27,0.2216,0.2358,66,5.748,20.97,2.76,9.91,0,0,1,1
PDF_07310,2,3,71.64,10,9,3,0,45.18,0.4373,0.4499,214,6.998,79.06,71.62,93.2,1,0,0,1
PDF_07311,2,3,55.09,7,6,2,0,68.07,0.3357,0.4343,197,6.067,47.87,55.45,57.05,0,1,1,1
PDF_07312,2,1,4.25,3,0,2,0,9.43,0.3446,0.3185,87,5.612,21.33,7.89,52.03,1,0,0,1
PDF_07313,2,1,47.76,10,7,2,0,69.94,0.2528,0.2092,113,6.632,79.66,34.34,34.28,0,1,0,1
PDF_07314,0,3,17.55,6,6,0,0,55.37,0.3799,0.479,159,6.554,28.8,16.33,74.32,1,1,1,1
PDF_07315,1,4,46.27,4,7,1,0,26.18,0.1729,0.246,153,5.929,38.34,43.83,37.01,0,0,0,1
PDF_07316,1,2,28.49,9,5,2,0,27.19,0.2609,0.1795,62,5.493,39.33,37.31,31.91,0,0,0,1
PDF_07317,1,2,13.02,5,5,1,0,0.0,0.1175,0.0833,69,6.149,18.31,2.36,26.88,0,0,0,1
PDF_07318,1,3,15.3,6,3,1,0,0.0,0.3203,0.3439,195,6.496,22.92,23.85,77.83,1,0,1,1
PDF_07319,0,2,20.55,6,6,0,0,2.15,0.3392,0.3857,99,5.727,10.55,1.33,65.53,1,0,0,1
PDF_07320,1,2,56.51,9,7,1,0,18.43,0.317,0.3059,155,5.694,64.71,43.42,35.37,0,0,0,1
PDF_07321,1,3,33.55,3,0,0,0,38.32,0.2465,0.2433,166,6.11,39.55,26.57,35.14,0,0,1,1
PDF_07322,0,1,25.49,1,0,0,0,67.11,0.2259,0.1999,99,5.218,32.47,24.96,25.39,0,1,1,1
PDF_07323,2,1,30.07,1,2,0,0,10.71,0.2998,0.2547,135,5.189,45.3,48.71,18.28,0,0,0,1
PDF_07324,2,2,48.23,12,6,2,0,65.54,0.4932,0.4228,167,6.291,70.84,60.95,87.25,1,1,0,1
PDF_07325,2,2,48.92,6,3,1,0,20.89,0.3123,0.1522,110,5.431,66.07,39.57,31.11,0,0,0,1
PDF_07326,2,2,16.32,2,1,0,0,32.01,0.2169,0.0931,81,6.068,18.72,16.78,22.14,0,1,0,1
PDF_07327,1,2,0.0,7,1,1,0,16.3,0.0856,0.1856,107,5.794,34.74,4.99,8.52,0,1,0,1
PDF_07328,1,1,1.4,2,5,1,1,9.79,0.2255,0.2016,82,4.828,39.31,9.99,15.74,0,0,0,1
PDF_07329,0,1,27.34,11,5,1,0,11.72,0.1868,0.2228,123,5.507,34.24,18.43,44.9,0,0,0,1
PDF_07330,2,2,26.87,8,4,2,0,31.08,0.209,0.2369,85,5.211,63.66,33.77,12.88,0,1,0,1
PDF_07331,0,2,20.21,4,3,2,0,20.66,0.1316,0.2688,89,5.579,18.78,36.91,33.79,0,0,0,1
PDF_07332,2,2,11.24,7,5,0,0,8.86,0.2234,0.1413,126,5.985,26.0,26.74,35.78,0,0,1,1
PDF_07333,1,3,36.21,4,4,0,1,54.01,0.2475,0.216,118,5.538,41.68,38.14,36.6,0,1,0,1
PDF_07334,1,3,18.83,2,5,1,0,15.17,0.2506,0.286,92,5.867,61.0,28.19,24.59,0,0,0,1
PDF_07335,2,2,11.27,7,1,1,0,7.68,0.2467,0.3787,98,5.297,33.1,14.37,60.58,1,0,0,1
PDF_07336,0,3,56.94,9,9,2,0,9.7,0.4113,0.5464,126,4.654,46.76,48.01,68.84,1,0,0,1
PDF_07337,1,1,2.16,6,2,1,0,55.29,0.2525,0.0982,73,5.334,24.99,8.96,19.36,0,1,0,1
PDF_07338,3,1,0.0,2,5,1,1,15.2,0.1969,0.1484,24,5.194,4.22,9.12,2.87,0,1,0,1
PDF_07339,2,2,44.6,13,1,2,0,34.16,0.3494,0.2019,59,5.975,40.45,43.53,25.66,0,0,0,1
PDF_07340,2,3,70.18,7,2,2,1,54.59,0.2973,0.2365,168,6.64,54.14,48.37,28.12,0,1,0,1
PDF_07341,1,3,32.53,9,5,2,0,43.64,0.3624,0.2306,124,5.915,55.53,28.45,27.77,0,1,0,1
PDF_07342,2,2,50.99,5,3,1,0,12.78,0.2631,0.2468,112,5.042,70.36,45.83,31.52,0,0,0,1
PDF_07343,2,2,53.36,10,5,1,1,30.47,0.3686,0.4736,176,5.08,80.56,47.15,87.59,1,0,0,1
PDF_07344,2,2,51.99,9,5,2,0,45.28,0.2902,0.2025,125,6.786,68.43,47.34,48.12,0,0,0,1
PDF_07345,3,2,29.02,5,3,1,0,4.74,0.3361,0.5018,106,6.424,32.19,18.72,72.46,1,0,1,1
PDF_07346,2,2,37.5,8,6,2,0,31.86,0.3008,0.2915,142,7.009,42.45,51.46,43.16,0,0,1,1
PDF_07347,2,1,58.19,8,4,2,0,18.97,0.4213,0.3943,184,6.883,57.31,16.8,81.61,1,0,0,1
PDF_07348,1,2,28.41,5,4,0,0,0.0,0.1825,0.2917,141,7.272,15.23,25.25,17.21,0,0,0,1
PDF_07349,1,2,26.65,5,3,1,0,25.47,0.3441,0.3885,171,5.543,23.02,30.36,61.75,1,1,0,1
PDF_07350,1,3,23.11,4,3,2,1,4.68,0.2022,0.1799,74,7.13,14.49,27.34,16.53,0,0,0,1
PDF_07351,0,2,6.73,3,2,0,0,20.11,0.1491,0.1687,68,4.831,48.54,0.0,18.62,0,1,0,1
PDF_07352,1,3,48.73,10,8,2,0,21.19,0.292,0.2712,143,6.63,61.32,38.29,30.73,0,0,0,1
PDF_07353,2,1,17.1,7,0,2,0,33.79,0.2252,0.1748,97,6.858,49.75,2.05,20.19,0,0,0,1
PDF_07354,1,2,28.22,8,5,1,0,35.52,0.2928,0.2726,144,5.855,33.15,26.96,54.9,0,1,1,1
PDF_07355,3,2,90.21,12,5,3,1,32.95,0.3072,0.2204,119,5.943,57.41,58.62,22.65,0,0,0,1
PDF_07356,0,2,36.26,4,5,0,0,0.0,0.1383,0.2626,113,5.381,27.57,30.63,39.07,0,0,0,1
PDF_07357,1,2,55.48,13,7,2,0,32.34,0.3296,0.4244,181,5.654,61.67,67.42,75.05,1,0,0,1
PDF_07358,1,3,34.57,8,7,0,0,45.06,0.2576,0.1982,118,5.997,53.14,29.79,25.0,0,1,0,1
PDF_07359,2,2,20.45,2,0,0,1,0.0,0.1655,0.17,117,5.19,24.92,11.88,39.38,0,0,1,1
PDF_07360,1,4,41.83,13,6,2,0,54.64,0.3353,0.2874,182,6.778,49.81,54.6,63.17,0,0,1,1
PDF_07361,0,2,13.12,3,1,0,0,62.55,0.2086,0.2111,128,6.34,9.59,16.66,38.46,0,1,1,1
PDF_07362,1,2,39.52,9,1,2,0,0.0,0.2618,0.3045,92,6.624,43.93,41.49,23.66,0,0,0,1
PDF_07363,1,2,47.6,7,7,3,0,10.22,0.3207,0.2547,96,6.71,50.2,36.7,39.35,0,0,0,1
PDF_07364,1,1,22.75,5,0,1,0,0.0,0.1588,0.2224,77,5.645,28.96,14.9,5.75,0,0,0,1
PDF_07365,1,2,8.16,3,2,1,0,0.0,0.2999,0.4091,113,5.03,9.39,27.92,86.82,1,0,0,1
PDF_07366,0,2,0.0,0,3,1,1,0.0,0.0656,0.0769,50,5.591,0.0,0.0,0.0,0,0,0,1
PDF_07367,2,2,24.82,4,3,1,0,9.78,0.1732,0.2092,97,5.244,36.83,23.68,15.39,0,0,0,1
PDF_07368,1,2,6.17,3,3,0,0,0.0,0.2046,0.1335,61,5.142,50.82,2.09,42.76,0,0,0,1
PDF_07369,1,2,33.45,7,7,1,0,49.44,0.2918,0.208,130,5.41,31.01,24.34,34.19,0,1,0,1
PDF_07370,2,2,14.72,2,0,0,1,39.08,0.3272,0.3805,131,7.035,21.98,26.36,67.43,1,1,1,1
PDF_07371,1,2,16.84,7,5,1,1,16.44,0.2519,0.2856,128,5.165,42.0,37.69,44.55,0,0,0,1
PDF_07372,2,2,14.27,5,4,1,0,0.0,0.1681,0.2276,130,5.302,34.39,8.02,21.16,0,0,0,1
PDF_07373,1,2,46.95,4,4,2,1,33.14,0.3296,0.2344,115,5.191,66.46,26.32,10.72,0,0,0,1
PDF_07374,1,2,0.0,3,2,0,0,0.0,0.1613,0.1492,136,6.234,0.0,0.0,7.61,0,0,0,1
PDF_07375,1,1,22.29,7,4,1,0,12.94,0.2044,0.2791,126,5.379,54.26,16.78,20.81,0,0,0,1
PDF_07376,1,2,0.0,0,7,0,0,0.0,0.2035,0.3945,173,5.164,33.16,11.6,71.05,1,0,0,1
PDF_07377,0,2,46.68,7,4,2,1,58.45,0.1863,0.1755,153,6.118,46.72,44.71,30.54,0,1,0,1
PDF_07378,0,2,27.75,7,3,1,0,30.84,0.2325,0.2286,107,5.603,40.8,34.5,31.93,0,0,0,1
PDF_07379,2,2,14.93,4,6,0,0,55.4,0.3569,0.4451,157,5.735,21.59,26.96,68.57,1,1,1,1
PDF_07380,0,3,19.63,3,4,2,0,28.72,0.2818,0.2097,79,5.498,27.93,38.56,0.19,0,0,0,1
PDF_07381,2,2,52.35,6,6,2,0,40.88,0.2449,0.2384,189,5.497,59.25,64.57,31.77,0,0,0,1
PDF_07382,0,2,17.21,8,4,2,0,47.94,0.3121,0.444,117,6.949,29.43,22.78,62.98,1,1,0,1
PDF_07383,0,3,30.01,9,6,1,1,0.0,0.2233,0.2305,107,5.391,31.43,9.39,19.89,0,0,0,1
PDF_07384,2,3,72.88,4,10,2,0,40.72,0.2599,0.2244,117,6.416,51.82,53.25,37.01,0,0,0,1
PDF_07385,1,1,48.84,5,9,2,0,43.83,0.234,0.2185,98,6.572,65.37,22.75,33.54,0,1,0,1
PDF_07386,2,3,58.65,8,7,2,0,52.87,0.2653,0.163,152,5.072,66.64,43.19,37.41,0,1,0,1
PDF_07387,2,2,70.25,12,10,2,0,31.89,0.2711,0.2709,159,6.522,63.6,48.09,38.22,0,0,0,1
PDF_07388,0,2,12.69,5,4,1,0,0.0,0.2346,0.3801,141,5.525,12.47,21.36,87.17,1,0,0,1
PDF_07389,2,3,59.86,9,8,2,0,27.4,0.2833,0.2712,165,5.757,69.61,68.17,29.05,0,0,0,1
PDF_07390,2,1,13.64,2,4,1,0,31.08,0.2244,0.2568,144,6.802,28.97,15.8,19.56,0,0,1,1
PDF_07391,1,2,54.1,8,6,1,0,31.22,0.3076,0.2601,130,5.962,67.63,42.07,19.44,0,0,0,1
PDF_07392,2,1,11.2,5,4,0,0,0.0,0.1361,0.2373,63,5.632,5.25,0.0,10.22,0,0,0,1
PDF_07393,1,1,25.91,5,5,0,0,43.72,0.2139,0.1692,49,6.742,30.61,0.0,18.25,0,1,0,1
PDF_07394,1,3,22.13,5,2,1,1,33.94,0.2886,0.1754,129,5.38,37.25,27.1,11.9,0,0,1,1
PDF_07395,1,2,25.55,9,1,1,0,13.91,0.2558,0.4173,130,6.486,44.41,38.16,75.74,1,0,0,1
PDF_07396,1,2,58.24,7,5,2,0,22.17,0.241,0.1913,165,6.174,78.59,34.57,39.86,0,0,0,1
PDF_07397,2,2,39.79,3,9,2,1,4.26,0.2992,0.202,147,5.86,50.25,43.54,21.19,0,0,0,1
PDF_07398,1,2,37.66,8,4,0,0,11.36,0.122,0.1238,143,5.801,38.82,56.6,9.63,0,0,0,1
PDF_07399,0,2,17.49,7,1,1,0,29.89,0.2759,0.1018,93,6.885,50.22,37.78,15.01,0,1,0,1
PDF_07400,2,2,23.84,6,6,0,0,27.96,0.1967,0.1591,101,6.002,37.74,21.6,29.78,0,0,1,1
PDF_07401,4,2,55.21,7,5,0,0,15.29,0.2714,0.3598,209,6.225,52.25,65.12,37.09,0,0,0,1
PDF_07402,1,3,15.92,8,2,0,0,32.67,0.2405,0.1832,92,4.963,22.29,17.34,13.81,0,1,1,1
PDF_07403,2,3,31.35,5,5,0,0,30.97,0.2825,0.2352,114,6.155,23.68,19.47,12.87,0,1,1,1
PDF_07404,0,2,0.0,0,0,1,0,0.0,0.1752,0.3247,71,5.903,0.0,0.0,69.28,1,0,1,1
PDF_07405,0,4,37.28,4,3,1,1,41.36,0.3552,0.4284,152,5.023,35.41,49.81,80.79,1,1,1,1
PDF_07406,1,2,2.83,4,0,0,0,0.0,0.274,0.3624,126,6.199,11.44,7.23,50.42,1,0,1,1
PDF_07407,1,3,19.94,8,4,1,0,10.35,0.2205,0.2877,123,6.214,34.51,24.28,30.31,0,0,1,1
PDF_07408,2,3,31.61,11,9,2,0,34.59,0.3758,0.2428,121,6.704,33.64,38.61,60.35,0,0,1,1
PDF_07409,1,3,18.64,5,3,0,0,40.39,0.3357,0.2776,139,5.544,30.34,39.1,20.24,0,0,1,1
PDF_07410,1,2,18.06,2,3,1,0,25.23,0.2533,0.2373,128,6.739,27.21,29.98,25.71,0,0,1,1
PDF_07411,3,3,24.2,5,5,1,0,26.3,0.3187,0.3035,108,5.5,55.14,40.06,16.08,0,0,0,1
PDF_07412,1,3,33.15,6,5,0,0,56.84,0.1666,0.193,80,6.513,29.68,22.85,28.59,0,1,0,1
PDF_07413,2,3,25.59,3,5,1,0,23.29,0.2741,0.2955,122,5.951,49.83,39.24,45.98,0,0,1,1
PDF_07414,0,2,34.94,8,0,0,0,33.26,0.3293,0.2077,82,6.394,32.16,35.2,34.97,0,0,1,1
PDF_07415,1,2,30.26,7,0,0,0,8.78,0.2043,0.1848,120,5.057,50.3,18.13,30.01,0,0,1,1
PDF_07416,1,3,18.6,2,3,1,0,38.43,0.2012,0.196,54,6.4,14.85,0.0,9.95,0,1,1,1
PDF_07417,0,2,12.51,7,3,0,0,14.5,0.2058,0.2456,97,6.87,27.12,24.05,14.31,0,0,1,1
PDF_07418,0,2,17.81,2,3,0,0,4.07,0.2293,0.2243,108,7.418,29.99,26.37,9.24,0,0,1,1
PDF_07419,1,2,36.24,6,2,2,0,36.57,0.26,0.2271,130,5.238,38.32,17.11,10.31,0,1,0,1
PDF_07420,2,3,66.35,10,7,1,0,62.09,0.3125,0.2587,189,5.861,44.37,41.95,26.42,0,1,0,1
PDF_07421,1,3,0.0,5,0,1,1,3.12,0.1995,0.1292,87,6.409,17.85,0.0,35.08,0,0,0,1
PDF_07422,1,3,31.91,7,4,1,0,20.55,0.3531,0.4869,200,6.279,43.02,46.12,81.8,1,0,1,1
PDF_07423,0,2,36.08,7,4,0,0,47.46,0.243,0.2203,144,7.907,37.08,21.16,40.92,0,0,1,1
PDF_07424,1,2,5.89,4,4,2,0,0.0,0.1998,0.1792,75,4.966,39.39,13.14,16.79,0,0,0,1
PDF_07425,2,2,20.89,4,0,0,1,48.52,0.2718,0.2651,131,7.982,16.16,24.07,36.97,0,1,1,1
PDF_07426,1,2,21.58,5,3,1,0,37.2,0.1601,0.1596,103,4.885,38.05,29.88,39.99,0,1,0,1
PDF_07427,1,3,25.93,8,6,2,0,38.38,0.212,0.2372,157,5.968,22.71,56.25,28.91,0,1,0,1
PDF_07428,2,3,16.6,3,4,1,0,0.0,0.3417,0.3879,117,6.733,33.28,29.17,96.74,1,0,1,1
PDF_07429,1,2,30.34,6,5,2,0,41.18,0.2808,0.1712,106,6.289,61.35,33.63,35.89,0,0,0,1
PDF_07430,2,3,28.4,11,7,3,0,46.38,0.2962,0.2176,100,5.42,83.15,59.54,31.21,0,1,0,1
PDF_07431,0,2,0.0,1,4,0,0,0.0,0.2565,0.3431,75,5.605,12.66,10.43,62.79,1,0,0,1
PDF_07432,1,2,25.54,4,5,2,1,5.77,0.2831,0.2186,140,6.229,38.75,41.67,15.64,0,0,0,1
PDF_07433,1,2,30.25,8,8,2,0,60.34,0.2058,0.2726,158,5.404,49.05,42.8,23.71,0,1,0,1
PDF_07434,2,2,37.02,7,7,1,0,58.08,0.3609,0.3635,122,6.24,43.54,29.64,83.73,1,0,0,1
PDF_07435,1,1,13.12,5,6,1,0,39.37,0.1417,0.1777,127,6.326,46.63,17.97,25.27,0,1,0,1
PDF_07436,1,2,29.7,6,3,2,0,16.64,0.3365,0.1498,134,5.185,30.65,32.48,13.23,0,0,0,1
PDF_07437,1,2,36.37,7,5,2,0,20.93,0.3334,0.2045,142,6.554,47.5,43.79,16.71,0,0,0,1
PDF_07438,2,2,32.46,3,6,1,0,29.02,0.2011,0.2909,115,5.782,32.81,41.42,27.78,0,0,0,1
PDF_07439,2,1,36.15,9,5,2,0,20.49,0.2683,0.273,161,5.317,58.31,49.42,18.76,0,0,0,1
PDF_07440,2,1,33.56,7,5,1,0,55.05,0.2669,0.1884,171,6.532,41.24,33.13,28.53,0,1,0,1
PDF_07441,1,2,4.86,7,5,1,0,19.07,0.2178,0.3085,33,4.63,0.0,1.89,60.28,1,1,0,1
PDF_07442,1,2,20.49,3,4,0,0,6.94,0.2642,0.2271,113,5.598,28.62,26.87,16.39,0,0,1,1
PDF_07443,2,3,35.24,6,4,0,0,40.53,0.4224,0.4016,191,6.542,43.02,33.97,91.32,1,0,1,1
PDF_07444,1,2,41.38,9,4,3,0,27.63,0.3143,0.3507,152,6.648,67.24,49.43,34.63,0,0,0,1
PDF_07445,1,1,8.85,3,2,1,0,0.0,0.166,0.1244,72,5.719,2.33,0.0,19.52,0,0,1,1
PDF_07446,0,2,17.78,4,5,1,0,28.08,0.1619,0.2094,114,6.327,21.31,0.0,17.62,0,1,0,1
PDF_07447,1,2,49.56,9,5,2,0,24.55,0.2076,0.2974,114,5.58,57.88,62.68,32.65,0,0,0,1
PDF_07448,1,2,30.98,9,6,2,0,14.16,0.2945,0.3482,155,6.216,66.29,31.22,26.39,0,0,0,1
PDF_07449,3,2,51.24,7,11,1,0,33.0,0.3067,0.3009,141,4.922,63.35,52.35,37.14,0,0,0,1
PDF_07450,1,2,27.19,1,7,1,1,13.28,0.2685,0.2893,114,7.773,43.34,29.32,35.78,0,0,0,1
PDF_07451,1,2,0.0,4,3,1,0,0.0,0.1446,0.1539,78,5.57,33.2,16.23,18.88,0,0,0,1
PDF_07452,1,2,0.0,0,3,0,0,0.0,0.061,0.1324,38,5.007,4.82,0.0,9.2,0,0,1,1
PDF_07453,1,2,54.88,6,5,2,0,59.37,0.3098,0.2186,97,6.228,50.31,26.89,38.7,0,1,0,1
PDF_07454,2,1,8.03,7,3,1,0,1.38,0.2426,0.2227,99,5.364,32.35,8.93,24.37,0,0,1,1
PDF_07455,1,2,17.38,10,3,1,0,3.18,0.2015,0.2228,76,6.144,42.68,27.05,14.11,0,0,0,1
PDF_07456,1,1,27.12,8,8,2,0,28.65,0.3584,0.482,138,6.544,60.85,77.88,65.02,1,0,0,1
PDF_07457,0,2,19.66,3,6,1,0,13.19,0.1747,0.2617,5,5.716,17.59,8.59,12.83,0,0,0,1
PDF_07458,1,2,16.75,4,3,0,1,1.42,0.2606,0.1885,78,5.113,19.73,17.24,20.03,0,0,1,1
PDF_07459,1,1,72.05,10,12,1,1,38.3,0.2998,0.2887,193,6.121,66.71,55.45,27.16,0,0,0,1
PDF_07460,1,2,12.13,10,6,2,0,24.03,0.1986,0.1605,92,6.562,16.18,4.64,16.8,0,1,0,1
PDF_07461,2,3,25.42,7,4,1,0,28.26,0.3024,0.2292,106,6.177,32.24,50.07,5.04,0,0,0,1
PDF_07462,1,3,21.65,2,0,1,1,37.1,0.2942,0.2571,176,5.463,31.46,33.17,17.76,0,1,1,1
PDF_07463,2,2,69.45,12,7,2,0,70.41,0.359,0.2672,141,7.13,93.55,43.23,28.0,0,1,0,1
PDF_07464,2,2,25.19,6,3,0,1,0.0,0.2908,0.2848,148,5.421,27.22,29.19,30.94,0,0,1,1
PDF_07465,1,2,46.98,7,6,2,0,27.7,0.2405,0.2211,146,6.214,65.06,56.02,43.08,0,0,0,1
PDF_07466,1,1,3.15,3,1,1,0,0.0,0.125,0.202,60,5.041,0.38,0.0,14.16,0,0,0,1
PDF_07467,1,2,40.34,7,7,1,0,24.68,0.2032,0.1667,139,6.323,46.33,66.31,31.51,0,0,0,1
PDF_07468,1,2,10.55,3,0,0,0,44.87,0.1983,0.1806,62,5.886,37.83,4.7,19.67,0,1,0,1
PDF_07469,2,2,29.05,3,3,1,0,28.59,0.2566,0.278,132,5.568,33.76,25.08,40.39,0,0,1,1
PDF_07470,2,2,18.22,3,1,0,0,0.0,0.2756,0.1991,110,5.542,19.05,13.92,9.28,0,0,1,1
PDF_07471,2,2,37.85,8,1,1,0,10.31,0.367,0.4282,150,5.751,31.61,37.36,63.18,1,0,1,1
PDF_07472,2,3,92.68,11,8,3,0,46.13,0.445,0.537,195,6.468,100.0,80.52,100.0,1,0,0,1
PDF_07473,0,2,24.19,8,1,1,1,4.43,0.2231,0.1571,135,4.801,44.87,19.15,36.03,0,0,0,1
PDF_07474,1,3,58.68,11,6,1,1,35.18,0.2827,0.3424,126,5.188,58.21,59.94,39.71,0,0,0,1
PDF_07475,1,4,28.78,6,6,2,0,0.0,0.31,0.2037,116,6.578,42.05,32.26,41.81,0,0,1,1
PDF_07476,1,3,15.47,1,2,0,0,48.62,0.2276,0.2351,109,6.233,27.23,24.18,18.5,0,1,1,1
PDF_07477,1,1,11.57,1,3,1,0,29.05,0.19,0.2169,123,4.915,19.24,24.36,9.7,0,1,1,1
PDF_07478,1,2,53.84,12,5,2,0,22.99,0.2543,0.1954,126,5.961,72.42,52.71,30.94,0,0,0,1
PDF_07479,2,1,0.0,0,0,0,0,6.96,0.1077,0.1243,26,6.123,11.36,0.0,14.58,0,0,1,1
PDF_07480,2,2,43.62,10,5,2,0,33.94,0.269,0.2901,160,7.08,79.75,52.98,30.03,0,0,0,1
PDF_07481,1,2,0.43,7,7,1,0,0.0,0.2004,0.0375,98,5.624,11.62,20.66,22.84,0,0,0,1
PDF_07482,1,2,63.48,12,6,1,0,55.73,0.2905,0.2457,180,6.656,53.31,67.94,18.65,0,0,0,1
PDF_07483,2,3,21.8,8,2,1,0,26.67,0.2772,0.2009,159,5.45,37.59,17.62,14.88,0,0,1,1
PDF_07484,0,2,15.18,3,2,1,0,37.14,0.1408,0.1466,95,6.324,38.48,22.33,18.95,0,1,0,1
PDF_07485,0,3,27.38,5,1,2,0,58.02,0.263,0.2914,162,6.33,43.26,30.65,20.29,0,1,1,1
PDF_07486,2,2,34.32,5,9,2,0,47.12,0.2065,0.247,135,6.679,34.86,48.18,16.38,0,1,0,1
PDF_07487,1,2,0.0,4,5,1,0,0.0,0.2043,0.1066,92,6.126,28.99,0.0,14.73,0,0,0,1
PDF_07488,2,1,31.33,2,3,1,0,6.96,0.2919,0.1709,141,5.055,29.99,32.96,35.73,0,0,1,1
PDF_07489,1,1,4.12,2,3,1,0,33.88,0.203,0.1542,79,5.453,28.16,23.71,10.75,0,1,1,1
PDF_07490,1,1,7.14,3,3,1,0,33.41,0.1425,0.1646,93,5.935,26.05,0.0,19.17,0,1,0,1
PDF_07491,2,3,54.68,8,9,2,0,47.6,0.2855,0.2604,161,6.519,43.0,22.35,24.25,0,0,0,1
PDF_07492,1,3,31.36,7,5,1,1,42.39,0.1975,0.2383,105,5.49,49.48,19.99,7.87,0,0,0,1
PDF_07493,1,1,12.37,7,6,0,0,24.92,0.1953,0.1947,41,4.86,16.96,11.48,12.8,0,0,0,1
PDF_07494,2,1,24.63,5,2,0,0,4.32,0.2294,0.2151,123,6.492,26.66,35.4,32.58,0,0,1,1
PDF_07495,2,2,40.41,9,2,2,1,21.14,0.2498,0.2116,115,5.594,55.75,42.67,16.91,0,0,0,1
PDF_07496,1,2,25.55,5,1,1,1,3.88,0.2006,0.273,87,5.518,44.93,5.58,15.27,0,0,0,1
PDF_07497,2,2,30.31,3,2,1,0,73.56,0.2656,0.1682,165,5.582,45.89,34.89,39.79,0,1,1,1
PDF_07498,1,2,29.16,4,6,0,0,16.73,0.3682,0.4791,137,6.908,37.11,35.15,62.76,1,0,0,1
PDF_07499,3,3,55.51,7,8,1,0,62.54,0.3411,0.2532,159,5.66,55.72,40.48,28.4,0,1,0,1
PDF_07500,1,2,51.74,11,6,2,0,12.12,0.3128,0.2199,127,4.962,69.31,55.1,53.25,0,0,0,1
PDF_07501,1,2,6.91,5,1,1,0,27.21,0.164,0.1496,78,6.18,27.16,0.0,12.53,0,1,0,1
PDF_07502,0,2,3.29,4,4,1,0,1.86,0.1142,0.1848,53,5.916,18.89,1.51,21.77,0,0,0,1
PDF_07503,1,3,46.25,7,8,2,0,19.16,0.3144,0.2779,114,5.433,65.06,47.15,21.48,0,0,0,1
PDF_07504,0,2,15.8,4,5,1,0,17.19,0.2332,0.2946,129,6.776,26.51,11.97,34.06,0,0,0,1
PDF_07505,0,3,46.5,5,7,1,0,56.54,0.2536,0.2947,139,5.259,97.53,45.83,47.49,0,1,0,1
PDF_07506,0,2,33.95,3,3,0,0,0.0,0.1522,0.2433,124,6.206,43.06,37.55,10.15,0,0,0,1
PDF_07507,0,1,25.63,6,7,2,0,35.06,0.3026,0.2527,164,6.235,66.92,52.99,24.67,0,0,0,1
PDF_07508,2,4,94.76,11,7,3,0,36.38,0.367,0.3389,209,5.991,87.47,72.37,58.27,0,0,0,1
PDF_07509,1,2,5.31,1,1,0,0,7.19,0.2151,0.4315,80,5.041,17.73,12.03,54.68,1,1,1,1
PDF_07510,0,3,5.05,4,4,0,0,0.0,0.168,0.1699,105,4.825,27.41,24.64,12.68,0,0,0,1
PDF_07511,1,1,5.63,6,2,2,1,0.0,0.1249,0.1825,89,4.876,30.23,31.94,26.24,0,0,0,1
PDF_07512,3,2,15.33,2,3,1,1,28.91,0.2248,0.1899,88,6.946,26.5,9.67,6.3,0,0,1,1
PDF_07513,2,2,82.83,12,10,3,0,37.75,0.3596,0.3064,199,6.225,59.72,64.77,59.69,0,0,0,1
PDF_07514,1,1,24.33,10,6,1,0,25.48,0.1968,0.2852,121,5.861,41.54,27.25,32.42,0,0,0,1
PDF_07515,1,2,13.72,7,0,0,0,0.0,0.2085,0.2183,120,3.922,20.15,9.21,25.77,0,0,1,1
PDF_07516,1,3,24.1,4,4,0,0,12.41,0.1775,0.238,95,6.304,41.27,3.31,14.47,0,0,0,1
PDF_07517,2,1,27.21,9,5,2,0,8.64,0.2811,0.2599,132,6.038,57.55,20.63,18.7,0,0,0,1
PDF_07518,0,3,31.62,7,3,2,0,0.0,0.2419,0.2324,124,6.07,21.97,6.89,0.0,0,0,0,1
PDF_07519,2,2,20.64,9,6,0,1,49.41,0.2276,0.2355,68,5.214,34.84,16.19,35.86,0,1,1,1
PDF_07520,1,2,7.04,2,0,0,0,45.89,0.1944,0.2354,74,6.584,14.02,7.0,10.33,0,1,1,1
PDF_07521,0,2,6.46,4,0,0,0,4.94,0.1748,0.2419,98,5.442,21.87,11.43,8.77,0,0,1,1
PDF_07522,2,1,48.83,9,9,2,0,39.58,0.3704,0.2506,144,6.337,66.6,64.66,36.28,0,0,0,1
PDF_07523,2,1,35.16,7,3,0,0,14.94,0.2003,0.2034,127,5.47,20.46,31.29,36.2,0,0,0,1
PDF_07524,1,3,41.3,6,9,1,1,14.5,0.271,0.2128,116,6.439,36.08,47.97,38.73,0,0,1,1
PDF_07525,0,1,33.5,6,4,1,0,41.66,0.2513,0.1864,136,5.285,45.29,26.48,30.98,0,1,0,1
PDF_07526,0,3,5.12,3,1,0,0,9.2,0.345,0.3422,144,4.805,19.13,1.23,58.35,1,0,0,1
PDF_07527,2,2,23.98,1,2,2,0,47.59,0.2861,0.3943,138,5.989,40.41,28.97,43.05,1,1,0,1
PDF_07528,1,3,32.01,10,3,1,1,0.0,0.2226,0.1686,98,5.601,23.11,23.15,25.5,0,0,0,1
PDF_07529,1,2,27.51,6,0,2,1,8.23,0.2306,0.0832,122,5.55,26.42,42.07,16.54,0,0,0,1
PDF_07530,0,2,20.19,4,2,1,0,0.0,0.1354,0.1684,67,5.201,20.24,2.79,30.48,0,0,0,1
PDF_07531,3,3,45.26,8,7,2,0,32.84,0.3162,0.2963,154,5.668,30.46,48.56,45.22,0,0,0,1
PDF_07532,0,3,34.95,7,6,1,0,0.0,0.2576,0.2239,79,6.02,42.33,47.99,21.05,0,0,0,1
PDF_07533,0,1,2.52,3,1,1,0,47.37,0.1015,0.2071,117,6.494,8.41,3.79,12.74,0,1,0,1
PDF_07534,0,2,7.58,0,3,0,0,0.0,0.1377,0.2193,63,5.998,34.63,5.65,19.1,0,0,1,1
PDF_07535,1,2,43.99,10,7,2,0,71.73,0.2798,0.2754,193,6.772,74.14,61.3,30.68,0,1,0,1
PDF_07536,0,2,49.41,7,6,2,0,4.72,0.254,0.2307,131,6.994,44.38,36.33,29.95,0,0,0,1
PDF_07537,2,1,22.88,2,3,2,0,51.89,0.2702,0.2324,166,6.43,45.31,37.34,27.69,0,1,0,1
PDF_07538,2,2,31.11,6,2,0,0,30.06,0.2888,0.308,144,5.776,31.45,27.83,25.65,0,0,1,1
PDF_07539,1,2,46.43,4,5,0,0,37.47,0.2476,0.2164,61,4.535,38.16,17.51,7.02,0,1,0,1
PDF_07540,2,2,68.83,10,9,2,0,60.52,0.3626,0.2574,109,7.118,57.02,40.42,31.95,0,1,0,1
PDF_07541,2,1,31.07,8,6,0,1,43.53,0.3542,0.2452,157,6.853,27.8,41.75,28.67,0,0,1,1
PDF_07542,2,2,7.04,6,7,1,0,38.24,0.2475,0.3135,98,5.305,14.8,32.89,23.89,0,1,0,1
PDF_07543,2,2,25.12,8,7,1,1,19.33,0.2572,0.262,109,6.351,45.76,50.77,18.69,0,0,0,1
PDF_07544,0,2,46.5,7,7,1,0,18.85,0.2335,0.2782,148,5.339,40.41,19.64,42.15,0,0,0,1
PDF_07545,2,2,36.03,7,9,2,0,31.21,0.3289,0.3511,152,6.356,39.1,51.21,44.11,0,0,1,1
PDF_07546,2,2,28.58,6,3,1,0,55.67,0.4061,0.4094,112,5.278,54.16,31.54,90.16,1,1,0,1
PDF_07547,2,1,35.45,5,6,1,0,52.4,0.2942,0.2005,147,5.663,58.27,46.42,32.49,0,1,0,1
PDF_07548,0,3,30.25,6,4,2,0,31.08,0.1812,0.1731,121,5.596,57.63,33.45,24.27,0,0,0,1
PDF_07549,2,1,53.55,12,10,1,0,34.7,0.3251,0.4624,190,5.81,40.18,44.98,75.92,1,1,0,1
PDF_07550,1,4,7.58,2,3,1,0,3.01,0.1882,0.2091,78,5.423,39.37,11.25,25.06,0,0,1,1
PDF_07551,1,2,25.44,6,4,1,0,61.8,0.3036,0.1986,135,6.753,24.54,20.26,19.25,0,1,1,1
PDF_07552,3,3,68.06,17,8,1,0,40.66,0.3787,0.3441,183,7.309,71.82,59.98,31.21,0,0,0,1
PDF_07553,2,2,37.23,10,6,1,0,35.2,0.2691,0.3064,167,6.251,49.34,67.07,32.09,0,0,0,1
PDF_07554,2,3,46.21,12,6,2,0,41.49,0.2935,0.2232,110,5.672,80.44,56.37,18.66,0,0,0,1
PDF_07555,1,2,21.21,7,5,0,1,12.88,0.2585,0.1776,154,6.61,20.32,39.48,36.83,0,0,1,1
PDF_07556,1,3,30.9,10,4,1,0,32.65,0.3491,0.381,158,5.894,30.8,43.33,44.34,0,0,1,1
PDF_07557,0,2,2.73,5,0,1,0,0.0,0.2183,0.1486,120,5.436,35.57,21.06,29.48,0,0,0,1
PDF_07558,1,3,32.46,7,7,2,0,31.09,0.313,0.2194,154,6.187,26.95,35.12,35.11,0,0,1,1
PDF_07559,0,2,36.11,9,6,2,0,25.86,0.4125,0.3904,104,5.816,58.15,35.34,75.86,1,0,0,1
PDF_07560,0,2,34.53,5,4,2,0,2.13,0.2354,0.2246,87,5.812,64.97,39.3,25.48,0,0,0,1
PDF_07561,0,2,45.26,5,7,2,0,22.61,0.2984,0.2676,166,5.182,41.28,32.17,16.63,0,0,0,1
PDF_07562,2,2,36.1,14,5,2,0,37.11,0.3097,0.2006,108,5.836,67.38,23.46,36.75,0,0,0,1
PDF_07563,0,1,30.83,3,4,1,0,51.57,0.2798,0.246,86,5.375,39.0,26.91,22.76,0,1,0,1
PDF_07564,1,3,11.86,6,1,0,0,45.88,0.1955,0.2661,122,5.485,26.75,31.83,13.52,0,1,1,1
PDF_07565,2,3,54.24,9,5,1,1,17.99,0.1847,0.2194,130,6.879,35.44,33.74,32.75,0,0,0,1
PDF_07566,2,2,23.74,5,3,0,0,0.0,0.1561,0.0878,93,6.449,50.75,53.71,12.04,0,0,0,1
PDF_07567,0,1,18.36,4,5,1,1,0.0,0.2534,0.1529,112,5.207,38.28,5.03,19.7,0,0,0,1
PDF_07568,0,3,14.0,4,3,0,1,0.0,0.4077,0.3789,185,5.007,27.41,38.78,72.93,1,0,1,1
PDF_07569,1,3,41.39,9,5,1,0,36.4,0.3188,0.2088,168,5.725,42.84,66.98,28.49,0,0,1,1
PDF_07570,1,2,25.45,4,2,2,0,8.3,0.2852,0.2656,121,6.5,32.73,24.46,28.11,0,0,1,1
PDF_07571,1,3,40.47,6,7,0,0,13.85,0.2483,0.2373,131,6.491,75.04,47.65,27.59,0,0,0,1
PDF_07572,0,2,0.0,5,4,0,0,0.0,0.0908,0.1235,53,5.116,35.42,6.8,3.63,0,0,0,1
PDF_07573,2,3,39.44,10,3,3,0,15.88,0.2972,0.283,156,5.595,53.55,45.36,46.69,0,0,0,1
PDF_07574,1,2,36.24,7,7,1,0,6.29,0.2535,0.1875,143,4.298,24.09,28.05,25.68,0,0,0,1
PDF_07575,0,1,26.87,3,1,3,0,5.21,0.1979,0.2334,62,4.72,32.27,14.5,0.0,0,0,0,1
PDF_07576,4,2,41.26,8,9,1,0,75.39,0.4142,0.4251,155,5.75,60.13,58.24,99.1,1,1,0,1
PDF_07577,2,2,44.96,9,7,0,0,0.0,0.3811,0.4762,108,7.592,43.31,5.3,73.99,1,0,0,1
PDF_07578,0,2,0.02,5,2,0,0,1.7,0.1324,0.1985,42,5.038,9.94,4.94,26.99,0,0,1,1
PDF_07579,2,1,3.5,6,6,1,0,18.33,0.1679,0.1983,84,4.666,13.2,22.21,22.51,0,0,0,1
PDF_07580,1,3,8.43,5,2,1,0,0.0,0.3383,0.4042,103,5.94,23.69,12.29,68.51,1,0,0,1
PDF_07581,2,2,47.21,9,5,2,0,0.0,0.2059,0.3451,163,4.956,43.76,55.34,34.42,0,0,0,1
PDF_07582,1,1,22.35,7,4,1,0,11.7,0.137,0.1729,111,5.896,25.71,18.53,39.38,0,0,0,1
PDF_07583,2,3,53.05,11,8,2,1,41.28,0.3028,0.2432,156,6.187,78.27,54.83,48.85,0,0,0,1
PDF_07584,2,1,38.96,9,7,2,0,18.75,0.3627,0.5203,144,5.616,49.16,40.03,67.81,1,0,0,1
PDF_07585,1,2,33.97,9,6,2,1,22.57,0.2775,0.1404,116,6.451,57.74,32.16,9.85,0,0,0,1
PDF_07586,1,1,48.19,7,12,2,1,20.71,0.283,0.3138,143,5.083,59.27,26.41,47.71,0,0,0,1
PDF_07587,2,1,2.71,3,3,0,1,12.59,0.1773,0.107,108,5.289,60.46,22.01,35.92,0,0,0,1
PDF_07588,2,1,60.89,7,7,1,0,59.62,0.3633,0.1185,194,6.526,77.46,76.11,30.71,0,0,0,1
PDF_07589,1,3,39.87,6,3,1,1,27.62,0.3288,0.2921,134,6.467,54.4,45.65,23.94,0,0,1,1
PDF_07590,1,2,12.82,0,2,0,0,0.0,0.1335,0.1224,42,6.455,22.23,15.05,22.19,0,0,1,1
PDF_07591,3,3,41.93,5,7,2,0,0.0,0.2831,0.2368,111,6.455,33.56,26.25,22.79,0,0,0,1
PDF_07592,0,3,29.78,6,4,2,1,16.66,0.4467,0.5004,118,5.572,28.56,34.39,72.64,1,0,0,1
PDF_07593,1,3,54.53,6,4,2,0,36.4,0.2487,0.333,129,6.44,68.28,47.2,44.0,0,0,0,1
PDF_07594,2,1,22.1,3,4,0,0,13.01,0.1783,0.2352,118,6.376,13.68,7.34,28.65,0,0,1,1
PDF_07595,0,2,16.19,5,6,1,0,25.17,0.2785,0.2218,73,4.493,32.46,10.62,15.87,0,0,0,1
PDF_07596,0,2,60.67,4,3,3,0,22.69,0.2389,0.3027,121,5.575,55.15,45.99,31.97,0,0,0,1
PDF_07597,0,1,12.83,2,6,0,0,0.0,0.2171,0.1734,95,5.727,20.06,12.86,13.07,0,0,1,1
PDF_07598,0,2,0.0,0,0,1,0,0.0,0.2552,0.3618,10,6.322,23.03,0.0,59.73,1,0,1,1
PDF_07599,1,1,26.93,5,4,0,1,11.83,0.1329,0.162,103,5.622,37.29,0.8,37.9,0,0,0,1
PDF_07600,1,3,66.99,10,7,2,0,48.62,0.3242,0.2331,120,6.914,48.16,53.58,34.93,0,0,0,1
PDF_07601,1,2,0.0,5,3,1,0,14.64,0.2487,0.3761,116,5.966,19.56,23.7,56.82,1,0,0,1
PDF_07602,1,2,46.28,5,4,0,0,24.66,0.2973,0.1916,80,6.306,62.2,68.66,20.56,0,0,0,1
PDF_07603,1,3,25.75,10,6,1,0,37.99,0.2795,0.3431,176,6.191,47.53,30.58,41.82,0,0,1,1
PDF_07604,2,2,8.11,1,2,0,0,2.47,0.2255,0.1064,88,5.445,22.36,13.71,21.06,0,0,1,1
PDF_07605,2,1,46.2,8,6,2,0,27.55,0.2773,0.1973,110,6.7,45.44,42.65,17.54,0,0,0,1
PDF_07606,2,2,37.64,9,5,2,0,23.57,0.2063,0.265,156,6.253,53.46,32.23,30.37,0,0,0,1
PDF_07607,0,2,52.24,6,5,3,0,36.55,0.2779,0.1886,117,5.302,64.44,67.37,18.53,0,1,0,1
PDF_07608,2,3,41.0,8,5,2,0,48.51,0.2021,0.2493,94,7.33,46.19,34.22,32.79,0,0,0,1
PDF_07609,1,2,0.0,6,3,2,0,18.5,0.201,0.3634,110,5.764,24.94,0.0,58.69,1,1,0,1
PDF_07610,1,1,0.0,2,5,0,0,26.84,0.2222,0.3752,56,4.986,0.0,0.0,62.19,1,1,0,1
PDF_07611,1,2,21.41,5,5,3,0,9.89,0.3072,0.4406,135,5.123,15.62,45.46,77.23,1,0,0,1
PDF_07612,2,3,62.68,9,10,2,0,44.34,0.2957,0.2529,136,6.473,82.45,51.11,44.65,0,1,0,1
PDF_07613,2,2,21.05,4,5,1,0,13.25,0.204,0.3082,127,5.207,61.4,37.43,18.86,0,0,0,1
PDF_07614,2,3,59.16,10,6,1,0,24.32,0.2842,0.1933,125,5.359,46.19,56.95,27.01,0,0,0,1
PDF_07615,2,3,25.14,6,6,1,0,21.37,0.2838,0.2953,138,6.269,31.41,21.71,37.84,0,0,1,1
PDF_07616,1,2,50.52,10,6,2,0,49.31,0.2254,0.2822,150,6.542,53.71,34.64,32.56,0,1,0,1
PDF_07617,0,2,28.99,6,4,1,0,8.4,0.2369,0.321,117,6.031,49.6,50.57,36.82,0,0,0,1
PDF_07618,1,2,1.44,3,4,1,0,51.32,0.1787,0.173,61,5.76,22.78,17.58,12.39,0,1,0,1
PDF_07619,0,2,20.88,6,5,1,0,1.81,0.231,0.1968,82,5.512,46.29,21.37,31.57,0,0,0,1
PDF_07620,2,2,33.51,9,7,2,0,22.35,0.3078,0.5007,146,5.64,55.52,27.31,83.28,1,0,0,1
PDF_07621,2,2,26.64,5,4,1,0,66.5,0.2312,0.332,104,6.701,65.2,0.0,75.84,1,1,0,1
PDF_07622,1,2,52.77,6,5,0,0,72.69,0.2896,0.1391,176,4.809,51.28,50.25,34.19,0,1,0,1
PDF_07623,2,2,49.5,11,2,2,1,24.22,0.2651,0.258,114,6.94,55.0,46.95,40.82,0,0,0,1
PDF_07624,2,3,60.64,8,10,2,0,88.04,0.3731,0.3611,166,6.519,90.46,53.75,25.87,0,1,0,1
PDF_07625,0,2,9.45,4,3,1,0,0.0,0.2396,0.2188,51,6.143,58.41,18.79,13.09,0,0,0,1
PDF_07626,1,1,1.18,4,2,0,0,0.0,0.3151,0.3461,132,5.367,8.54,0.16,51.51,1,0,1,1
PDF_07627,2,1,45.64,5,7,2,1,16.03,0.313,0.4334,164,6.741,53.91,15.85,71.88,1,0,0,1
PDF_07628,0,3,31.34,5,3,1,1,0.31,0.2559,0.2588,72,7.326,10.5,12.2,11.47,0,0,0,1
PDF_07629,0,3,8.73,9,4,1,0,36.82,0.2287,0.2094,104,6.359,6.96,12.95,27.88,0,0,1,1
PDF_07630,1,2,33.87,5,4,2,1,50.36,0.2922,0.2802,53,4.881,30.21,21.21,7.54,0,1,0,1
PDF_07631,2,3,23.87,3,4,0,0,7.09,0.2529,0.2547,157,5.581,39.9,26.47,20.17,0,0,1,1
PDF_07632,1,1,13.66,2,0,0,0,32.01,0.1099,0.0995,80,5.606,18.2,3.83,27.34,0,1,1,1
PDF_07633,0,2,46.08,6,5,2,0,32.06,0.3647,0.475,176,6.274,43.64,55.45,81.01,1,0,0,1
PDF_07634,1,3,10.26,4,3,0,0,5.35,0.1188,0.1936,89,5.564,11.16,1.62,1.86,0,0,1,1
PDF_07635,3,2,20.04,5,0,0,0,51.95,0.187,0.2184,144,6.304,31.67,23.71,35.5,0,1,1,1
PDF_07636,0,2,8.72,1,2,0,0,3.46,0.1444,0.1565,70,5.509,18.54,30.21,37.28,0,0,1,1
PDF_07637,0,3,6.85,2,3,1,0,28.49,0.3364,0.3817,75,4.975,23.61,0.0,40.25,1,1,1,1
PDF_07638,2,3,60.63,11,9,2,0,62.95,0.3536,0.2621,135,6.382,80.52,56.81,48.08,0,1,0,1
PDF_07639,0,1,5.53,4,5,2,0,0.0,0.1289,0.2088,121,5.62,13.99,4.79,20.85,0,0,0,1
PDF_07640,0,2,13.55,4,6,2,0,0.0,0.1991,0.2549,110,5.493,50.19,8.29,9.76,0,0,0,1
PDF_07641,0,3,82.61,11,6,2,0,32.93,0.2756,0.3148,219,6.278,51.41,60.92,48.56,0,0,0,1
PDF_07642,0,2,15.41,5,0,2,0,41.69,0.1466,0.2464,71,5.779,18.35,3.85,9.93,0,1,0,1
PDF_07643,2,2,33.86,9,7,0,0,98.34,0.3143,0.2888,190,6.193,43.94,44.98,33.25,0,1,1,1
PDF_07644,2,2,52.29,6,11,2,0,95.33,0.2636,0.214,135,5.228,47.82,51.49,30.58,0,1,0,1
PDF_07645,0,1,29.23,3,3,1,0,30.71,0.2409,0.2751,135,5.844,28.4,19.35,39.88,0,0,1,1
PDF_07646,2,1,28.45,8,2,2,1,0.0,0.233,0.1681,105,5.248,30.66,28.01,25.17,0,0,1,1
PDF_07647,0,1,24.6,3,3,2,0,0.2,0.1786,0.3261,82,6.448,37.38,16.23,26.76,0,0,0,1
PDF_07648,1,2,58.52,9,7,2,0,64.95,0.2584,0.292,134,6.221,67.36,60.69,33.32,0,1,0,1
PDF_07649,2,2,19.43,4,3,1,1,52.23,0.329,0.3677,83,5.51,35.74,24.69,69.21,1,1,1,1
PDF_07650,1,3,44.81,8,7,2,1,52.56,0.2899,0.2147,174,6.753,51.81,48.84,28.08,0,1,0,1
PDF_07651,3,3,37.7,10,7,0,0,78.73,0.3514,0.281,115,7.911,58.28,57.87,28.57,0,1,0,1
PDF_07652,3,1,32.13,5,3,2,0,10.5,0.1876,0.1275,95,5.395,40.16,64.81,27.2,0,0,0,1
PDF_07653,0,1,20.98,5,2,1,1,0.0,0.2853,0.3859,122,5.826,34.59,18.42,31.75,1,0,0,1
PDF_07654,3,2,18.37,3,3,0,0,7.19,0.3226,0.3566,128,6.211,28.1,37.07,74.88,1,0,1,1
PDF_07655,1,2,17.95,3,1,0,0,0.0,0.2003,0.2927,57,5.919,26.82,28.73,34.91,0,0,0,1
PDF_07656,1,2,40.12,3,4,1,0,3.77,0.2538,0.2472,96,6.291,26.34,23.11,34.66,0,0,0,1
PDF_07657,0,2,18.84,2,3,0,0,22.45,0.2304,0.1237,90,5.738,39.44,16.61,9.36,0,0,1,1
PDF_07658,1,2,21.92,6,0,1,0,2.96,0.2108,0.2352,119,5.711,36.62,20.06,0.0,0,0,0,1
PDF_07659,0,2,21.7,3,3,1,0,40.55,0.2167,0.1752,102,5.752,39.96,25.43,41.8,0,1,1,1
PDF_07660,0,2,14.24,3,2,1,0,23.51,0.3144,0.4628,108,5.655,32.1,29.62,80.77,1,0,0,1
PDF_07661,1,3,36.05,7,6,1,0,0.0,0.2616,0.2208,145,5.299,16.9,33.2,19.69,0,0,0,1
PDF_07662,1,2,1.92,3,2,0,1,0.0,0.2012,0.3285,61,6.706,15.92,0.0,60.83,1,0,0,1
PDF_07663,0,1,1.72,3,2,0,0,0.0,0.2033,0.2252,116,5.674,22.14,0.0,5.98,0,0,1,1
PDF_07664,0,1,0.0,2,0,0,0,0.0,0.1532,0.1159,93,5.485,11.14,6.34,9.3,0,0,1,1
PDF_07665,0,2,23.85,3,3,0,0,53.72,0.388,0.3133,166,6.489,26.84,8.88,60.77,1,1,1,1
PDF_07666,2,2,31.57,4,2,1,0,47.07,0.2003,0.2615,86,6.537,31.5,11.59,29.6,0,1,0,1
PDF_07667,1,1,0.0,2,6,0,1,25.09,0.1644,0.1899,82,5.511,18.14,5.71,23.32,0,1,0,1
PDF_07668,1,2,47.32,9,7,2,0,35.84,0.3243,0.3447,142,5.486,58.98,46.16,16.8,0,0,0,1
PDF_07669,1,3,14.78,2,2,0,0,25.32,0.2794,0.2195,117,6.054,37.75,31.04,31.53,0,0,1,1
PDF_07670,0,2,7.98,1,1,2,1,11.3,0.1917,0.2671,113,4.485,31.28,4.64,18.2,0,0,0,1
PDF_07671,1,2,19.78,2,8,2,0,0.0,0.2341,0.1342,49,5.758,0.0,21.81,3.95,0,0,0,1
PDF_07672,2,3,64.0,11,8,2,0,54.84,0.2989,0.3364,155,5.48,62.32,88.73,38.83,0,0,0,1
PDF_07673,0,2,0.0,0,0,0,0,11.91,0.1024,0.1084,128,4.727,13.44,21.82,26.57,0,0,1,1
PDF_07674,1,2,13.94,3,2,0,0,0.0,0.2228,0.1307,43,4.655,8.82,9.04,0.29,0,0,0,1
PDF_07675,0,2,12.39,3,0,1,0,30.2,0.1963,0.1701,102,5.625,21.64,6.15,24.65,0,1,1,1
PDF_07676,1,1,19.14,9,5,2,0,0.0,0.2055,0.293,115,6.305,40.72,22.91,33.23,0,0,0,1
PDF_07677,2,2,45.18,5,10,2,1,49.84,0.454,0.3938,158,6.515,62.49,64.17,76.55,1,0,0,1
PDF_07678,1,2,18.27,8,5,1,0,24.52,0.2462,0.1494,125,5.733,55.19,33.58,37.44,0,0,0,1
PDF_07679,2,1,10.58,1,5,0,0,48.57,0.2051,0.1368,96,5.59,13.99,21.35,5.74,0,1,1,1
PDF_07680,0,2,10.05,8,1,0,1,51.76,0.1581,0.3025,78,5.122,15.52,18.7,17.44,0,1,1,1
PDF_07681,1,1,14.31,2,1,0,0,35.56,0.2514,0.1697,137,5.52,7.75,0.0,20.84,0,1,1,1
PDF_07682,0,2,10.55,3,2,1,0,9.36,0.105,0.2174,132,4.95,35.05,12.99,23.86,0,0,1,1
PDF_07683,1,2,42.19,6,4,0,0,43.7,0.2761,0.3313,117,5.891,46.04,40.2,43.73,0,0,1,1
PDF_07684,1,2,75.36,14,10,3,0,12.64,0.4423,0.4588,225,5.91,86.52,79.7,82.24,1,0,0,1
PDF_07685,0,3,23.2,4,5,1,0,0.0,0.1466,0.2188,51,5.416,32.61,15.81,13.96,0,0,0,1
PDF_07686,2,2,34.33,7,4,1,0,20.46,0.2525,0.2086,116,5.921,30.05,20.56,4.41,0,0,0,1
PDF_07687,0,2,49.75,9,3,1,0,71.7,0.2395,0.1822,118,6.637,42.69,63.67,26.93,0,1,0,1
PDF_07688,2,3,25.55,6,1,0,0,14.96,0.3387,0.2732,144,6.46,32.92,41.74,47.93,0,0,1,1
PDF_07689,0,2,15.19,2,5,0,0,10.9,0.2148,0.2324,81,5.619,45.08,27.47,15.55,0,0,0,1
PDF_07690,1,2,13.16,1,5,1,0,54.48,0.1898,0.278,103,5.813,9.39,16.54,24.42,0,1,1,1
PDF_07691,2,3,40.79,7,5,2,0,21.36,0.3061,0.1838,147,5.877,43.75,32.15,30.29,0,0,0,1
PDF_07692,2,2,17.82,5,4,0,0,38.78,0.2842,0.3413,94,6.048,40.28,25.92,39.59,0,0,1,1
PDF_07693,1,2,52.18,7,5,1,0,23.35,0.2719,0.1541,116,5.731,41.21,25.37,8.22,0,0,0,1
PDF_07694,1,2,4.71,4,5,2,0,7.99,0.2034,0.1355,104,6.145,24.83,8.62,12.39,0,0,0,1
PDF_07695,1,2,4.3,2,2,0,1,0.0,0.2492,0.1569,80,6.238,12.68,9.95,26.28,0,0,1,1
PDF_07696,1,1,19.39,3,4,0,0,1.1,0.2138,0.1968,116,6.097,41.9,8.9,17.0,0,0,0,1
PDF_07697,1,2,10.49,5,7,1,1,21.35,0.2538,0.2291,90,6.149,39.8,11.91,7.96,0,0,0,1
PDF_07698,1,3,24.42,0,4,0,0,0.0,0.1303,0.2153,112,5.338,6.44,0.0,20.19,0,0,0,1
PDF_07699,2,3,4.95,0,0,0,0,0.0,0.1648,0.2511,30,4.364,20.01,14.23,20.78,0,0,1,1
PDF_07700,1,2,23.29,2,4,2,0,14.61,0.2125,0.2311,73,6.564,20.88,19.92,34.8,0,0,0,1
PDF_07701,2,2,0.0,2,3,2,0,0.0,0.2245,0.3402,83,6.059,10.57,0.0,73.67,1,0,0,1
PDF_07702,2,1,14.8,11,7,2,1,41.05,0.2692,0.3806,154,6.404,53.05,3.89,63.15,1,0,0,1
PDF_07703,2,2,23.38,7,2,2,1,29.4,0.2803,0.2579,162,6.291,44.03,25.74,41.02,0,0,1,1
PDF_07704,1,2,42.68,8,8,1,0,46.16,0.2776,0.2494,121,5.57,59.0,45.01,34.24,0,1,0,1
PDF_07705,3,2,47.57,9,8,1,0,12.15,0.2189,0.2507,186,5.052,49.75,53.76,25.14,0,0,0,1
PDF_07706,2,2,23.99,5,6,1,0,16.43,0.2772,0.2236,127,5.936,33.19,30.54,44.98,0,0,1,1
PDF_07707,1,2,37.31,7,5,2,0,33.48,0.2079,0.2687,93,5.766,49.57,33.54,38.49,0,0,0,1
PDF_07708,0,1,16.99,2,0,1,0,23.81,0.1859,0.2157,120,5.594,35.22,19.71,27.16,0,0,1,1
PDF_07709,2,2,10.14,4,4,4,0,0.0,0.2454,0.224,127,5.938,12.42,41.69,36.76,0,0,0,1
PDF_07710,1,2,7.92,5,1,1,0,19.15,0.1818,0.1744,52,5.767,23.37,22.45,26.43,0,1,0,1
PDF_07711,0,3,8.92,7,0,1,0,0.0,0.2349,0.1603,94,4.523,26.22,0.0,26.07,0,0,1,1
PDF_07712,1,3,55.27,8,7,2,0,39.62,0.3414,0.4115,192,6.425,63.68,43.74,96.05,1,1,0,1
PDF_07713,1,3,52.89,8,3,3,0,26.23,0.2227,0.2644,94,5.175,67.26,37.43,23.52,0,0,0,1
PDF_07714,1,2,24.77,3,4,1,0,6.93,0.3168,0.32,152,6.5,26.85,36.83,32.96,0,0,1,1
PDF_07715,0,2,19.33,3,2,0,0,19.76,0.3411,0.434,154,6.547,28.66,13.46,94.38,1,0,1,1
PDF_07716,2,2,56.29,9,8,2,0,29.29,0.3542,0.3428,176,5.303,67.57,69.99,48.36,0,0,0,1
PDF_07717,1,1,40.67,6,4,1,0,55.35,0.1782,0.1939,112,6.628,35.25,14.1,30.69,0,1,0,1
PDF_07718,2,1,35.22,7,7,2,0,13.33,0.1991,0.1897,51,6.922,46.04,13.56,37.71,0,0,0,1
PDF_07719,0,3,10.85,3,3,1,0,33.98,0.1875,0.2966,137,5.941,46.65,15.74,68.43,1,1,0,1
PDF_07720,1,1,15.19,2,1,0,0,19.37,0.2472,0.3789,135,6.214,28.7,0.66,64.71,1,0,0,1
PDF_07721,0,1,11.5,8,7,2,0,36.02,0.1997,0.1559,83,5.791,38.34,12.74,10.37,0,1,0,1
PDF_07722,1,1,36.7,6,4,1,1,3.63,0.2434,0.1651,123,5.933,24.49,0.0,27.35,0,0,0,1
PDF_07723,1,2,34.63,6,10,1,0,23.92,0.3785,0.4908,171,5.573,56.15,56.28,74.74,1,0,0,1
PDF_07724,2,1,0.41,5,8,1,0,0.0,0.1854,0.2038,103,5.634,31.33,0.0,0.0,0,0,0,1
PDF_07725,1,3,74.89,6,9,2,0,30.99,0.2651,0.2837,156,6.012,72.69,48.71,29.37,0,0,0,1
PDF_07726,0,1,30.8,8,6,4,0,33.71,0.2317,0.3233,134,6.505,73.06,28.66,18.34,0,1,0,1
PDF_07727,1,1,43.2,7,3,1,1,4.63,0.1975,0.2319,155,5.704,30.5,24.25,28.09,0,0,0,1
PDF_07728,1,1,26.71,4,5,1,1,50.06,0.2427,0.1908,99,5.233,20.41,26.25,34.02,0,1,0,1
PDF_07729,2,1,26.56,5,3,1,0,54.32,0.3094,0.4007,176,5.558,49.82,45.87,82.61,1,1,0,1
PDF_07730,3,2,70.34,10,6,2,0,42.94,0.4701,0.3103,171,6.949,54.34,69.04,52.15,0,0,0,1
PDF_07731,2,3,29.55,8,5,2,0,59.29,0.2848,0.1609,186,5.58,14.82,51.39,44.93,0,0,1,1
PDF_07732,3,3,57.77,9,6,4,0,16.15,0.4097,0.2341,170,5.718,84.78,52.43,43.2,0,0,0,1
PDF_07733,2,2,56.61,5,5,1,0,10.35,0.1936,0.2068,115,5.283,42.04,52.81,34.96,0,0,0,1
PDF_07734,1,1,16.67,6,2,0,0,12.74,0.2802,0.2108,96,5.712,34.76,15.58,23.6,0,0,0,1
PDF_07735,1,1,30.09,3,4,1,0,63.23,0.2766,0.1964,89,6.319,26.01,33.11,37.88,0,1,1,1
PDF_07736,1,3,78.85,11,6,2,0,28.18,0.4507,0.496,113,5.839,79.85,64.31,88.69,1,0,0,1
PDF_07737,2,2,34.1,6,4,0,0,28.53,0.3007,0.2463,177,6.793,51.63,42.87,27.91,0,0,1,1
PDF_07738,0,2,7.1,2,6,0,0,0.0,0.2045,0.1479,57,5.551,24.49,0.0,13.5,0,0,0,1
PDF_07739,0,3,37.06,7,8,2,0,2.62,0.3734,0.3377,197,6.151,63.29,25.65,79.59,1,0,0,1
PDF_07740,2,2,34.24,10,7,2,0,58.88,0.3137,0.2518,86,6.186,32.3,46.34,38.39,0,1,0,1
PDF_07741,1,2,15.19,5,5,0,0,37.79,0.1695,0.277,75,6.286,29.6,16.17,13.73,0,0,1,1
PDF_07742,1,2,46.26,9,6,2,0,58.21,0.2252,0.2446,151,7.301,55.75,57.3,31.62,0,1,0,1
PDF_07743,2,1,12.51,1,0,0,1,2.56,0.1678,0.1982,43,6.778,14.14,18.46,29.42,0,0,1,1
PDF_07744,3,2,13.06,7,6,2,0,8.77,0.1902,0.1012,150,5.599,29.98,32.62,18.77,0,0,0,1
PDF_07745,0,2,38.11,5,3,1,1,8.5,0.3276,0.3379,189,5.918,55.87,11.08,68.54,1,0,0,1
PDF_07746,3,3,44.6,3,6,1,0,53.16,0.1734,0.2706,83,6.65,37.2,35.01,28.55,0,1,0,1
PDF_07747,1,3,29.43,6,5,1,0,22.74,0.2277,0.2105,180,5.525,53.02,43.24,15.38,0,0,0,1
PDF_07748,1,3,44.78,8,4,1,0,20.39,0.3164,0.3383,124,5.958,65.77,50.23,21.1,0,0,0,1
PDF_07749,0,3,18.13,5,4,1,0,25.53,0.2413,0.2541,93,6.232,49.46,36.91,12.84,0,0,0,1
PDF_07750,2,1,44.51,8,7,1,1,67.99,0.2767,0.1808,125,6.096,45.89,34.65,26.49,0,1,0,1
PDF_07751,1,1,29.3,5,5,2,0,10.11,0.3539,0.3983,134,5.483,46.09,29.87,50.04,1,0,0,1
PDF_07752,2,1,26.66,5,5,1,0,5.22,0.2357,0.2057,79,5.262,51.88,18.85,23.86,0,0,0,1
PDF_07753,0,1,1.52,7,0,0,0,0.0,0.1098,0.2011,12,5.564,5.4,4.01,20.52,0,0,1,1
PDF_07754,1,2,36.04,5,5,1,0,32.2,0.2061,0.1437,112,5.452,48.33,20.02,39.68,0,0,0,1
PDF_07755,2,1,49.84,6,8,1,0,27.8,0.2385,0.2461,97,6.783,41.73,34.98,37.33,0,1,0,1
PDF_07756,1,3,15.15,3,2,2,0,52.69,0.3337,0.4385,134,5.797,47.76,5.26,67.88,1,1,0,1
PDF_07757,1,4,59.23,7,7,2,0,24.18,0.2543,0.2608,106,6.9,74.4,51.08,16.88,0,0,0,1
PDF_07758,2,2,50.28,3,7,2,0,26.53,0.3488,0.4417,151,4.99,47.05,46.15,68.91,1,0,0,1
PDF_07759,2,2,25.87,6,6,1,0,0.0,0.3181,0.2267,120,5.14,27.62,33.19,34.9,0,0,1,1
PDF_07760,2,2,71.9,9,11,1,0,24.77,0.2729,0.2368,92,6.138,33.63,54.95,30.19,0,0,0,1
PDF_07761,2,3,21.76,6,6,2,0,32.59,0.3798,0.4086,190,6.177,42.91,36.22,80.42,1,0,1,1
PDF_07762,0,1,1.91,0,2,0,0,19.96,0.1177,0.128,23,4.187,1.66,0.0,4.13,0,1,1,1
PDF_07763,2,3,71.78,6,8,2,0,29.93,0.3413,0.189,152,6.863,30.04,45.1,27.35,0,0,0,1
PDF_07764,1,1,38.72,9,4,2,0,7.31,0.3149,0.3977,119,6.49,23.28,23.78,70.31,1,0,0,1
PDF_07765,0,2,52.85,8,4,2,0,59.79,0.4267,0.2228,128,6.392,64.13,20.22,34.91,0,1,0,1
PDF_07766,0,1,45.15,6,4,3,0,55.08,0.1638,0.1761,144,6.48,26.39,15.31,26.64,0,1,0,1
PDF_07767,2,3,13.2,3,3,1,0,16.92,0.2835,0.2103,84,6.76,45.44,42.92,34.49,0,0,1,1
PDF_07768,0,2,18.05,4,4,0,0,33.08,0.2349,0.1239,121,6.314,44.29,24.86,10.81,0,1,0,1
PDF_07769,2,2,61.85,1,2,2,0,3.31,0.2569,0.2777,121,5.646,50.11,29.94,24.03,0,0,0,1
PDF_07770,1,2,30.48,4,2,1,0,69.72,0.2731,0.2956,149,6.001,37.92,22.79,54.29,0,1,1,1
PDF_07771,1,1,43.54,8,5,0,0,17.06,0.2281,0.1996,131,5.194,37.69,10.35,34.18,0,0,0,1
PDF_07772,1,1,19.67,7,5,2,0,60.63,0.2193,0.0856,121,5.528,38.04,4.87,12.51,0,1,0,1
PDF_07773,1,2,28.06,4,2,0,0,3.05,0.1,0.2178,104,5.464,43.39,29.35,13.95,0,0,0,1
PDF_07774,0,3,23.52,4,4,1,0,22.9,0.2393,0.2785,136,5.568,61.12,24.06,25.28,0,0,0,1
PDF_07775,1,3,57.64,10,2,2,0,26.58,0.3029,0.1799,187,5.197,65.74,69.24,20.37,0,0,0,1
PDF_07776,0,3,3.08,5,1,1,0,28.59,0.1161,0.2357,102,5.761,36.82,6.29,27.09,0,1,0,1
PDF_07777,3,2,49.52,10,12,2,0,34.88,0.3922,0.2274,182,8.0,80.92,62.73,40.67,0,0,0,1
PDF_07778,2,3,62.86,7,3,1,0,51.68,0.2337,0.3259,183,6.45,57.13,85.19,25.11,0,0,0,1
PDF_07779,1,2,45.35,8,4,2,0,29.9,0.4537,0.3293,137,6.408,43.4,43.13,85.06,1,0,0,1
PDF_07780,2,4,61.1,11,5,2,1,62.73,0.259,0.289,180,5.479,73.64,56.99,36.76,0,1,0,1
PDF_07781,0,2,19.2,5,0,1,0,1.83,0.1763,0.111,103,6.156,7.77,11.73,33.35,0,0,1,1
PDF_07782,0,1,17.34,2,4,1,0,3.09,0.2505,0.2004,80,4.664,39.8,30.7,25.18,0,0,0,1
PDF_07783,2,1,19.81,2,6,0,1,20.59,0.2799,0.2738,122,5.82,23.7,2.11,11.67,0,1,0,1
PDF_07784,1,2,21.27,7,6,1,0,0.0,0.2473,0.2506,68,5.944,14.61,24.79,12.93,0,0,0,1
PDF_07785,1,3,13.36,5,5,2,1,21.2,0.2037,0.1994,150,5.112,41.76,4.84,12.86,0,1,0,1
PDF_07786,0,3,1.12,1,4,0,0,36.62,0.1737,0.2654,56,5.449,0.0,0.0,8.35,0,1,1,1
PDF_07787,1,2,25.04,7,6,1,0,24.68,0.32,0.3695,110,5.051,67.23,30.6,67.18,1,0,0,1
PDF_07788,1,2,28.65,6,4,2,0,30.72,0.2203,0.2463,132,6.152,36.14,29.19,38.3,0,1,0,1
PDF_07789,0,2,11.12,2,0,1,0,0.0,0.1927,0.1935,98,6.364,24.6,14.57,18.28,0,0,0,1
PDF_07790,0,2,3.38,0,3,1,0,6.56,0.3329,0.3897,115,5.56,9.7,1.07,66.32,1,0,1,1
PDF_07791,1,3,70.91,9,9,1,0,46.8,0.3628,0.3045,177,5.945,83.23,71.37,43.28,0,0,0,1
PDF_07792,1,2,22.49,4,1,1,0,16.26,0.1887,0.1417,93,5.664,18.98,26.14,18.45,0,0,0,1
PDF_07793,0,2,25.51,9,4,0,0,12.57,0.2286,0.1918,131,5.448,59.9,17.65,8.75,0,0,0,1
PDF_07794,2,3,39.28,8,7,1,0,64.81,0.3593,0.1313,160,5.554,57.78,43.45,35.57,0,1,0,1
PDF_07795,0,3,31.05,2,5,1,1,44.62,0.3594,0.3487,192,5.354,47.23,16.1,66.05,1,0,0,1
PDF_07796,0,3,0.0,2,0,0,0,0.0,0.1444,0.1165,48,5.704,10.73,0.0,0.0,0,0,1,1
PDF_07797,1,2,39.87,4,10,4,0,2.74,0.2635,0.1908,111,5.529,50.53,42.13,26.71,0,0,0,1
PDF_07798,1,2,32.51,5,5,2,0,41.52,0.2566,0.2692,119,5.731,67.6,27.3,43.22,0,1,0,1
PDF_07799,1,2,0.0,4,3,1,0,0.0,0.1342,0.1157,85,4.944,0.0,0.0,0.0,0,0,0,1
PDF_07800,2,1,49.91,12,7,1,0,34.34,0.4721,0.488,163,5.082,81.13,74.17,91.79,1,1,0,1
PDF_07801,0,1,0.0,1,3,1,0,48.76,0.187,0.1257,38,4.696,21.2,21.64,21.72,0,1,0,1
PDF_07802,0,3,29.36,7,5,1,0,26.21,0.1952,0.2571,121,6.789,28.99,20.23,44.28,0,0,1,1
PDF_07803,1,3,31.66,6,6,2,0,16.63,0.2364,0.1899,117,6.434,58.29,13.94,11.54,0,0,0,1
PDF_07804,1,2,17.68,7,3,2,1,27.05,0.2019,0.2584,72,5.894,59.11,18.74,26.6,0,0,0,1
PDF_07805,2,2,43.39,7,5,2,0,55.97,0.2424,0.168,123,5.581,52.05,48.45,26.57,0,1,0,1
PDF_07806,1,2,19.1,5,1,1,0,2.92,0.1736,0.1822,141,6.477,35.73,29.39,27.27,0,0,1,1
PDF_07807,1,2,11.3,5,5,2,1,18.65,0.1518,0.2241,137,6.225,33.39,22.23,29.84,0,1,0,1
PDF_07808,2,2,24.52,2,5,0,1,24.85,0.1784,0.156,112,4.415,30.47,10.05,14.93,0,1,0,1
PDF_07809,1,1,88.23,8,5,1,0,32.52,0.3849,0.2867,159,7.14,70.04,75.49,25.39,0,0,0,1
PDF_07810,0,2,6.75,0,1,0,0,32.89,0.3375,0.3947,133,5.395,12.7,7.11,67.77,1,1,1,1
PDF_07811,1,3,9.71,4,3,0,0,0.0,0.1539,0.1729,79,6.051,41.35,32.46,16.2,0,0,0,1
PDF_07812,2,3,62.93,3,4,3,0,30.22,0.2484,0.2141,130,5.966,61.38,15.89,37.4,0,0,0,1
PDF_07813,1,1,23.14,3,5,0,0,20.0,0.2581,0.2714,122,5.582,34.7,6.46,27.73,0,0,1,1
PDF_07814,0,2,53.24,7,4,2,0,11.75,0.3457,0.3323,102,6.69,44.71,39.81,20.33,0,0,0,1
PDF_07815,3,3,35.84,10,7,2,0,28.24,0.2573,0.2825,99,6.729,74.55,51.07,55.75,0,0,0,1
PDF_07816,2,3,28.45,5,3,2,0,18.51,0.2856,0.3264,136,5.028,12.14,21.92,76.97,1,0,0,1
PDF_07817,1,3,22.76,5,5,1,1,57.37,0.2721,0.2983,114,6.438,48.84,56.75,27.48,0,1,0,1
PDF_07818,0,1,57.34,8,7,1,0,57.94,0.3854,0.2971,162,6.647,83.02,60.27,39.15,0,1,0,1
PDF_07819,1,3,33.41,7,8,2,0,36.2,0.3004,0.2186,141,5.228,69.91,37.59,39.94,0,0,0,1
PDF_07820,2,3,50.4,7,6,2,1,57.85,0.3792,0.3012,131,6.497,67.23,47.92,28.36,0,1,0,1
PDF_07821,2,2,62.24,13,9,2,0,37.29,0.2989,0.3472,161,6.068,70.66,73.57,32.68,0,0,0,1
PDF_07822,2,3,63.84,8,7,2,1,20.27,0.2799,0.2657,136,5.801,38.46,52.23,29.87,0,0,0,1
PDF_07823,1,2,23.5,7,3,1,0,13.17,0.2387,0.1399,125,4.704,34.3,20.91,0.17,0,0,0,1
PDF_07824,1,2,43.87,4,6,2,0,33.82,0.3022,0.1701,111,5.602,62.93,31.74,12.4,0,0,0,1
PDF_07825,1,2,3.27,4,0,1,1,0.92,0.1082,0.2399,53,5.489,20.36,0.0,16.8,0,0,0,1
PDF_07826,1,3,26.27,0,0,1,0,20.83,0.1919,0.2364,130,5.103,27.77,18.47,34.04,0,0,1,1
PDF_07827,1,2,53.54,5,5,2,1,52.69,0.1598,0.2258,125,5.163,32.38,26.0,16.97,0,1,0,1
PDF_07828,2,2,42.75,8,4,1,0,77.52,0.3372,0.2206,158,6.113,51.33,14.31,48.27,0,1,0,1
PDF_07829,0,2,30.06,5,5,1,0,6.75,0.2407,0.21,64,6.654,31.07,26.95,33.44,0,0,0,1
PDF_07830,1,3,33.29,6,5,2,0,0.0,0.3939,0.3879,213,5.489,74.21,53.93,75.39,1,0,0,1
PDF_07831,1,2,32.31,5,8,2,0,25.51,0.1987,0.2931,89,5.719,51.39,35.89,39.63,0,0,0,1
PDF_07832,1,1,35.58,5,5,2,0,14.27,0.1409,0.1559,94,6.001,42.86,31.52,27.91,0,0,0,1
PDF_07833,2,3,28.64,4,4,1,0,52.67,0.2859,0.1592,129,6.578,39.13,30.11,30.83,0,1,1,1
PDF_07834,1,1,0.0,5,4,1,0,0.0,0.1398,0.2218,38,5.118,19.56,0.0,13.81,0,0,0,1
PDF_07835,1,2,34.45,7,3,1,0,0.0,0.3317,0.3942,134,5.932,27.07,34.5,67.06,1,0,0,1
PDF_07836,1,3,32.26,5,3,0,1,0.0,0.1822,0.2192,113,5.599,44.66,19.17,16.91,0,0,0,1
PDF_07837,1,2,10.63,4,4,0,0,12.15,0.2379,0.1862,86,3.51,8.93,14.4,19.23,0,0,1,1
PDF_07838,1,2,21.77,5,3,1,0,21.58,0.3061,0.3174,143,6.888,37.78,32.04,38.18,0,0,1,1
PDF_07839,1,1,24.8,6,2,1,0,16.0,0.1676,0.2003,63,4.993,34.7,10.32,12.17,0,0,0,1
PDF_07840,2,3,51.83,5,4,2,0,45.45,0.3334,0.4838,141,5.538,33.86,45.74,96.4,1,1,0,1
PDF_07841,2,1,28.12,6,5,0,1,21.13,0.3796,0.4606,140,5.873,22.34,20.95,62.47,1,0,1,1
PDF_07842,2,2,23.74,3,2,1,0,11.77,0.1965,0.1981,106,5.311,24.71,26.21,17.53,0,0,1,1
PDF_07843,1,1,48.0,6,5,2,0,51.78,0.2337,0.2227,120,6.47,56.89,29.02,27.59,0,1,0,1
PDF_07844,2,3,42.77,6,3,0,0,51.98,0.3068,0.212,162,4.895,40.34,35.18,25.84,0,1,1,1
PDF_07845,2,3,15.73,8,4,0,0,5.18,0.2612,0.1416,124,6.135,39.07,30.42,30.03,0,0,0,1
PDF_07846,0,3,38.01,4,8,1,0,14.58,0.1242,0.1914,101,5.864,34.21,8.44,20.44,0,0,0,1
PDF_07847,3,3,48.7,7,8,1,0,26.15,0.2892,0.3531,146,6.419,57.22,33.8,54.66,0,0,0,1
PDF_07848,1,2,35.49,6,3,1,0,47.97,0.2368,0.0382,116,6.742,36.33,32.78,21.25,0,1,0,1
PDF_07849,1,2,38.05,5,6,2,0,9.09,0.2793,0.1919,131,7.295,59.45,26.69,21.59,0,0,0,1
PDF_07850,1,1,16.03,3,3,0,0,16.78,0.2755,0.3539,83,6.542,19.58,15.54,66.4,1,0,0,1
PDF_07851,0,1,10.05,4,6,2,1,4.09,0.1144,0.1825,43,4.48,30.57,3.13,5.04,0,0,0,1
PDF_07852,1,2,20.24,5,5,1,0,4.28,0.3031,0.3197,101,6.231,33.13,23.94,27.12,0,0,1,1
PDF_07853,1,2,52.0,10,11,3,0,17.17,0.2333,0.2903,140,6.278,43.42,52.27,41.36,0,0,0,1
PDF_07854,1,2,57.29,7,3,1,0,52.22,0.3236,0.4725,138,7.097,41.56,31.95,74.63,1,1,0,1
PDF_07855,2,3,66.97,9,9,2,0,18.89,0.2383,0.3407,141,5.928,60.53,69.72,25.21,0,0,0,1
PDF_07856,0,2,48.69,9,3,0,1,6.93,0.286,0.2061,101,4.779,45.64,9.58,24.53,0,0,0,1
PDF_07857,1,2,32.99,10,5,0,1,15.69,0.2918,0.2427,98,5.495,30.6,25.75,8.96,0,0,0,1
PDF_07858,1,2,19.85,9,4,0,1,22.89,0.3087,0.4688,148,4.72,36.32,35.37,62.42,1,0,0,1
PDF_07859,1,2,55.12,11,10,1,0,41.88,0.1908,0.1709,96,5.924,25.8,30.52,23.14,0,1,0,1
PDF_07860,2,3,33.23,9,8,2,0,49.07,0.2203,0.2453,133,4.846,63.02,41.39,25.94,0,1,0,1
PDF_07861,1,2,17.97,5,2,0,0,6.1,0.2792,0.1849,149,5.693,25.92,15.7,6.74,0,0,1,1
PDF_07862,3,2,45.83,11,7,3,1,54.62,0.2414,0.2659,104,6.655,71.3,30.37,44.19,0,1,0,1
PDF_07863,3,2,53.85,8,5,1,0,64.43,0.2791,0.1959,128,6.351,42.76,35.08,50.85,0,1,0,1
PDF_07864,2,2,15.42,7,0,1,0,0.0,0.1685,0.1702,94,4.891,41.47,11.82,27.82,0,0,0,1
PDF_07865,2,2,30.01,5,2,2,0,11.9,0.3468,0.2157,153,6.48,27.39,31.46,31.91,0,0,0,1
PDF_07866,2,3,28.45,6,5,1,0,76.22,0.4094,0.3783,173,6.685,55.76,50.01,71.79,1,1,1,1
PDF_07867,1,1,10.02,6,2,0,0,9.72,0.2256,0.0965,154,6.661,25.81,38.71,53.81,0,0,1,1
PDF_07868,1,2,25.05,7,5,1,1,44.14,0.3254,0.1733,133,5.524,43.55,23.18,46.06,0,1,0,1
PDF_07869,1,2,42.25,7,8,0,0,38.71,0.2531,0.1747,118,5.175,56.53,9.01,19.28,0,1,0,1
PDF_07870,0,4,61.89,10,6,2,0,32.21,0.3198,0.2312,140,5.556,50.23,47.49,24.9,0,0,0,1
PDF_07871,2,2,49.56,11,8,2,0,30.91,0.2835,0.2345,146,6.185,50.7,57.47,43.42,0,0,0,1
PDF_07872,1,2,49.52,8,3,1,1,7.14,0.2302,0.1665,102,5.878,32.32,26.54,0.0,0,0,0,1
PDF_07873,0,2,26.29,7,5,2,0,0.0,0.1291,0.0851,80,4.644,58.94,30.4,23.12,0,0,0,1
PDF_07874,1,2,33.32,6,3,1,0,0.0,0.2493,0.1481,99,6.549,53.17,29.43,21.63,0,0,0,1
PDF_07875,1,2,65.55,10,12,3,0,25.53,0.3898,0.4202,156,6.164,66.76,60.72,88.31,1,0,0,1
PDF_07876,0,2,13.76,1,6,2,0,42.09,0.2128,0.259,77,5.605,23.11,33.56,22.05,0,1,0,1
PDF_07877,0,3,7.32,6,2,1,1,21.64,0.2621,0.1468,145,6.267,46.6,26.7,0.0,0,0,0,1
PDF_07878,2,2,44.88,9,6,2,0,60.88,0.267,0.1781,114,5.897,51.66,47.45,38.63,0,1,0,1
PDF_07879,3,2,34.27,6,2,1,0,8.27,0.2328,0.1978,119,6.396,42.12,45.82,10.13,0,0,0,1
PDF_07880,1,1,0.0,5,0,1,0,38.0,0.1318,0.135,81,4.589,31.75,7.23,28.18,0,1,0,1
PDF_07881,0,2,10.73,6,2,0,0,0.0,0.2131,0.3258,132,5.697,38.74,16.49,18.13,0,0,0,1
PDF_07882,0,1,24.51,6,4,2,0,0.0,0.1964,0.1774,109,6.38,0.35,3.13,26.59,0,0,0,1
PDF_07883,0,1,22.28,4,5,1,0,12.17,0.2628,0.2824,144,5.931,42.35,19.87,13.98,0,0,1,1
PDF_07884,1,3,7.08,4,6,0,0,6.65,0.2478,0.0969,107,5.175,42.15,10.31,25.88,0,0,0,1
PDF_07885,0,3,26.88,5,6,1,1,24.71,0.2411,0.2177,136,6.006,40.51,37.89,23.87,0,0,0,1
PDF_07886,1,2,27.19,6,5,2,0,3.04,0.3014,0.2453,98,6.424,26.03,21.97,47.75,0,0,0,1
PDF_07887,1,1,29.71,9,2,0,0,4.09,0.2135,0.2463,122,6.476,52.22,11.31,25.47,0,0,0,1
PDF_07888,1,2,36.18,9,3,2,0,16.19,0.2598,0.2688,89,5.185,62.97,41.02,42.59,0,0,0,1
PDF_07889,1,2,6.8,5,2,2,0,22.44,0.1743,0.1488,110,5.4,28.75,19.21,11.61,0,1,0,1
PDF_07890,1,2,3.72,2,3,1,0,8.57,0.3285,0.3522,111,5.234,36.34,0.21,72.35,1,0,0,1
PDF_07891,1,3,56.33,4,6,2,0,12.96,0.2718,0.2315,153,5.703,62.3,57.06,36.7,0,0,0,1
PDF_07892,1,3,60.84,10,6,2,0,64.95,0.3056,0.186,116,6.755,46.35,45.82,27.23,0,1,0,1
PDF_07893,3,2,59.94,8,11,2,0,9.98,0.2933,0.1733,167,7.32,73.1,41.34,36.41,0,0,0,1
PDF_07894,3,2,61.92,11,12,1,0,39.36,0.3053,0.2775,133,6.067,69.47,64.1,51.11,0,0,0,1
PDF_07895,1,2,41.5,6,4,1,0,34.12,0.3047,0.2407,86,5.025,25.27,22.58,17.35,0,0,0,1
PDF_07896,0,1,27.37,5,2,2,0,34.25,0.2283,0.4407,133,5.674,48.79,32.69,62.59,1,1,0,1
PDF_07897,1,2,24.23,1,4,0,0,20.46,0.1599,0.1684,128,5.995,28.41,20.24,16.79,0,0,1,1
PDF_07898,2,2,15.98,4,3,3,0,55.97,0.1606,0.2254,132,5.375,22.35,13.67,12.62,0,1,0,1
PDF_07899,2,2,42.27,7,4,3,0,64.91,0.2599,0.2393,171,5.484,51.17,46.81,43.64,0,1,0,1
PDF_07900,2,2,2.79,5,6,1,0,8.62,0.2614,0.2394,111,6.122,48.15,9.43,49.22,0,0,0,1
PDF_07901,2,1,20.79,4,3,0,0,29.21,0.2201,0.2216,82,6.099,21.96,5.18,34.17,0,1,0,1
PDF_07902,2,2,34.22,8,4,2,0,26.45,0.316,0.5188,154,6.244,49.58,39.59,60.97,1,0,0,1
PDF_07903,0,2,9.8,1,2,0,1,1.31,0.2673,0.3313,86,4.35,0.0,1.83,75.11,1,0,1,1
PDF_07904,2,2,59.41,9,3,2,0,36.33,0.3232,0.3122,136,5.841,53.45,63.42,37.28,0,0,0,1
PDF_07905,1,1,20.43,7,3,1,0,18.7,0.263,0.1567,138,4.76,13.14,42.25,32.17,0,0,0,1
PDF_07906,2,1,29.56,5,2,1,1,8.71,0.2967,0.4501,86,6.44,25.01,12.18,77.87,1,0,0,1
PDF_07907,0,2,46.24,10,5,1,0,27.34,0.3497,0.2075,97,6.125,52.51,36.4,31.95,0,0,0,1
PDF_07908,0,2,30.59,4,6,1,0,15.81,0.1997,0.1762,13,5.942,39.56,11.56,20.41,0,0,0,1
PDF_07909,1,3,65.25,8,5,3,0,38.15,0.2609,0.2266,123,5.862,74.58,93.76,55.55,0,0,0,1
PDF_07910,0,2,33.89,5,6,1,0,13.15,0.2579,0.2267,114,5.752,39.44,36.71,22.25,0,0,0,1
PDF_07911,0,2,32.86,3,2,2,0,20.61,0.2402,0.1946,110,5.589,27.95,14.67,24.38,0,0,0,1
PDF_07912,0,1,35.31,7,5,0,0,74.05,0.2116,0.2073,93,5.984,33.16,15.48,8.41,0,1,0,1
PDF_07913,2,3,40.78,9,8,2,0,50.35,0.383,0.2938,208,6.234,47.06,50.34,54.77,0,0,1,1
PDF_07914,0,4,15.28,3,4,0,0,35.82,0.1553,0.196,87,5.519,21.26,4.42,23.44,0,1,0,1
PDF_07915,1,3,25.81,5,1,0,0,0.5,0.2922,0.2833,113,5.271,31.13,36.22,17.8,0,0,0,1
PDF_07916,2,2,13.43,5,3,1,0,67.52,0.262,0.1821,158,5.992,18.94,21.18,35.23,0,1,1,1
PDF_07917,3,3,37.78,7,8,3,0,30.82,0.3049,0.2671,174,5.981,53.53,59.04,25.27,0,0,0,1
PDF_07918,0,1,9.0,3,1,0,0,11.43,0.2135,0.1942,79,5.391,20.41,15.67,14.28,0,0,1,1
PDF_07919,1,3,26.3,6,3,0,0,64.07,0.1965,0.146,133,5.701,46.56,38.23,28.93,0,1,1,1
PDF_07920,1,1,61.83,6,3,1,0,19.16,0.226,0.1317,110,5.661,20.03,41.72,19.85,0,0,0,1
PDF_07921,0,3,49.11,6,4,1,0,7.38,0.2638,0.2375,93,5.423,62.2,38.55,32.9,0,0,0,1
PDF_07922,1,1,26.73,9,5,0,0,8.2,0.3452,0.4066,176,6.206,35.75,45.1,71.23,1,0,1,1
PDF_07923,3,2,32.34,7,3,0,0,24.03,0.2647,0.3139,119,6.814,36.84,41.18,30.17,0,0,1,1
PDF_07924,1,3,37.44,6,7,1,0,6.77,0.1466,0.1366,103,5.477,45.48,13.65,0.0,0,0,0,1
PDF_07925,2,1,26.57,7,0,0,0,5.59,0.2881,0.4188,158,6.119,24.91,27.11,63.3,1,0,1,1
PDF_07926,1,3,25.99,6,1,1,0,44.16,0.2231,0.1597,88,5.138,61.5,27.13,22.56,0,1,0,1
PDF_07927,1,1,44.32,6,6,0,0,41.63,0.2855,0.1741,120,6.528,50.98,41.3,21.97,0,1,0,1
PDF_07928,2,1,20.92,5,2,0,0,14.68,0.2829,0.1837,144,6.037,39.1,35.92,11.3,0,0,1,1
PDF_07929,1,2,63.4,5,7,2,0,39.56,0.2797,0.2838,148,6.817,84.06,64.64,47.31,0,0,0,1
PDF_07930,1,2,31.88,5,1,1,0,0.78,0.2849,0.3851,78,5.412,40.64,0.0,67.07,1,0,0,1
PDF_07931,0,2,21.67,3,2,2,0,0.0,0.1655,0.1831,51,6.455,37.57,5.02,5.66,0,0,0,1
PDF_07932,1,3,24.13,6,1,1,0,25.04,0.38,0.2387,141,5.672,28.51,34.31,63.99,0,0,1,1
PDF_07933,0,1,21.86,5,2,1,0,11.6,0.2158,0.1843,126,6.756,25.78,28.6,19.65,0,0,0,1
PDF_07934,1,1,16.03,3,4,1,0,11.11,0.2534,0.2464,102,7.093,29.18,12.54,16.01,0,0,0,1
PDF_07935,2,2,29.65,6,4,1,0,18.24,0.1911,0.1262,25,7.005,16.28,3.16,2.99,0,0,0,1
PDF_07936,2,3,41.07,6,2,0,1,33.94,0.3871,0.4736,158,5.797,58.8,34.36,82.07,1,0,0,1
PDF_07937,2,2,1.22,5,1,1,0,7.25,0.1782,0.1759,121,5.799,31.69,6.28,13.66,0,0,0,1
PDF_07938,1,3,32.92,5,3,2,0,54.88,0.3741,0.4307,145,5.739,45.12,8.41,62.77,1,1,0,1
PDF_07939,1,2,32.85,5,4,1,0,0.04,0.1603,0.1999,124,5.078,56.39,7.13,21.16,0,0,0,1
PDF_07940,0,3,66.83,6,5,2,0,0.0,0.2584,0.2023,138,6.595,58.69,40.81,29.63,0,0,0,1
PDF_07941,1,2,34.4,8,4,2,0,14.49,0.2016,0.1017,67,6.348,39.77,37.32,30.87,0,0,0,1
PDF_07942,3,2,32.09,8,5,3,0,38.91,0.2899,0.1959,113,5.894,50.91,53.81,14.31,0,1,0,1
PDF_07943,1,2,18.67,7,2,0,1,16.02,0.2332,0.181,163,4.97,38.98,37.48,22.45,0,0,0,1
PDF_07944,1,2,28.71,7,6,1,0,61.98,0.3485,0.3386,138,6.138,37.97,21.49,74.69,1,1,0,1
PDF_07945,2,3,75.42,10,10,2,0,53.23,0.4011,0.4241,196,5.706,32.75,51.14,75.36,1,0,0,1
PDF_07946,0,1,32.28,2,0,1,0,9.88,0.3104,0.4483,88,6.865,25.55,23.36,57.79,1,0,0,1
PDF_07947,0,2,30.3,9,4,0,0,17.1,0.2347,0.3195,136,5.747,49.44,42.34,8.14,0,0,0,1
PDF_07948,2,3,30.12,7,3,2,1,42.02,0.2304,0.1776,156,5.252,51.6,45.29,28.68,0,1,0,1
PDF_07949,1,2,34.49,2,2,1,0,0.0,0.1938,0.1636,87,5.705,60.53,18.9,27.95,0,0,0,1
PDF_07950,0,2,24.17,5,4,0,0,0.0,0.2,0.2197,69,6.325,31.61,21.6,24.87,0,0,0,1
PDF_07951,2,2,24.84,5,3,1,0,17.15,0.2463,0.264,65,5.264,33.57,38.78,34.17,0,0,0,1
PDF_07952,1,1,8.73,3,4,0,0,8.41,0.2472,0.2065,95,4.985,29.13,18.0,33.41,0,0,1,1
PDF_07953,0,1,0.0,1,2,0,0,0.0,0.105,0.0701,48,5.09,10.92,0.0,0.0,0,0,1,1
PDF_07954,2,2,37.18,6,3,1,0,37.3,0.1796,0.2551,102,6.365,32.04,29.74,28.49,0,1,0,1
PDF_07955,1,2,13.6,6,7,1,0,0.0,0.306,0.4609,115,5.375,29.58,20.24,75.63,1,0,0,1
PDF_07956,1,2,28.08,2,1,0,0,29.66,0.1792,0.2013,122,5.866,25.48,12.5,14.6,0,0,1,1
PDF_07957,2,2,35.78,6,5,1,0,12.96,0.2239,0.2269,133,6.507,58.52,50.88,16.17,0,0,0,1
PDF_07958,2,3,28.64,8,3,1,0,29.57,0.36,0.4551,113,5.496,27.47,35.44,85.34,1,0,1,1
PDF_07959,0,2,0.0,1,4,2,0,0.0,0.1746,0.1151,27,4.985,17.95,0.0,0.64,0,0,0,1
PDF_07960,1,3,33.99,6,6,1,0,8.9,0.3815,0.4295,114,5.146,44.56,34.11,70.79,1,0,0,1
PDF_07961,1,1,26.43,4,2,1,1,0.0,0.1921,0.2107,90,5.68,40.16,19.3,58.12,0,0,1,1
PDF_07962,0,2,47.05,8,3,2,0,28.24,0.2254,0.2716,93,7.067,83.49,20.16,30.01,0,0,0,1
PDF_07963,3,2,10.76,5,2,0,0,65.74,0.1747,0.2457,88,6.206,41.39,0.92,17.89,0,1,0,1
PDF_07964,2,2,73.12,12,6,2,0,27.2,0.3456,0.2681,164,6.53,69.53,66.2,47.06,0,0,0,1
PDF_07965,1,3,30.69,3,4,2,0,72.1,0.2984,0.2364,161,8.0,50.08,36.01,28.41,0,1,1,1
PDF_07966,2,2,35.52,6,2,1,0,33.73,0.2313,0.2073,133,5.499,84.89,42.85,20.27,0,0,0,1
PDF_07967,2,2,26.61,3,3,0,0,19.73,0.3992,0.4651,163,6.436,46.96,34.04,97.51,1,0,1,1
PDF_07968,0,2,6.69,2,0,0,0,0.0,0.2916,0.3917,119,5.113,18.62,6.02,66.51,1,0,1,1
PDF_07969,2,3,35.33,7,3,1,0,55.44,0.2038,0.272,97,5.117,49.62,32.12,14.09,0,1,0,1
PDF_07970,0,2,0.0,1,3,1,0,0.0,0.2232,0.3953,139,7.459,39.56,3.1,65.96,1,0,0,1
PDF_07971,0,2,25.99,6,5,2,0,16.67,0.2613,0.2984,63,5.151,35.8,12.6,36.87,0,0,0,1
PDF_07972,2,1,32.49,5,2,2,0,12.81,0.2998,0.2687,181,6.819,33.62,49.65,22.63,0,0,1,1
PDF_07973,2,2,35.98,9,4,0,1,63.55,0.2172,0.0804,134,5.506,37.7,38.03,36.74,0,1,0,1
PDF_07974,0,2,6.14,0,1,1,0,17.16,0.1094,0.117,7,5.326,27.5,0.0,14.9,0,1,0,1
PDF_07975,2,3,39.61,8,7,1,0,31.16,0.229,0.2466,162,5.692,42.85,57.16,31.55,0,0,1,1
PDF_07976,1,2,3.3,4,5,0,0,0.0,0.1891,0.1034,135,5.906,22.68,14.18,30.74,0,0,1,1
PDF_07977,2,3,0.0,4,4,0,0,22.86,0.1888,0.0542,48,5.733,7.78,0.0,0.0,0,1,1,1
PDF_07978,1,1,0.0,0,4,0,0,21.34,0.2238,0.1619,109,6.174,29.62,19.58,5.41,0,0,0,1
PDF_07979,2,1,21.62,2,2,1,0,5.1,0.1104,0.2105,78,5.768,53.64,14.12,1.24,0,0,0,1
PDF_07980,2,1,35.56,3,4,1,0,2.71,0.2705,0.2474,142,5.905,40.03,33.56,38.61,0,0,0,1
PDF_07981,0,3,19.48,2,0,1,0,24.39,0.3167,0.3472,121,5.171,14.58,21.25,70.89,1,0,1,1
PDF_07982,0,2,1.51,1,5,0,0,0.0,0.2393,0.3878,112,6.391,2.63,6.08,61.84,1,0,1,1
PDF_07983,3,2,56.54,11,8,1,0,64.89,0.2655,0.2031,149,5.788,30.75,53.77,28.49,0,1,0,1
PDF_07984,0,2,16.16,1,0,1,0,15.11,0.3212,0.3959,143,5.172,17.68,19.37,62.71,1,0,1,1
PDF_07985,2,3,40.23,9,5,0,0,59.07,0.3682,0.3781,172,5.967,25.49,25.21,84.01,1,1,1,1
PDF_07986,0,3,33.48,4,5,0,0,43.62,0.3179,0.2224,104,5.801,64.62,24.99,16.68,0,1,0,1
PDF_07987,0,2,57.89,7,5,1,0,20.23,0.3609,0.4095,159,5.662,43.16,18.64,67.99,1,1,0,1
PDF_07988,2,3,38.7,8,7,2,0,36.43,0.2845,0.2519,148,6.435,63.98,52.71,39.43,0,0,0,1
PDF_07989,0,2,17.65,5,0,0,0,12.88,0.2064,0.246,132,5.153,25.0,3.88,27.55,0,0,1,1
PDF_07990,1,2,27.02,8,0,0,1,68.04,0.1616,0.2507,139,5.506,21.54,17.96,11.82,0,1,1,1
PDF_07991,1,2,21.1,4,2,0,1,8.04,0.2717,0.1902,69,5.673,30.31,34.82,33.69,0,0,1,1
PDF_07992,1,2,27.55,6,6,1,0,43.86,0.2368,0.1196,85,5.781,44.43,27.47,32.6,0,1,0,1
PDF_07993,1,3,48.95,6,3,1,0,1.05,0.366,0.4627,169,5.583,42.21,15.47,58.71,1,0,0,1
PDF_07994,0,2,11.47,6,3,0,0,6.44,0.2315,0.3983,107,5.115,22.18,4.61,55.05,1,1,0,1
PDF_07995,1,2,44.02,9,8,2,0,29.8,0.2825,0.3047,122,5.978,49.94,28.66,42.02,0,0,0,1
PDF_07996,0,2,4.21,2,3,0,0,0.0,0.0567,0.1134,14,5.129,0.0,0.12,1.78,0,0,1,1
PDF_07997,1,1,33.19,5,5,1,0,16.46,0.2614,0.2236,114,6.458,37.13,17.57,33.15,0,0,0,1
PDF_07998,1,2,7.4,2,1,0,0,31.66,0.2405,0.1619,67,6.937,30.61,10.83,17.45,0,0,1,1
PDF_07999,1,3,45.63,9,5,1,0,68.94,0.3256,0.2587,142,5.516,53.57,61.58,21.13,0,1,0,1
PDF_08000,0,3,26.96,6,6,1,0,60.87,0.2198,0.2114,151,7.481,78.64,15.4,17.54,0,1,0,1
PDF_08001,1,2,61.64,12,3,1,0,71.17,0.3201,0.4282,156,6.064,53.5,50.73,81.22,1,1,0,1
PDF_08002,2,2,69.71,9,8,2,0,47.99,0.3089,0.2929,129,5.742,54.51,50.78,32.25,0,1,0,1
PDF_08003,1,2,30.94,8,6,2,0,7.05,0.1152,0.2305,71,4.173,39.4,18.39,22.46,0,0,0,1
PDF_08004,0,1,14.56,4,7,3,0,12.39,0.3086,0.2211,129,5.437,48.01,19.12,3.54,0,0,0,1
PDF_08005,1,1,14.59,3,3,0,0,40.9,0.1514,0.1655,94,6.042,30.71,7.66,27.28,0,1,0,1
PDF_08006,2,3,66.67,11,9,3,0,25.24,0.2685,0.2572,153,6.354,61.09,51.5,27.69,0,0,0,1
PDF_08007,4,2,25.28,6,1,1,0,53.68,0.2905,0.2163,78,5.163,37.07,40.85,15.38,0,1,1,1
PDF_08008,2,1,33.62,9,6,0,0,23.03,0.2848,0.3034,134,5.784,36.06,28.93,17.89,0,0,1,1
PDF_08009,1,3,51.75,9,4,2,0,54.97,0.3143,0.2425,194,5.614,70.79,40.39,28.21,0,0,0,1
PDF_08010,0,1,12.67,3,0,1,0,0.0,0.2093,0.2517,67,6.441,36.7,13.73,25.1,0,0,1,1
PDF_08011,0,1,10.63,2,1,0,0,8.19,0.2162,0.2159,111,5.952,19.66,19.13,32.99,0,0,1,1
PDF_08012,0,2,15.92,5,3,0,0,46.81,0.2205,0.2155,81,5.633,14.98,15.59,14.55,0,1,1,1
PDF_08013,1,3,24.08,8,5,2,0,0.0,0.2322,0.2817,122,4.69,35.39,24.95,15.38,0,0,0,1
PDF_08014,1,2,21.44,5,4,2,0,47.28,0.2948,0.374,110,5.803,45.65,9.12,75.92,1,1,0,1
PDF_08015,1,3,42.7,6,5,1,0,17.06,0.2881,0.2155,128,6.769,66.25,51.17,25.2,0,0,0,1
PDF_08016,1,3,21.29,5,1,0,0,6.96,0.126,0.2397,117,5.307,44.17,14.3,27.41,0,0,1,1
PDF_08017,2,1,36.26,4,3,3,0,22.39,0.2428,0.2622,90,5.35,61.56,26.81,24.74,0,0,0,1
PDF_08018,2,3,38.97,5,6,1,0,13.65,0.2862,0.3007,103,5.223,77.64,43.77,30.09,0,0,0,1
PDF_08019,1,2,69.18,12,8,2,0,10.75,0.2994,0.1831,133,6.362,80.86,68.0,23.48,0,0,0,1
PDF_08020,0,1,24.59,3,2,0,1,42.53,0.2746,0.231,82,5.56,37.43,30.21,17.76,0,1,1,1
PDF_08021,1,3,42.0,5,5,2,0,23.75,0.2721,0.2582,121,6.483,55.63,46.46,29.73,0,0,0,1
PDF_08022,1,2,17.32,8,9,2,0,30.34,0.3216,0.4437,118,6.719,25.19,33.67,70.28,1,1,0,1
PDF_08023,2,2,47.33,9,6,2,0,22.8,0.2821,0.1462,95,6.743,62.42,61.85,25.42,0,0,0,1
PDF_08024,0,1,20.55,5,4,0,0,40.92,0.1954,0.1736,83,5.96,14.71,0.0,25.91,0,1,0,1
PDF_08025,1,1,60.61,5,5,1,0,28.97,0.3405,0.4763,159,4.697,63.23,21.7,79.76,1,0,0,1
PDF_08026,1,3,25.84,9,8,1,0,35.55,0.2507,0.2345,137,5.26,34.83,38.19,20.71,0,1,0,1
PDF_08027,1,1,16.31,3,3,0,0,33.22,0.3136,0.3531,79,4.766,57.27,11.98,62.77,1,1,0,1
PDF_08028,1,1,39.18,7,7,2,0,23.03,0.3309,0.4806,147,4.9,43.83,34.75,79.16,1,1,0,1
PDF_08029,2,1,31.42,7,6,2,0,56.59,0.3207,0.2464,145,5.519,61.54,51.33,24.18,0,1,0,1
PDF_08030,3,3,54.01,12,2,2,0,19.53,0.4228,0.4679,156,6.239,48.27,44.25,58.0,1,0,0,1
PDF_08031,0,3,29.1,6,7,2,1,38.48,0.2578,0.1975,89,6.148,41.5,21.98,26.78,0,1,0,1
PDF_08032,0,3,5.14,7,4,0,0,44.26,0.2164,0.2445,96,5.606,20.75,21.75,34.43,0,1,0,1
PDF_08033,3,3,36.04,9,4,0,1,40.96,0.3498,0.4642,186,5.806,43.23,38.06,82.65,1,0,1,1
PDF_08034,1,2,19.18,2,3,0,0,39.42,0.2063,0.3377,76,5.285,23.94,6.25,24.86,0,1,0,1
PDF_08035,3,3,48.54,7,6,3,0,38.77,0.3677,0.4214,131,6.911,63.63,41.72,78.57,1,0,0,1
PDF_08036,2,2,46.8,10,3,0,0,61.79,0.2883,0.1758,131,5.716,66.82,23.11,33.45,0,1,0,1
PDF_08037,1,1,0.0,6,2,0,0,0.0,0.2171,0.185,138,5.087,12.9,16.72,7.73,0,0,0,1
PDF_08038,3,2,45.53,9,6,2,0,60.48,0.266,0.2185,109,7.642,46.48,36.86,35.42,0,1,0,1
PDF_08039,1,3,7.42,4,4,0,0,7.03,0.1852,0.1692,122,5.736,20.35,17.89,11.25,0,0,1,1
PDF_08040,0,2,39.35,7,2,2,1,13.51,0.2331,0.1652,123,4.676,55.87,22.81,11.83,0,0,0,1
PDF_08041,0,2,3.76,0,0,0,0,53.96,0.2411,0.2886,129,6.01,16.4,19.01,19.09,0,1,1,1
PDF_08042,1,1,7.4,4,4,1,0,0.0,0.167,0.1371,89,5.698,22.95,14.24,13.36,0,0,0,1
PDF_08043,1,2,15.79,8,8,1,0,0.0,0.2207,0.2706,82,6.119,39.43,37.77,35.97,0,0,0,1
PDF_08044,2,3,100.0,8,8,2,0,65.23,0.4036,0.258,231,6.641,92.23,83.1,42.67,0,0,0,1
PDF_08045,0,1,45.1,3,0,2,0,18.02,0.2581,0.2341,65,7.027,36.21,20.62,22.94,0,0,0,1
PDF_08046,1,3,22.63,7,5,2,0,23.66,0.3029,0.3065,136,6.985,49.67,14.76,24.35,0,0,0,1
PDF_08047,0,1,9.87,3,3,1,0,3.53,0.2078,0.1486,83,5.483,24.45,8.4,10.62,0,0,0,1
PDF_08048,1,4,19.3,0,2,0,0,34.2,0.1135,0.1303,58,5.84,29.76,6.27,4.72,0,1,0,1
PDF_08049,2,2,58.72,8,4,1,0,20.56,0.3209,0.3172,139,6.007,56.48,56.27,18.99,0,0,0,1
PDF_08050,2,1,24.16,9,7,1,0,19.7,0.2975,0.2233,142,6.473,33.27,35.47,28.08,0,0,1,1
PDF_08051,1,2,31.84,4,1,2,0,3.35,0.1596,0.1829,122,6.185,45.04,21.49,22.85,0,0,0,1
PDF_08052,3,2,30.06,6,0,0,0,65.11,0.2404,0.2929,151,6.179,61.54,46.28,20.98,0,1,0,1
PDF_08053,1,3,37.92,3,10,2,1,43.51,0.2151,0.1733,148,5.725,46.07,28.42,31.87,0,1,0,1
PDF_08054,2,1,28.76,5,5,0,0,18.73,0.3863,0.1992,155,6.955,32.55,20.31,33.6,0,0,1,1
PDF_08055,2,3,51.87,3,7,2,0,31.1,0.378,0.4284,134,5.45,67.59,33.19,88.45,1,0,0,1
PDF_08056,1,3,47.06,12,10,2,0,42.73,0.2712,0.0774,115,6.288,71.62,63.24,34.07,0,1,0,1
PDF_08057,0,1,0.0,7,3,0,1,0.0,0.109,0.1202,23,4.353,11.57,0.0,0.0,0,0,0,1
PDF_08058,0,2,10.52,7,5,1,0,13.23,0.1893,0.2177,126,5.384,39.78,15.05,9.28,0,0,0,1
PDF_08059,2,2,42.1,7,4,2,1,32.59,0.2027,0.1446,136,4.677,55.63,55.81,45.9,0,0,0,1
PDF_08060,1,1,8.35,1,0,1,0,0.0,0.1573,0.2401,70,6.004,43.78,0.0,3.02,0,0,0,1
PDF_08061,1,2,18.7,6,2,1,0,3.08,0.1638,0.2706,94,5.206,19.6,13.44,34.3,0,0,0,1
PDF_08062,1,2,15.82,5,5,1,0,30.04,0.2606,0.1587,102,5.941,50.14,41.07,17.82,0,1,0,1
PDF_08063,2,3,16.32,9,9,1,0,27.45,0.2547,0.2394,148,5.849,57.0,42.26,29.82,0,0,0,1
PDF_08064,1,1,0.0,3,0,0,0,46.18,0.1954,0.1906,79,5.146,18.97,21.15,31.26,0,1,0,1
PDF_08065,1,2,17.61,5,4,1,1,62.86,0.1428,0.3511,91,5.304,29.02,12.01,36.9,0,1,1,1
PDF_08066,1,1,2.28,6,0,0,0,13.92,0.1358,0.1871,85,5.0,14.79,0.0,3.15,0,1,1,1
PDF_08067,2,2,25.3,3,4,0,0,68.42,0.2675,0.2076,104,5.627,39.56,33.42,22.79,0,1,1,1
PDF_08068,1,3,19.66,8,4,2,0,5.62,0.2682,0.1932,134,6.669,51.41,28.05,30.85,0,0,0,1
PDF_08069,3,2,72.28,10,4,1,1,44.79,0.3108,0.1993,136,6.236,53.52,60.14,50.23,0,0,0,1
PDF_08070,2,2,19.43,5,3,1,0,8.35,0.1889,0.2327,112,5.435,33.34,1.2,24.16,0,0,1,1
PDF_08071,2,1,0.0,2,5,1,0,34.07,0.1513,0.0263,47,6.469,6.81,0.0,6.42,0,1,0,1
PDF_08072,0,4,12.99,3,0,0,0,37.57,0.2613,0.3359,47,5.243,21.25,27.33,50.71,1,1,1,1
PDF_08073,1,2,22.67,2,7,0,0,23.23,0.2618,0.2244,122,4.186,20.11,8.9,25.92,0,0,1,1
PDF_08074,1,2,36.36,6,8,1,1,7.78,0.284,0.3574,119,6.374,27.34,42.76,60.56,1,0,0,1
PDF_08075,0,2,19.85,3,7,0,0,42.08,0.2888,0.1539,64,5.495,47.34,24.51,31.51,0,1,0,1
PDF_08076,4,3,49.27,11,9,1,0,63.42,0.3583,0.2466,176,6.192,46.11,59.1,37.74,0,0,1,1
PDF_08077,0,1,11.21,4,3,2,0,0.0,0.3644,0.4201,101,5.584,16.42,9.88,69.34,1,0,0,1
PDF_08078,0,4,24.13,9,4,2,0,17.92,0.271,0.2406,78,5.611,31.57,37.0,9.59,0,0,0,1
PDF_08079,3,2,40.06,9,5,2,0,32.11,0.439,0.4247,118,6.178,47.2,53.11,92.47,1,0,0,1
PDF_08080,2,3,56.29,9,7,2,0,5.44,0.3959,0.3063,135,5.334,74.57,65.35,45.29,0,0,0,1
PDF_08081,1,2,14.39,9,1,1,0,4.82,0.2156,0.2102,150,5.375,14.38,31.49,43.93,0,0,0,1
PDF_08082,2,2,30.32,7,7,1,1,12.05,0.3338,0.4107,157,6.21,70.39,43.76,72.32,1,0,0,1
PDF_08083,1,2,48.5,7,0,2,0,28.82,0.1906,0.2597,89,5.968,66.5,36.11,42.87,0,0,0,1
PDF_08084,0,2,40.58,7,3,2,0,19.18,0.1434,0.1574,153,4.958,36.75,20.5,44.0,0,0,0,1
PDF_08085,1,3,11.24,4,9,1,0,0.0,0.2343,0.2666,146,6.333,37.48,21.22,0.0,0,0,0,1
PDF_08086,2,1,37.54,8,3,1,0,12.79,0.2378,0.1518,70,5.744,57.63,38.85,27.86,0,0,0,1
PDF_08087,1,2,44.28,2,3,1,0,19.47,0.2658,0.1385,116,5.936,52.46,30.2,24.09,0,1,0,1
PDF_08088,2,2,59.32,8,8,2,1,30.79,0.3472,0.2773,201,5.942,61.61,84.49,27.58,0,0,0,1
PDF_08089,2,2,50.46,12,8,2,0,50.27,0.2989,0.2479,105,6.2,76.46,73.72,30.03,0,1,0,1
PDF_08090,0,3,15.91,4,0,3,0,45.68,0.1862,0.2986,71,6.337,51.1,24.32,28.46,0,1,0,1
PDF_08091,2,2,43.91,8,4,0,1,55.3,0.3341,0.4843,137,4.556,42.5,39.4,62.27,1,1,0,1
PDF_08092,2,2,26.89,8,8,1,0,7.58,0.3319,0.3916,146,5.212,60.33,19.45,68.31,1,0,0,1
PDF_08093,1,2,34.43,6,6,1,1,28.93,0.2681,0.1251,120,5.296,36.08,31.15,37.45,0,0,0,1
PDF_08094,2,2,31.02,2,5,3,0,54.29,0.2938,0.4204,99,5.963,50.02,30.22,71.43,1,1,0,1
PDF_08095,1,2,28.19,9,7,2,0,0.13,0.1785,0.1836,89,5.894,46.35,23.81,22.64,0,0,0,1
PDF_08096,0,2,0.0,4,0,0,0,23.89,0.1432,0.0902,70,4.818,15.31,4.65,12.08,0,1,0,1
PDF_08097,0,3,0.0,4,2,0,0,3.97,0.132,0.1956,82,5.064,25.55,0.28,13.34,0,0,0,1
PDF_08098,2,2,0.0,5,3,1,1,0.0,0.1376,0.1779,93,6.22,31.05,8.59,24.57,0,0,0,1
PDF_08099,4,3,89.85,11,10,0,0,29.32,0.258,0.257,183,6.92,63.09,47.08,33.67,0,0,0,1
PDF_08100,1,2,15.98,8,2,2,0,64.58,0.2182,0.3087,116,5.625,21.25,0.0,9.26,0,1,0,1
PDF_08101,1,2,25.91,3,5,0,0,23.3,0.195,0.1863,138,6.281,35.54,31.22,31.72,0,0,1,1
PDF_08102,1,2,25.01,6,7,2,0,19.88,0.2689,0.1248,138,6.35,29.3,37.8,29.96,0,0,1,1
PDF_08103,2,2,36.16,8,5,4,0,46.73,0.1816,0.2034,155,5.469,43.58,49.52,21.59,0,1,0,1
PDF_08104,1,1,28.7,5,4,0,0,30.3,0.1648,0.1979,85,5.039,28.75,9.72,6.09,0,1,0,1
PDF_08105,2,2,21.95,8,5,1,1,1.19,0.2729,0.1228,105,6.548,30.34,2.61,22.09,0,0,0,1
PDF_08106,2,2,38.06,5,6,1,0,47.63,0.3476,0.3762,139,6.408,56.45,31.88,73.49,1,1,0,1
PDF_08107,1,1,26.98,10,5,1,0,15.47,0.2549,0.1832,142,6.389,75.4,17.01,16.51,0,0,0,1
PDF_08108,1,2,34.72,6,1,0,0,34.95,0.2321,0.2833,124,6.11,30.16,54.18,29.59,0,0,1,1
PDF_08109,0,2,16.2,8,5,1,1,67.72,0.2719,0.3284,87,5.988,40.81,32.28,17.63,0,1,1,1
PDF_08110,1,2,33.45,6,1,1,0,32.65,0.2574,0.2273,157,4.932,46.27,42.28,19.41,0,1,0,1
PDF_08111,0,2,4.15,6,5,0,0,0.0,0.1751,0.1736,94,6.257,24.37,9.01,7.02,0,0,0,1
PDF_08112,3,1,72.17,12,9,1,0,51.16,0.3441,0.3622,166,7.149,63.97,75.78,27.6,0,0,0,1
PDF_08113,0,2,10.11,3,4,0,0,9.37,0.2041,0.2187,107,6.174,16.38,20.36,29.82,0,0,1,1
PDF_08114,2,3,12.07,7,4,1,0,37.56,0.2931,0.1897,130,7.293,52.34,5.64,40.9,0,0,1,1
PDF_08115,2,1,10.81,5,6,0,0,35.1,0.2415,0.2497,160,5.797,33.54,21.18,30.02,0,1,1,1
PDF_08116,0,1,0.0,4,2,0,0,36.13,0.0449,0.0535,51,5.046,1.41,0.0,2.88,0,1,0,1
PDF_08117,0,1,14.18,2,0,0,0,33.55,0.2068,0.2752,70,5.191,23.73,11.6,24.5,0,1,1,1
PDF_08118,2,2,47.35,7,5,1,0,16.13,0.3068,0.3688,146,4.735,28.62,40.61,73.89,1,0,0,1
PDF_08119,0,1,10.06,5,2,1,1,0.0,0.2138,0.1783,96,5.881,7.94,14.03,0.09,0,0,0,1
PDF_08120,1,3,26.16,7,5,1,0,60.54,0.3391,0.2826,151,6.036,53.52,51.03,29.8,0,1,0,1
PDF_08121,1,2,31.8,8,6,2,0,0.0,0.2608,0.2339,118,6.018,51.23,55.86,28.52,0,0,0,1
PDF_08122,1,3,42.0,10,7,1,0,35.95,0.2859,0.3059,112,5.55,49.21,25.24,40.2,0,0,0,1
PDF_08123,0,2,9.01,2,6,0,0,0.0,0.1478,0.1932,61,5.413,30.38,0.0,8.23,0,0,0,1
PDF_08124,1,2,5.2,4,3,0,0,32.33,0.18,0.1071,91,5.768,35.55,6.16,23.9,0,1,0,1
PDF_08125,0,2,0.0,5,0,0,0,6.16,0.1685,0.1971,79,5.078,26.24,0.0,4.31,0,0,1,1
PDF_08126,1,4,41.66,5,12,1,0,9.75,0.2789,0.2652,140,5.337,33.4,78.35,33.1,0,0,0,1
PDF_08127,1,2,33.01,6,3,2,0,13.87,0.3129,0.3137,183,5.039,47.59,29.33,29.72,0,0,1,1
PDF_08128,2,2,37.77,7,8,1,0,24.32,0.2441,0.2044,146,6.089,53.61,38.12,23.53,0,0,0,1
PDF_08129,2,3,63.13,12,7,3,0,7.21,0.433,0.5529,141,6.09,53.65,52.76,72.36,1,0,0,1
PDF_08130,1,2,33.31,5,4,2,0,21.25,0.3209,0.3759,161,5.742,58.97,24.85,74.63,1,0,0,1
PDF_08131,2,2,27.71,3,5,0,0,20.16,0.3143,0.4604,115,6.166,18.02,26.03,91.2,1,0,1,1
PDF_08132,1,2,17.99,6,5,2,0,13.78,0.1832,0.3027,130,4.799,45.1,0.0,6.88,0,0,0,1
PDF_08133,3,2,48.21,6,5,2,0,9.53,0.2506,0.1632,127,6.012,62.75,37.6,23.48,0,0,0,1
PDF_08134,1,2,30.57,4,7,1,0,7.26,0.3287,0.4734,152,5.748,44.78,35.78,63.0,1,0,0,1
PDF_08135,1,3,45.88,6,1,0,1,55.31,0.3092,0.2452,140,5.741,56.51,37.98,28.03,0,1,1,1
PDF_08136,1,4,50.7,8,8,2,0,24.71,0.3794,0.2709,188,5.663,48.25,76.79,38.31,0,0,0,1
PDF_08137,0,4,0.0,2,1,1,0,0.0,0.2973,0.3606,75,4.799,43.1,21.32,47.92,1,0,0,1
PDF_08138,1,3,0.0,4,0,0,0,0.0,0.1786,0.1228,45,6.078,23.79,0.0,9.07,0,0,1,1
PDF_08139,1,2,29.71,3,3,0,0,18.79,0.3341,0.35,79,5.555,25.54,13.56,73.02,1,0,1,1
PDF_08140,0,1,28.32,8,0,1,0,0.22,0.2723,0.366,130,5.337,17.81,39.34,66.34,1,0,0,1
PDF_08141,1,2,14.11,4,5,1,0,12.52,0.2455,0.2315,152,5.692,38.57,25.45,30.9,0,0,1,1
PDF_08142,0,1,31.82,3,3,1,0,8.08,0.1991,0.2025,137,5.576,0.0,3.14,31.21,0,0,0,1
PDF_08143,0,2,35.61,13,9,1,0,63.04,0.2987,0.3039,176,5.975,41.04,46.02,42.76,0,1,0,1
PDF_08144,1,2,51.67,11,4,1,0,72.04,0.3055,0.1978,113,6.384,83.03,50.05,32.23,0,1,0,1
PDF_08145,1,3,27.21,6,4,2,0,4.48,0.2881,0.1913,55,5.205,35.77,41.64,8.97,0,0,1,1
PDF_08146,2,2,0.0,2,3,2,0,8.41,0.2295,0.3097,103,5.91,24.29,30.96,19.8,0,0,0,1
PDF_08147,1,1,47.27,9,4,2,0,10.47,0.2809,0.2479,166,6.253,69.52,29.16,23.6,0,0,0,1
PDF_08148,0,2,8.6,7,4,1,1,28.14,0.288,0.2569,161,5.447,23.0,49.93,29.92,0,0,0,1
PDF_08149,0,3,31.77,9,4,0,0,83.24,0.2869,0.2712,148,5.32,58.76,33.31,26.67,0,1,1,1
PDF_08150,0,2,15.0,9,4,0,1,19.32,0.2338,0.2018,113,6.641,25.71,20.35,22.82,0,0,1,1
PDF_08151,1,1,41.53,1,4,0,1,10.05,0.2135,0.0663,79,5.434,29.79,33.62,7.14,0,0,0,1
PDF_08152,1,3,53.01,11,4,1,0,55.49,0.3842,0.5313,197,6.135,61.53,56.66,83.43,1,1,0,1
PDF_08153,1,2,32.68,10,3,0,0,40.89,0.2811,0.2475,107,5.909,61.79,33.27,28.8,0,1,0,1
PDF_08154,1,3,26.0,7,5,2,0,34.76,0.2326,0.2532,113,6.175,59.41,40.21,20.91,0,0,0,1
PDF_08155,1,3,30.95,4,6,1,0,5.46,0.1954,0.1878,69,6.97,36.37,41.18,29.43,0,0,0,1
PDF_08156,1,1,25.25,0,4,0,0,0.0,0.2212,0.2621,135,6.054,23.4,32.59,46.91,0,0,1,1
PDF_08157,1,2,25.98,6,8,1,0,12.26,0.2296,0.1758,47,6.827,37.57,13.86,35.52,0,0,0,1
PDF_08158,2,3,46.84,7,9,1,0,31.49,0.3882,0.1912,128,5.831,75.45,60.28,39.05,0,0,0,1
PDF_08159,1,4,37.92,10,3,0,0,14.66,0.2794,0.2435,147,5.211,74.9,48.22,25.02,0,0,0,1
PDF_08160,0,3,44.98,8,7,2,0,26.89,0.3828,0.3573,154,6.693,61.78,57.7,72.99,1,0,0,1
PDF_08161,2,1,4.98,3,4,0,0,37.93,0.2644,0.3604,114,5.669,13.93,24.48,67.54,1,1,1,1
PDF_08162,2,1,22.96,7,11,2,0,1.81,0.1885,0.1765,106,5.938,32.72,32.79,26.93,0,0,0,1
PDF_08163,1,2,16.17,8,4,0,0,37.41,0.2136,0.2333,57,5.295,28.88,11.77,27.98,0,1,0,1
PDF_08164,2,2,23.58,0,1,0,0,0.0,0.2225,0.2187,86,5.75,27.02,28.41,14.48,0,0,1,1
PDF_08165,1,3,57.52,7,5,2,0,30.6,0.3705,0.3335,181,5.729,58.1,29.01,33.75,0,0,0,1
PDF_08166,1,1,29.1,5,4,2,0,12.58,0.2831,0.2486,80,4.09,34.9,13.02,9.18,0,1,0,1
PDF_08167,1,2,40.02,8,3,2,0,49.81,0.2343,0.2137,146,5.734,34.15,30.93,25.14,0,1,0,1
PDF_08168,3,3,52.19,12,10,2,0,35.79,0.3241,0.2416,158,6.812,75.4,51.01,23.29,0,0,0,1
PDF_08169,3,2,31.7,7,4,2,1,54.22,0.2925,0.2101,132,5.247,57.54,30.13,47.14,0,1,0,1
PDF_08170,1,2,34.19,8,4,1,0,4.53,0.287,0.1948,102,6.643,36.31,24.48,36.08,0,0,1,1
PDF_08171,3,3,47.42,6,9,2,0,22.44,0.3121,0.1927,77,6.143,45.56,58.72,34.72,0,0,0,1
PDF_08172,1,3,26.39,3,4,1,0,14.35,0.3327,0.3348,123,6.207,35.77,27.69,80.8,1,0,1,1
PDF_08173,1,1,0.0,7,0,2,0,0.0,0.0787,0.2187,79,6.06,26.44,6.0,13.32,0,0,0,1
PDF_08174,2,2,28.72,9,7,2,0,53.78,0.3646,0.4535,163,6.155,46.29,1.54,73.01,1,1,0,1
PDF_08175,1,2,36.6,5,5,1,1,0.0,0.2545,0.1785,139,5.053,57.46,33.95,20.78,0,0,0,1
PDF_08176,0,1,9.49,5,4,0,0,4.33,0.1229,0.2117,74,5.717,45.04,19.35,10.75,0,0,0,1
PDF_08177,0,2,29.67,6,4,2,0,40.93,0.191,0.1485,112,5.105,49.18,27.14,17.83,0,1,0,1
PDF_08178,1,1,28.84,3,0,0,0,5.49,0.2661,0.1941,177,6.442,30.69,24.68,48.41,0,0,1,1
PDF_08179,1,2,26.69,12,7,2,0,39.44,0.2774,0.1607,113,6.548,34.24,39.71,27.61,0,1,0,1
PDF_08180,1,2,15.2,7,4,0,0,21.67,0.333,0.4108,133,5.93,19.58,9.75,74.08,1,1,1,1
PDF_08181,2,2,24.62,1,1,1,0,0.0,0.1968,0.0665,109,5.664,38.79,15.75,14.01,0,0,0,1
PDF_08182,1,2,51.7,5,5,1,1,37.77,0.3115,0.2642,111,5.34,43.39,33.02,22.61,0,0,0,1
PDF_08183,2,3,19.17,6,2,1,0,24.31,0.2556,0.1807,90,5.623,25.85,19.0,27.91,0,0,1,1
PDF_08184,1,3,38.11,10,6,1,0,34.13,0.3438,0.2551,179,5.998,50.72,40.44,50.83,0,0,1,1
PDF_08185,2,1,20.24,3,4,1,0,44.2,0.1056,0.2093,124,6.412,30.77,5.13,41.6,0,1,0,1
PDF_08186,1,1,30.81,5,0,2,0,0.44,0.313,0.3964,142,4.864,21.91,9.87,60.29,1,0,0,1
PDF_08187,2,1,18.63,3,4,1,0,5.5,0.2976,0.3716,149,6.196,46.15,13.27,84.08,1,0,0,1
PDF_08188,2,2,40.58,2,4,2,0,0.0,0.236,0.2517,155,6.932,64.06,40.78,37.17,0,0,0,1
PDF_08189,2,3,37.14,10,9,1,1,0.0,0.2935,0.221,131,6.16,61.06,63.13,33.59,0,0,0,1
PDF_08190,1,1,14.69,7,0,1,0,5.26,0.2174,0.0319,128,5.151,21.39,16.41,19.99,0,0,0,1
PDF_08191,1,1,22.25,6,5,2,1,54.65,0.1386,0.1918,76,4.943,21.4,33.53,0.0,0,1,0,1
PDF_08192,2,4,61.78,11,6,2,0,40.65,0.3412,0.2295,192,5.97,44.62,63.34,25.13,0,0,0,1
PDF_08193,1,2,7.86,5,3,1,0,31.81,0.1217,0.1378,83,5.374,30.43,2.53,21.16,0,1,0,1
PDF_08194,0,2,46.39,5,5,1,0,50.12,0.3814,0.4733,120,6.415,31.79,70.02,81.44,1,0,0,1
PDF_08195,1,3,25.96,3,5,1,0,4.3,0.2032,0.2415,141,5.748,54.27,19.37,32.83,0,0,0,1
PDF_08196,2,1,22.48,7,4,1,0,26.08,0.211,0.2583,94,5.52,21.61,17.51,26.64,0,0,0,1
PDF_08197,0,2,24.46,7,6,1,0,23.11,0.1514,0.2146,100,6.455,44.15,38.72,36.1,0,0,0,1
PDF_08198,0,1,0.0,4,3,2,0,0.0,0.1174,0.2062,40,5.341,29.07,9.71,8.54,0,0,0,1
PDF_08199,0,3,6.23,3,2,1,0,19.0,0.166,0.2244,91,6.025,24.81,22.47,19.21,0,1,0,1
PDF_08200,2,1,31.26,6,8,1,0,41.69,0.2926,0.2011,168,5.59,51.35,52.02,34.64,0,0,1,1
PDF_08201,1,4,24.46,7,5,2,0,50.22,0.2138,0.2745,86,5.421,58.51,27.0,10.61,0,1,0,1
PDF_08202,0,1,26.55,6,6,1,0,0.0,0.2103,0.1271,100,6.227,25.57,48.89,21.84,0,0,0,1
PDF_08203,1,3,13.57,1,0,0,1,40.96,0.296,0.4034,106,6.347,23.41,4.91,63.2,1,1,1,1
PDF_08204,2,2,20.54,2,5,1,0,3.28,0.266,0.2473,114,5.498,38.69,14.79,20.28,0,0,0,1
PDF_08205,0,2,22.15,9,7,1,1,0.0,0.167,0.1984,118,6.137,41.78,23.33,37.22,0,0,0,1
PDF_08206,1,3,42.65,10,5,2,0,58.74,0.2703,0.2365,136,6.004,63.69,52.91,18.16,0,1,0,1
PDF_08207,2,2,51.69,7,8,3,0,87.65,0.3902,0.3948,156,6.162,67.0,54.77,82.31,1,1,0,1
PDF_08208,2,3,22.25,8,5,1,1,10.59,0.3424,0.4567,170,6.545,41.44,40.14,86.44,1,0,1,1
PDF_08209,2,1,1.58,5,5,1,1,39.63,0.1714,0.0715,100,6.577,20.12,5.49,21.32,0,1,0,1
PDF_08210,0,2,1.51,4,1,2,0,39.73,0.1909,0.1737,123,6.08,34.83,13.48,22.07,0,1,0,1
PDF_08211,1,3,16.5,5,4,1,0,21.57,0.2486,0.1717,118,5.48,48.28,33.67,41.62,0,0,0,1
PDF_08212,3,3,64.36,7,10,1,0,29.37,0.4162,0.5171,146,6.164,58.75,54.62,91.61,1,0,0,1
PDF_08213,2,2,33.15,9,8,1,0,17.77,0.2062,0.3036,173,5.108,58.65,32.85,10.58,0,0,0,1
PDF_08214,2,2,12.51,1,2,0,0,21.9,0.2619,0.2223,125,6.213,16.22,24.41,27.03,0,0,1,1
PDF_08215,0,3,0.0,5,3,1,1,29.52,0.1486,0.2163,50,5.49,20.59,0.0,16.9,0,1,0,1
PDF_08216,0,3,26.77,7,5,1,0,0.0,0.1758,0.1879,95,5.411,44.5,28.64,41.6,0,0,0,1
PDF_08217,0,1,19.94,3,5,0,0,1.65,0.2367,0.1891,87,5.727,26.01,9.11,8.09,0,0,0,1
PDF_08218,0,2,26.69,3,6,2,0,14.38,0.2347,0.2092,137,5.608,38.99,25.37,24.14,0,0,0,1
PDF_08219,1,1,49.87,6,6,1,0,23.63,0.3348,0.3913,180,5.625,42.31,13.86,73.83,1,0,0,1
PDF_08220,2,3,19.72,4,1,2,0,2.4,0.1738,0.1628,119,6.589,45.35,15.41,23.73,0,0,0,1
PDF_08221,0,2,6.71,2,4,0,1,14.6,0.1456,0.1096,114,5.062,27.78,28.96,8.24,0,0,0,1
PDF_08222,0,3,2.58,6,5,1,0,0.0,0.0625,0.1686,43,4.913,25.33,0.0,22.82,0,0,0,1
PDF_08223,2,1,33.65,9,8,2,0,24.74,0.3103,0.1884,146,7.05,65.56,24.42,10.22,0,0,0,1
PDF_08224,1,2,47.26,10,2,2,0,25.15,0.4019,0.3708,171,6.772,45.23,41.07,77.36,1,0,0,1
PDF_08225,1,1,0.0,4,0,1,0,0.0,0.1422,0.186,84,5.162,20.88,0.0,15.44,0,0,0,1
PDF_08226,1,2,57.66,7,9,3,0,28.18,0.3322,0.2657,143,6.239,56.05,26.16,36.89,0,0,0,1
PDF_08227,2,3,55.12,8,5,1,0,11.61,0.3999,0.4352,197,5.585,56.9,32.75,77.83,1,0,0,1
PDF_08228,2,2,11.81,4,0,1,1,3.61,0.1971,0.1888,68,5.785,32.32,17.23,19.38,0,0,0,1
PDF_08229,2,4,75.33,8,5,2,0,46.88,0.3089,0.3041,168,6.491,79.11,52.5,47.17,0,1,0,1
PDF_08230,1,1,46.56,8,6,1,0,10.86,0.1665,0.1335,153,5.962,47.03,46.01,29.1,0,0,0,1
PDF_08231,0,3,68.6,7,10,1,0,19.28,0.4041,0.3831,167,7.623,68.4,49.65,61.02,1,0,0,1
PDF_08232,0,2,41.38,6,6,1,0,57.73,0.2133,0.2123,102,6.102,30.71,44.56,38.42,0,1,0,1
PDF_08233,2,2,21.38,8,3,2,0,47.81,0.2715,0.1335,103,6.424,26.09,30.17,23.31,0,1,0,1
PDF_08234,2,3,49.67,8,4,1,0,38.95,0.3861,0.2267,164,6.737,43.56,56.25,44.35,0,0,1,1
PDF_08235,0,2,0.0,4,7,2,0,0.0,0.1412,0.2552,25,6.315,18.06,0.0,17.55,0,0,0,1
PDF_08236,1,3,30.79,2,5,0,0,5.88,0.1948,0.1191,95,6.307,65.13,32.51,6.07,0,0,0,1
PDF_08237,3,2,20.34,2,2,1,1,37.05,0.3357,0.3828,155,7.102,43.3,16.99,66.67,1,1,0,1
PDF_08238,2,3,49.39,9,6,1,0,51.14,0.3028,0.4546,189,6.244,64.82,44.84,79.7,1,1,0,1
PDF_08239,0,1,0.0,4,0,1,1,0.0,0.322,0.3702,71,5.107,5.3,0.0,47.49,1,0,1,1
PDF_08240,3,2,62.69,11,8,2,0,22.02,0.3294,0.2538,141,4.986,64.82,65.55,40.97,0,0,0,1
PDF_08241,0,3,35.41,7,7,2,0,37.64,0.2788,0.2237,177,6.266,37.01,45.61,43.89,0,0,1,1
PDF_08242,1,2,56.53,8,7,2,1,4.08,0.2976,0.2122,172,6.574,64.56,56.27,51.84,0,0,0,1
PDF_08243,1,2,32.45,5,2,3,0,25.79,0.2224,0.3255,121,6.562,37.55,28.56,18.86,0,0,0,1
PDF_08244,1,3,12.38,4,4,0,1,39.72,0.2752,0.4296,127,5.563,20.09,4.79,71.93,1,1,1,1
PDF_08245,0,3,60.31,5,6,0,0,21.0,0.3136,0.2126,150,6.082,59.67,52.68,36.64,0,0,0,1
PDF_08246,0,1,6.49,3,4,2,0,42.09,0.1469,0.1566,94,5.806,39.31,13.56,10.81,0,1,0,1
PDF_08247,1,3,30.34,7,6,1,0,27.84,0.3273,0.2934,139,5.437,56.37,35.36,48.78,0,0,1,1
PDF_08248,1,1,42.12,7,3,2,0,8.75,0.1943,0.2256,91,5.142,47.37,20.79,25.27,0,0,0,1
PDF_08249,2,1,43.12,6,2,1,1,1.8,0.2667,0.2363,79,5.014,29.91,17.28,32.39,0,0,0,1
PDF_08250,0,2,58.68,6,6,2,0,11.71,0.232,0.2901,148,5.926,70.59,51.37,30.6,0,0,0,1
PDF_08251,2,3,53.86,9,2,2,0,28.3,0.3726,0.207,114,5.832,41.82,27.78,33.76,0,0,0,1
PDF_08252,1,2,54.48,7,5,1,0,38.29,0.3162,0.2674,176,6.016,70.29,81.54,45.67,0,0,0,1
PDF_08253,0,2,29.73,5,5,1,0,34.54,0.2891,0.368,143,6.059,42.37,12.21,82.93,1,0,0,1
PDF_08254,1,3,32.58,7,5,1,0,26.1,0.3036,0.2119,129,5.971,65.74,50.05,32.75,0,0,0,1
PDF_08255,1,2,45.18,7,4,3,1,27.06,0.2836,0.2589,154,6.168,48.18,75.45,33.64,0,0,0,1
PDF_08256,1,2,32.99,2,4,1,0,37.64,0.3138,0.2114,61,6.143,31.95,36.85,33.0,0,1,1,1
PDF_08257,1,2,0.0,5,5,0,0,0.0,0.2399,0.3049,82,5.402,15.9,0.0,71.81,1,0,0,1
PDF_08258,1,2,45.5,10,5,2,1,8.69,0.2585,0.2274,80,5.775,39.06,31.75,45.53,0,0,0,1
PDF_08259,1,2,28.64,3,3,2,0,11.39,0.4165,0.4325,144,6.494,37.94,38.63,72.22,1,0,1,1
PDF_08260,0,2,57.22,5,4,2,1,16.44,0.2693,0.2834,70,5.421,64.71,65.89,34.5,0,0,0,1
PDF_08261,1,3,27.55,4,5,0,0,17.19,0.1431,0.1721,116,5.782,35.88,19.81,44.52,0,0,1,1
PDF_08262,1,2,25.89,6,5,1,0,21.69,0.2714,0.188,124,6.669,38.68,36.12,31.35,0,0,1,1
PDF_08263,2,3,51.37,9,7,2,1,31.04,0.3294,0.1801,126,6.768,40.85,48.41,39.74,0,0,0,1
PDF_08264,1,3,32.03,8,1,2,0,9.49,0.2504,0.1613,119,5.717,50.76,19.98,20.35,0,0,0,1
PDF_08265,2,1,35.08,4,4,2,0,0.0,0.1884,0.1687,60,5.403,34.4,24.49,28.87,0,0,0,1
PDF_08266,2,3,27.41,9,5,1,0,0.0,0.2983,0.3615,136,5.585,18.43,35.16,65.99,1,0,0,1
PDF_08267,2,1,0.0,4,5,1,0,30.85,0.2033,0.2028,76,4.958,26.87,4.47,18.06,0,1,0,1
PDF_08268,0,2,0.0,8,2,1,0,0.0,0.1304,0.2086,72,5.952,2.18,0.0,27.07,0,0,0,1
PDF_08269,1,3,26.04,4,5,0,0,71.12,0.3581,0.2975,170,6.997,27.71,31.96,29.43,0,1,1,1
PDF_08270,3,3,47.14,9,7,2,0,61.69,0.2699,0.2159,174,7.262,72.77,61.95,38.21,0,1,0,1
PDF_08271,0,2,19.48,7,3,1,0,25.1,0.235,0.263,114,4.97,33.65,23.13,41.47,0,0,0,1
PDF_08272,2,4,49.88,12,7,1,1,13.0,0.4826,0.4431,177,6.72,51.54,40.46,100.0,1,0,1,1
PDF_08273,1,2,12.8,5,6,0,0,0.0,0.2291,0.1837,123,6.303,11.41,31.18,25.55,0,0,1,1
PDF_08274,1,2,33.09,3,4,1,0,15.61,0.3117,0.4064,101,6.179,36.91,17.0,62.66,1,0,0,1
PDF_08275,1,1,42.79,9,5,0,0,0.41,0.2595,0.1978,142,5.59,62.39,27.4,34.92,0,0,0,1
PDF_08276,1,2,13.08,6,6,1,0,0.0,0.1354,0.2816,117,4.561,21.67,49.77,24.48,0,0,0,1
PDF_08277,1,2,32.88,6,9,1,0,28.85,0.2294,0.2031,142,6.904,59.42,23.76,45.46,0,0,0,1
PDF_08278,1,2,36.66,5,8,2,0,68.33,0.2741,0.4939,123,5.745,48.17,29.57,90.82,1,1,0,1
PDF_08279,3,3,50.22,5,7,2,0,64.83,0.2863,0.2338,148,5.307,55.01,55.7,23.44,0,1,0,1
PDF_08280,2,4,67.07,11,11,3,0,38.36,0.4107,0.3109,175,7.188,91.6,54.81,45.58,0,0,0,1
PDF_08281,1,1,22.97,5,3,0,1,6.07,0.2775,0.194,113,5.272,26.48,14.58,27.48,0,0,1,1
PDF_08282,1,2,12.43,1,2,0,0,37.8,0.3016,0.4011,66,5.207,27.01,2.0,49.62,1,0,0,1
PDF_08283,2,2,33.31,8,4,2,0,37.36,0.496,0.4697,167,5.918,33.02,42.16,86.89,1,0,1,1
PDF_08284,0,2,30.61,3,0,0,0,24.62,0.2164,0.2265,79,6.78,19.75,7.7,18.37,0,1,1,1
PDF_08285,1,2,3.67,1,0,1,0,17.78,0.1142,0.185,90,4.665,24.06,5.83,0.0,0,0,0,1
PDF_08286,2,2,40.81,7,3,0,0,27.59,0.2508,0.2766,166,5.736,47.9,29.97,26.57,0,0,1,1
PDF_08287,2,2,38.51,10,6,2,0,65.7,0.4432,0.4885,141,6.409,55.53,45.67,64.56,1,1,0,1
PDF_08288,0,1,29.34,4,6,2,0,0.0,0.2183,0.1866,89,5.849,53.1,12.98,10.47,0,0,0,1
PDF_08289,1,2,34.04,8,3,2,0,41.63,0.3332,0.4792,101,6.014,44.87,15.72,78.56,1,1,0,1
PDF_08290,1,3,86.7,8,9,3,1,43.84,0.378,0.419,164,7.022,56.94,94.1,51.36,0,0,0,1
PDF_08291,0,2,13.46,4,0,2,0,0.0,0.1726,0.2748,106,5.509,17.6,2.65,16.21,0,0,0,1
PDF_08292,1,1,0.0,4,3,2,0,25.45,0.1343,0.2013,78,6.078,27.14,7.37,7.68,0,0,0,1
PDF_08293,2,1,37.78,5,4,2,1,13.96,0.2023,0.1696,120,6.777,52.2,41.09,18.08,0,0,0,1
PDF_08294,0,1,60.32,11,7,2,0,47.83,0.2833,0.1787,140,7.197,54.06,48.01,43.79,0,0,0,1
PDF_08295,0,3,28.83,5,6,0,0,9.89,0.2943,0.2115,91,6.047,50.94,25.07,39.84,0,0,0,1
PDF_08296,0,2,20.72,7,2,0,0,11.49,0.2619,0.2519,113,5.77,13.35,35.8,17.58,0,0,1,1
PDF_08297,1,2,31.24,6,5,0,0,86.51,0.4242,0.4115,160,5.285,43.77,27.43,85.73,1,1,1,1
PDF_08298,0,2,35.72,7,8,1,0,50.17,0.1853,0.2532,97,4.867,41.08,13.2,18.82,0,1,0,1
PDF_08299,0,1,23.24,7,3,1,0,59.27,0.2882,0.442,100,5.946,56.84,22.13,79.54,1,1,0,1
PDF_08300,1,3,54.36,8,6,1,0,28.95,0.3132,0.196,166,6.49,63.83,33.95,42.31,0,0,0,1
PDF_08301,1,1,5.73,1,0,0,0,0.0,0.1638,0.1021,67,4.606,11.43,0.0,2.47,0,0,1,1
PDF_08302,3,1,29.98,5,5,1,0,14.39,0.3487,0.2629,105,5.217,38.04,40.92,55.33,0,0,0,1
PDF_08303,1,3,36.95,7,8,2,0,9.65,0.2309,0.1889,95,5.607,42.45,54.39,35.45,0,0,0,1
PDF_08304,2,1,38.82,8,9,1,0,31.37,0.2197,0.2276,141,5.525,49.86,51.94,41.33,0,0,0,1
PDF_08305,0,1,7.51,7,5,1,1,5.16,0.1821,0.177,101,4.59,37.9,22.03,2.95,0,0,0,1
PDF_08306,1,3,43.88,7,8,2,0,14.79,0.3181,0.2325,158,4.458,66.67,38.36,23.94,0,0,0,1
PDF_08307,0,3,7.04,2,3,0,0,15.54,0.3606,0.4167,130,5.389,6.99,10.77,81.87,1,0,1,1
PDF_08308,1,3,48.2,11,8,1,0,5.2,0.2609,0.1271,148,5.85,56.16,36.52,21.84,0,0,0,1
PDF_08309,0,1,0.98,3,2,1,0,0.0,0.2397,0.1436,63,6.147,21.96,26.33,13.02,0,0,0,1
PDF_08310,1,1,30.34,4,2,2,0,51.85,0.1552,0.2443,123,6.566,51.51,22.99,27.12,0,1,0,1
PDF_08311,0,2,16.01,2,0,0,0,47.56,0.1985,0.2505,144,6.083,21.18,0.0,30.41,0,1,1,1
PDF_08312,1,3,52.96,9,6,2,0,66.65,0.4495,0.4492,165,5.923,67.06,64.81,81.86,1,1,0,1
PDF_08313,1,3,24.66,5,5,2,0,63.93,0.2521,0.2411,83,6.627,37.73,5.08,20.85,0,1,0,1
PDF_08314,1,3,52.28,13,4,2,0,13.09,0.3991,0.4501,177,6.465,80.07,38.99,80.34,1,0,0,1
PDF_08315,0,2,0.0,4,4,0,0,0.0,0.1739,0.2545,99,5.467,39.5,8.17,10.37,0,0,0,1
PDF_08316,1,1,0.37,7,2,1,1,0.0,0.2438,0.4742,103,5.448,5.0,0.0,61.14,1,0,0,1
PDF_08317,2,1,26.13,6,8,2,0,23.99,0.2635,0.1967,123,6.342,72.01,37.67,23.91,0,0,0,1
PDF_08318,0,2,14.32,6,4,1,0,32.0,0.3371,0.3284,45,5.758,29.07,4.9,68.74,1,1,0,1
PDF_08319,1,1,45.48,8,7,2,0,5.63,0.3089,0.2234,145,6.717,52.74,38.36,38.66,0,0,0,1
PDF_08320,2,3,40.11,10,6,2,0,17.64,0.253,0.2523,109,7.589,37.15,33.29,33.81,0,0,0,1
PDF_08321,1,4,71.23,9,5,1,0,46.41,0.3819,0.2565,187,6.519,85.46,54.16,34.21,0,0,0,1
PDF_08322,1,3,16.14,8,0,2,0,3.97,0.4062,0.4272,134,5.585,65.31,39.39,76.63,1,0,0,1
PDF_08323,1,2,25.11,7,4,0,1,0.0,0.1272,0.1586,96,5.951,20.8,13.81,13.0,0,0,0,1
PDF_08324,2,1,18.72,2,2,2,0,36.23,0.2834,0.3853,91,5.429,40.14,0.0,80.57,1,1,0,1
PDF_08325,2,2,10.07,7,0,0,0,50.31,0.3486,0.5342,144,6.336,39.98,2.68,80.19,1,1,1,1
PDF_08326,0,1,52.71,10,7,2,0,18.59,0.3129,0.2031,96,5.944,59.96,37.53,37.54,0,0,0,1
PDF_08327,1,2,19.87,4,0,1,1,0.0,0.1757,0.2304,108,6.046,36.09,10.45,23.51,0,0,0,1
PDF_08328,2,3,32.96,7,4,1,0,37.19,0.3662,0.4423,163,5.59,28.31,35.54,93.24,1,0,1,1
PDF_08329,1,1,38.72,6,7,2,0,57.25,0.2525,0.132,114,5.74,35.28,45.54,23.87,0,1,0,1
PDF_08330,1,2,23.44,8,5,2,0,19.65,0.2923,0.2408,120,5.1,35.92,57.85,35.28,0,0,0,1
PDF_08331,2,2,33.53,9,3,1,0,60.82,0.2889,0.2181,114,5.351,50.82,57.18,25.83,0,1,0,1
PDF_08332,1,3,47.38,4,4,1,1,23.76,0.2632,0.2042,154,4.734,53.06,35.0,22.97,0,0,0,1
PDF_08333,3,2,31.11,4,4,1,0,2.96,0.298,0.3594,145,6.591,40.1,36.66,55.14,1,0,1,1
PDF_08334,2,1,36.93,8,4,2,0,38.65,0.2488,0.2137,104,5.333,49.66,39.4,4.84,0,1,0,1
PDF_08335,2,2,36.38,8,4,1,0,83.17,0.3103,0.2522,148,5.971,49.79,45.98,21.83,0,1,1,1
PDF_08336,1,2,46.13,5,5,2,0,0.0,0.2075,0.2019,107,6.479,42.74,42.25,31.37,0,0,0,1
PDF_08337,0,2,10.52,6,2,0,0,0.0,0.1909,0.1847,118,5.86,30.19,20.79,30.97,0,0,0,1
PDF_08338,1,2,20.83,3,2,1,0,19.34,0.2447,0.162,108,6.34,31.58,26.99,21.72,0,0,0,1
PDF_08339,1,2,31.74,11,4,0,1,12.23,0.1735,0.2298,86,5.717,39.87,37.27,34.46,0,0,0,1
PDF_08340,2,4,34.33,5,5,1,0,44.13,0.3498,0.2142,189,5.197,37.16,42.39,33.13,0,1,1,1
PDF_08341,2,1,9.31,5,0,1,0,29.58,0.2247,0.197,132,5.334,16.09,7.97,36.65,0,0,1,1
PDF_08342,1,1,29.91,9,4,0,0,0.0,0.2714,0.1622,131,6.084,45.08,30.44,24.8,0,0,0,1
PDF_08343,2,3,26.66,4,5,0,0,25.62,0.1766,0.1805,116,5.213,26.72,35.2,28.23,0,0,0,1
PDF_08344,1,2,9.58,4,1,0,1,0.0,0.2158,0.1498,94,5.525,11.2,4.18,0.82,0,0,1,1
PDF_08345,1,2,8.23,5,5,1,1,55.08,0.1261,0.1905,71,6.451,35.74,6.89,32.06,0,1,0,1
PDF_08346,0,1,17.88,3,5,1,0,17.18,0.386,0.5072,135,6.494,32.27,19.83,66.58,1,0,1,1
PDF_08347,0,3,5.29,0,1,0,0,46.91,0.1742,0.1966,77,7.22,6.22,1.08,28.03,0,1,1,1
PDF_08348,1,1,34.49,7,6,2,0,23.28,0.1474,0.1888,122,6.725,28.74,36.49,23.1,0,0,0,1
PDF_08349,1,2,60.09,9,8,1,0,48.1,0.2792,0.3025,172,5.545,100.0,54.89,54.61,0,0,0,1
PDF_08350,1,2,30.2,1,2,1,0,16.57,0.2198,0.3353,121,6.442,34.17,12.65,29.22,0,0,1,1
PDF_08351,2,2,40.87,4,6,3,1,41.81,0.2588,0.2114,94,6.457,57.32,24.96,10.95,0,1,0,1
PDF_08352,1,1,20.14,7,5,2,0,0.0,0.2423,0.2584,71,5.956,31.94,25.12,36.73,0,0,0,1
PDF_08353,2,2,20.19,1,0,2,0,48.15,0.1695,0.2087,109,6.68,31.99,31.75,31.31,0,1,1,1
PDF_08354,3,3,51.24,8,7,1,0,64.33,0.3731,0.2505,158,6.384,60.56,40.38,40.83,0,0,1,1
PDF_08355,2,2,8.22,4,2,2,0,0.0,0.206,0.1888,102,5.545,8.26,0.0,8.39,0,0,0,1
PDF_08356,0,4,30.84,6,5,1,0,16.4,0.416,0.4328,161,5.085,34.34,17.09,81.89,1,0,0,1
PDF_08357,2,2,87.89,11,8,2,1,44.1,0.3167,0.2984,203,6.448,82.39,80.53,44.95,0,0,0,1
PDF_08358,2,3,45.83,9,6,1,0,25.21,0.2895,0.1831,111,7.174,51.54,29.8,28.68,0,0,0,1
PDF_08359,0,3,35.47,8,6,1,0,0.0,0.3699,0.4132,133,6.594,38.86,26.35,68.37,1,0,0,1
PDF_08360,0,2,0.0,0,2,0,0,0.0,0.0647,0.1485,51,5.104,0.0,0.0,10.61,0,1,1,1
PDF_08361,0,1,23.21,7,5,1,0,59.28,0.173,0.1999,100,6.043,37.8,51.71,46.0,0,1,0,1
PDF_08362,2,1,12.08,3,3,2,0,0.0,0.197,0.1614,96,6.124,9.64,15.18,14.76,0,0,0,1
PDF_08363,1,2,48.31,8,7,0,0,40.44,0.4107,0.4804,151,6.384,56.7,32.62,77.16,1,1,0,1
PDF_08364,0,4,23.15,4,4,1,0,61.16,0.1819,0.1996,175,4.643,16.35,27.93,26.82,0,1,1,1
PDF_08365,0,1,17.65,7,1,1,0,56.97,0.2134,0.1999,95,5.825,58.87,30.94,18.42,0,1,0,1
PDF_08366,2,3,34.77,7,6,0,0,2.49,0.2199,0.1766,116,6.224,43.38,28.67,20.34,0,0,0,1
PDF_08367,2,1,43.47,6,4,1,0,41.12,0.2416,0.2052,102,5.862,49.04,39.51,29.81,0,1,0,1
PDF_08368,0,2,3.34,1,4,0,0,30.66,0.144,0.1568,110,6.44,10.98,0.0,16.94,0,1,1,1
PDF_08369,0,2,8.27,6,0,1,0,0.0,0.1183,0.2063,75,5.69,43.83,15.27,29.88,0,0,0,1
PDF_08370,2,2,41.94,8,3,2,0,37.27,0.2571,0.2072,123,6.042,59.08,34.34,25.34,0,1,0,1
PDF_08371,1,1,0.0,2,5,1,0,13.75,0.1442,0.079,33,4.709,7.66,0.0,0.0,0,1,0,1
PDF_08372,0,1,24.85,8,2,0,0,37.89,0.1519,0.2513,88,6.096,23.37,26.24,20.36,0,0,1,1
PDF_08373,2,4,43.54,9,4,2,0,20.29,0.3789,0.3949,163,5.62,61.31,55.85,98.72,1,0,0,1
PDF_08374,1,2,2.96,1,2,0,0,0.0,0.2231,0.1074,59,4.997,8.84,2.76,21.47,0,0,0,1
PDF_08375,3,2,61.23,9,7,2,1,19.99,0.3258,0.2824,138,6.121,77.51,59.41,33.47,0,0,0,1
PDF_08376,2,2,50.22,13,7,0,0,49.83,0.3451,0.2961,165,5.851,63.37,49.53,35.47,0,0,1,1
PDF_08377,1,1,11.81,7,1,1,1,12.55,0.2227,0.1498,85,5.725,14.28,20.66,27.15,0,0,1,1
PDF_08378,1,2,22.67,3,0,1,1,6.95,0.3962,0.3505,129,5.903,22.52,5.86,87.21,1,0,1,1
PDF_08379,2,3,14.52,3,3,0,0,0.0,0.3247,0.3652,149,5.215,16.56,0.0,65.84,1,0,0,1
PDF_08380,2,2,20.81,4,0,0,0,22.53,0.2078,0.1248,86,5.944,32.97,14.41,22.32,0,0,1,1
PDF_08381,2,1,33.5,10,5,1,0,45.48,0.4879,0.4198,217,5.552,57.06,40.53,97.02,1,0,1,1
PDF_08382,1,3,10.44,2,3,2,0,15.45,0.3463,0.3133,80,5.195,7.47,11.71,69.82,1,0,0,1
PDF_08383,1,2,22.62,7,5,0,0,0.0,0.2165,0.1947,90,5.468,21.22,27.05,37.38,0,0,0,1
PDF_08384,0,1,0.1,5,5,1,1,0.0,0.1404,0.0758,56,5.006,16.76,0.0,15.25,0,1,0,1
PDF_08385,1,1,35.1,10,6,0,1,25.2,0.2479,0.2112,167,5.509,37.01,33.84,14.88,0,0,0,1
PDF_08386,2,2,28.87,4,3,0,1,11.76,0.2484,0.2229,119,5.217,37.49,7.94,30.51,0,0,1,1
PDF_08387,1,2,11.45,2,3,0,0,16.79,0.2571,0.3989,86,5.431,18.65,7.59,65.1,1,0,1,1
PDF_08388,1,2,42.04,10,5,1,0,43.02,0.3066,0.2159,106,5.763,31.36,47.87,32.28,0,1,0,1
PDF_08389,1,3,46.09,7,6,1,0,37.83,0.2188,0.1938,131,6.838,71.84,23.44,50.34,0,0,0,1
PDF_08390,1,3,62.22,10,7,2,0,35.86,0.3314,0.3084,148,6.315,48.46,61.57,33.13,0,0,0,1
PDF_08391,2,3,32.72,4,3,1,0,0.0,0.2998,0.2836,142,6.016,40.72,46.77,27.76,0,0,1,1
PDF_08392,1,2,40.39,6,3,1,0,7.81,0.2067,0.2483,113,4.79,44.31,47.2,31.13,0,0,0,1
PDF_08393,0,3,4.61,4,1,0,0,7.18,0.2541,0.3985,128,5.14,20.79,16.99,69.48,1,0,1,1
PDF_08394,0,2,51.67,3,9,1,0,43.62,0.2986,0.2415,161,6.711,48.54,49.3,39.19,0,0,0,1
PDF_08395,2,2,23.07,3,2,1,0,3.19,0.2033,0.2437,122,5.37,22.9,29.81,34.12,0,0,1,1
PDF_08396,2,1,47.39,7,6,1,1,3.26,0.259,0.2332,154,6.636,42.36,36.82,32.54,0,0,0,1
PDF_08397,0,1,22.66,5,1,1,0,2.2,0.1798,0.2285,87,6.099,42.67,19.77,33.22,0,0,0,1
PDF_08398,0,2,0.0,1,3,1,0,0.0,0.224,0.3164,78,5.539,7.52,0.0,57.4,1,0,1,1
PDF_08399,1,1,12.66,3,3,1,1,15.42,0.1887,0.2357,146,5.818,19.81,15.44,20.69,0,0,1,1
PDF_08400,0,2,14.99,5,3,0,1,0.0,0.1981,0.2158,84,5.614,12.95,4.89,15.74,0,0,1,1
PDF_08401,1,2,7.7,4,4,0,0,21.42,0.2442,0.223,88,5.94,29.35,12.55,23.47,0,0,1,1
PDF_08402,1,2,15.15,7,3,2,0,0.0,0.1801,0.1986,112,5.011,31.15,29.39,33.05,0,0,0,1
PDF_08403,2,2,53.01,8,3,1,0,13.95,0.2706,0.2341,157,5.65,82.53,50.72,26.2,0,0,0,1
PDF_08404,1,2,0.0,3,3,2,0,15.17,0.077,0.1458,82,5.052,25.26,0.0,13.35,0,1,1,1
PDF_08405,0,2,22.73,8,5,2,0,18.64,0.2431,0.2494,126,5.89,19.92,0.0,29.77,0,0,0,1
PDF_08406,2,3,29.55,5,3,1,0,54.74,0.2468,0.2865,139,5.469,41.37,26.46,39.47,0,1,1,1
PDF_08407,1,3,41.62,7,6,1,0,12.72,0.2672,0.3419,154,5.669,61.65,46.78,66.07,1,0,0,1
PDF_08408,1,2,35.98,7,7,2,0,22.0,0.3586,0.3451,111,5.519,42.07,16.04,58.09,1,0,0,1
PDF_08409,0,2,22.57,10,4,2,0,51.47,0.345,0.2191,161,5.979,55.84,31.35,29.09,0,0,0,1
PDF_08410,0,3,46.86,12,6,1,0,37.5,0.295,0.2338,146,6.682,65.82,49.82,42.93,0,0,0,1
PDF_08411,2,3,26.2,6,5,1,0,37.17,0.3084,0.4425,178,6.372,51.35,26.69,82.79,1,0,1,1
PDF_08412,1,3,6.59,4,8,1,0,51.75,0.2506,0.2246,124,5.715,44.38,15.99,19.97,0,1,0,1
PDF_08413,1,1,1.31,6,3,2,0,0.0,0.1358,0.1587,66,5.515,8.1,0.0,0.0,0,0,0,1
PDF_08414,0,2,19.06,3,3,0,0,25.46,0.1582,0.1873,133,5.709,32.09,32.77,26.96,0,0,0,1
PDF_08415,1,3,29.64,6,5,3,0,67.38,0.2405,0.1726,107,6.116,46.49,33.85,39.56,0,1,0,1
PDF_08416,2,2,41.03,8,6,1,1,50.66,0.2464,0.1875,129,5.726,37.72,54.44,59.27,0,1,0,1
PDF_08417,0,2,11.56,5,0,0,0,0.0,0.3073,0.4113,91,6.023,4.85,0.0,54.41,1,0,1,1
PDF_08418,0,2,0.0,1,5,0,0,14.31,0.1725,0.3123,54,5.141,9.47,1.32,67.31,1,1,0,1
PDF_08419,1,1,16.75,4,1,0,0,0.0,0.2154,0.2432,54,5.439,21.51,0.0,22.03,0,0,1,1
PDF_08420,1,3,57.69,9,9,1,1,53.93,0.3647,0.3794,133,6.338,80.33,73.21,39.67,0,0,0,1
PDF_08421,1,3,20.59,4,5,3,0,13.72,0.1957,0.2603,155,5.133,44.14,15.66,26.49,0,0,0,1
PDF_08422,0,1,3.37,2,5,1,0,13.89,0.173,0.1611,103,4.851,14.23,18.02,40.47,0,0,1,1
PDF_08423,0,2,27.35,2,3,0,0,11.01,0.1149,0.167,27,5.168,34.15,12.37,29.51,0,0,0,1
PDF_08424,2,3,26.92,5,3,2,0,30.85,0.3359,0.2556,149,6.3,31.1,38.73,36.47,0,0,1,1
PDF_08425,2,2,94.05,10,6,2,0,42.55,0.4525,0.4125,206,6.354,64.85,63.72,100.0,1,0,0,1
PDF_08426,2,2,15.95,0,2,1,1,0.0,0.1395,0.2176,97,5.845,30.9,6.92,21.78,0,0,0,1
PDF_08427,1,1,59.77,8,3,3,0,32.17,0.3151,0.2314,139,5.759,63.19,52.42,32.9,0,0,0,1
PDF_08428,0,2,38.58,6,7,1,0,15.44,0.2901,0.3521,110,5.29,40.38,28.1,20.88,0,0,0,1
PDF_08429,1,2,27.69,7,0,0,0,0.0,0.2269,0.1911,105,5.728,18.54,7.41,60.78,0,0,1,1
PDF_08430,2,1,28.19,6,6,1,0,21.57,0.3684,0.3509,151,5.427,49.97,40.23,54.49,1,0,0,1
PDF_08431,3,3,55.49,8,6,1,0,0.45,0.3856,0.4395,133,5.924,70.35,50.65,78.4,1,0,0,1
PDF_08432,2,4,17.14,5,3,0,0,5.57,0.1995,0.2099,132,6.405,18.62,28.37,3.78,0,0,1,1
PDF_08433,2,1,19.53,7,4,2,0,19.57,0.3053,0.5103,145,6.407,40.58,54.4,70.93,1,0,0,1
PDF_08434,1,3,50.34,7,7,1,0,31.34,0.3257,0.2575,162,6.795,76.54,65.0,42.5,0,0,0,1
PDF_08435,2,2,55.74,5,9,1,0,16.84,0.3869,0.4993,145,6.953,82.35,48.17,81.75,1,0,0,1
PDF_08436,0,2,0.0,4,1,0,0,1.92,0.2083,0.2187,113,6.827,31.66,17.77,3.89,0,0,0,1
PDF_08437,1,2,51.17,5,5,2,0,71.47,0.2618,0.2676,145,6.16,40.17,59.55,13.8,0,1,0,1
PDF_08438,0,1,39.11,3,4,1,0,39.1,0.0818,0.1586,71,6.015,44.47,18.96,22.48,0,1,0,1
PDF_08439,1,2,9.67,6,2,1,0,49.75,0.1704,0.1221,44,6.317,1.41,0.0,13.38,0,1,0,1
PDF_08440,1,2,22.61,8,2,1,0,21.28,0.3932,0.5208,178,6.327,35.59,26.65,65.87,1,0,1,1
PDF_08441,2,3,77.09,10,9,1,0,59.6,0.4089,0.5377,185,6.543,63.12,79.56,100.0,1,1,0,1
PDF_08442,1,4,62.34,12,9,2,0,76.72,0.3604,0.2659,184,6.462,62.6,76.88,47.75,0,1,0,1
PDF_08443,1,2,24.89,9,8,1,0,32.97,0.2303,0.2584,150,5.237,50.75,35.08,36.38,0,0,0,1
PDF_08444,2,2,31.62,2,0,1,0,2.91,0.3184,0.4522,148,5.564,39.56,16.51,59.7,1,0,0,1
PDF_08445,2,2,39.85,6,5,1,0,53.44,0.3767,0.4148,162,5.877,66.23,45.85,74.81,1,1,0,1
PDF_08446,1,3,21.9,5,4,0,0,49.88,0.3244,0.3446,130,5.542,42.94,24.21,44.16,0,1,1,1
PDF_08447,2,3,57.36,9,4,1,0,67.62,0.2626,0.2553,199,5.306,79.12,65.22,35.62,0,1,0,1
PDF_08448,2,2,46.68,8,5,2,0,38.95,0.3365,0.2649,175,6.479,76.38,63.31,27.14,0,0,0,1
PDF_08449,1,3,39.65,6,5,1,0,33.47,0.147,0.2399,91,5.211,53.47,34.61,20.45,0,1,0,1
PDF_08450,1,1,7.6,5,3,1,0,0.0,0.1171,0.2034,23,5.347,8.37,3.31,0.0,0,0,0,1
PDF_08451,0,1,5.45,6,4,0,0,24.47,0.1711,0.1578,110,4.14,43.9,27.11,12.93,0,0,0,1
PDF_08452,1,2,17.05,5,4,1,0,28.21,0.1863,0.1339,82,7.306,23.04,4.57,17.2,0,1,0,1
PDF_08453,0,2,5.97,1,6,0,0,2.89,0.1813,0.1731,106,5.942,17.89,8.55,15.24,0,0,1,1
PDF_08454,0,2,0.0,5,3,0,0,0.0,0.2545,0.2154,72,5.478,0.0,0.04,27.81,0,0,0,1
PDF_08455,2,2,31.95,9,3,1,0,29.42,0.3111,0.1499,197,6.521,37.56,26.93,33.97,0,0,1,1
PDF_08456,1,3,55.65,8,5,2,0,9.41,0.29,0.2497,91,4.95,68.66,21.78,13.46,0,0,0,1
PDF_08457,0,2,2.61,3,3,2,1,0.0,0.2511,0.1327,115,4.04,29.16,19.46,4.1,0,0,0,1
PDF_08458,0,1,5.09,6,7,2,0,0.0,0.1761,0.1639,96,5.101,52.84,36.27,31.33,0,0,0,1
PDF_08459,1,1,24.46,0,5,0,0,6.33,0.1806,0.2021,134,7.116,19.99,17.67,18.42,0,0,1,1
PDF_08460,1,2,47.76,6,5,0,0,29.07,0.2814,0.2998,170,5.527,44.26,50.61,34.14,0,0,1,1
PDF_08461,1,2,19.97,5,1,2,0,34.2,0.2414,0.1878,86,4.786,29.99,41.24,37.69,0,0,0,1
PDF_08462,0,3,29.68,8,3,1,0,19.02,0.2894,0.417,128,5.396,22.49,21.65,61.9,1,0,0,1
PDF_08463,1,2,36.68,11,5,1,1,33.34,0.3321,0.1397,161,6.308,50.08,42.32,52.81,0,0,1,1
PDF_08464,3,3,29.48,4,5,1,0,46.61,0.3003,0.1224,124,5.748,31.96,28.87,36.31,0,0,1,1
PDF_08465,1,1,32.85,7,3,2,0,73.35,0.257,0.1366,134,6.459,52.95,44.83,27.87,0,1,0,1
PDF_08466,2,1,25.77,4,2,1,0,67.82,0.3121,0.4071,128,5.929,52.18,21.7,72.53,1,1,0,1
PDF_08467,1,4,18.09,7,3,0,1,51.05,0.3034,0.2664,133,6.27,43.23,22.97,38.03,0,0,1,1
PDF_08468,1,2,24.99,6,1,1,0,49.85,0.2292,0.2745,98,6.748,34.78,17.23,12.79,0,1,0,1
PDF_08469,2,1,56.8,3,5,1,0,44.63,0.2781,0.1413,85,5.879,44.02,26.07,36.71,0,1,0,1
PDF_08470,2,2,37.19,11,7,1,1,20.45,0.3626,0.2026,150,6.775,65.88,42.17,40.15,0,0,0,1
PDF_08471,2,2,5.07,5,2,1,0,46.22,0.1238,0.1169,54,5.411,34.21,10.05,24.43,0,1,0,1
PDF_08472,0,3,0.0,3,1,1,0,1.03,0.1157,0.1773,91,4.801,48.0,13.8,21.16,0,0,0,1
PDF_08473,2,1,23.39,6,0,1,0,33.24,0.1955,0.1718,162,7.309,35.79,34.33,18.83,0,1,1,1
PDF_08474,1,1,26.24,6,3,1,0,20.07,0.2097,0.2146,83,5.547,59.77,28.84,37.29,0,0,0,1
PDF_08475,1,3,12.46,5,4,1,0,0.0,0.2147,0.1494,96,5.272,46.15,0.33,22.43,0,0,0,1
PDF_08476,1,3,28.3,5,9,1,0,0.0,0.2633,0.1795,69,6.775,42.65,4.56,28.89,0,0,0,1
PDF_08477,2,2,46.33,7,5,2,0,26.75,0.2658,0.1554,131,6.707,39.22,61.35,48.0,0,0,0,1
PDF_08478,0,1,13.45,5,3,0,1,39.75,0.1552,0.1519,106,5.665,24.97,16.09,10.72,0,0,1,1
PDF_08479,1,1,51.51,5,7,2,0,0.0,0.2561,0.1907,123,5.318,53.39,17.43,35.67,0,0,0,1
PDF_08480,0,2,22.33,5,5,1,1,13.13,0.3631,0.4498,125,4.23,36.09,13.08,74.02,1,0,1,1
PDF_08481,0,1,29.55,9,6,1,0,0.0,0.4049,0.4266,122,6.93,38.34,41.03,64.24,1,0,0,1
PDF_08482,2,2,87.08,8,10,1,0,37.57,0.4454,0.4929,170,5.837,83.06,80.33,92.8,1,0,0,1
PDF_08483,1,2,34.12,6,7,0,1,20.01,0.385,0.5088,201,6.62,43.29,27.1,97.48,1,0,1,1
PDF_08484,2,2,60.64,9,10,3,0,94.92,0.3113,0.3386,164,5.425,55.38,70.72,40.81,0,1,0,1
PDF_08485,1,1,0.49,1,3,1,0,0.0,0.1605,0.0949,90,5.738,17.17,15.69,0.0,0,0,1,1
PDF_08486,0,1,7.59,8,5,2,0,14.06,0.2409,0.2068,69,5.815,28.67,36.58,18.51,0,1,0,1
PDF_08487,1,2,64.12,12,6,3,0,39.13,0.3555,0.2621,159,6.782,74.93,66.72,35.87,0,0,0,1
PDF_08488,1,3,23.86,4,3,2,0,59.65,0.2065,0.2134,84,5.31,39.87,24.68,7.61,0,1,0,1
PDF_08489,3,1,30.72,7,2,1,0,18.02,0.2628,0.4608,89,5.808,48.5,6.36,75.71,1,0,0,1
PDF_08490,0,4,47.18,7,2,1,0,0.0,0.2877,0.2261,156,5.59,46.52,31.36,20.1,0,0,0,1
PDF_08491,1,1,20.09,5,2,2,0,8.2,0.2004,0.1674,93,5.774,25.46,29.11,14.91,0,0,0,1
PDF_08492,2,1,19.06,8,3,1,1,20.93,0.284,0.229,178,6.28,28.19,26.94,31.74,0,0,1,1
PDF_08493,0,2,0.0,1,5,0,0,0.0,0.2702,0.1674,46,4.557,17.96,0.0,14.66,0,0,0,1
PDF_08494,2,1,19.28,6,5,0,0,15.91,0.3173,0.2844,168,6.371,38.49,27.85,33.3,0,0,1,1
PDF_08495,3,3,40.63,5,6,1,0,0.0,0.2041,0.268,112,6.087,33.3,43.17,23.47,0,0,0,1
PDF_08496,2,3,41.27,4,3,2,0,46.33,0.2791,0.2866,104,6.575,32.18,24.26,42.92,0,0,1,1
PDF_08497,2,2,0.0,5,6,0,1,51.23,0.1972,0.2897,82,6.733,52.43,17.05,13.71,0,1,0,1
PDF_08498,1,3,84.44,14,9,2,0,65.44,0.3782,0.2475,137,6.006,45.25,67.8,54.16,0,1,0,1
PDF_08499,0,1,17.62,3,3,1,0,0.0,0.2598,0.1788,84,6.056,49.52,15.09,27.15,0,0,0,1
PDF_08500,0,1,35.89,6,2,1,0,17.07,0.2863,0.2221,173,7.096,49.85,46.76,35.75,0,0,0,1
PDF_08501,1,2,34.15,3,2,1,1,42.79,0.3434,0.3194,148,5.999,35.09,18.05,27.46,0,0,1,1
PDF_08502,2,3,22.15,6,5,2,0,35.93,0.2639,0.2101,174,5.684,40.65,23.21,29.44,0,0,1,1
PDF_08503,2,3,29.0,5,4,0,0,0.18,0.2587,0.2818,135,5.55,1.55,19.21,24.39,0,0,0,1
PDF_08504,1,2,12.47,2,5,1,0,0.0,0.1682,0.2259,91,6.169,42.82,1.86,0.0,0,0,0,1
PDF_08505,2,2,26.64,7,6,0,1,34.99,0.3075,0.4175,153,5.017,55.57,4.72,66.12,1,1,0,1
PDF_08506,1,2,10.28,6,3,0,0,0.0,0.2502,0.1798,52,7.065,33.03,22.75,22.35,0,0,0,1
PDF_08507,2,2,38.7,8,3,1,0,67.59,0.2282,0.1645,134,5.875,65.55,27.16,28.63,0,1,0,1
PDF_08508,0,3,28.35,8,8,1,0,11.2,0.223,0.2646,78,5.994,39.51,13.17,32.15,0,0,0,1
PDF_08509,1,3,30.71,8,3,1,1,24.99,0.1898,0.1829,113,5.499,31.95,11.96,17.67,0,0,1,1
PDF_08510,1,1,20.86,3,6,2,0,49.98,0.1854,0.2384,172,6.298,62.11,46.95,18.04,0,1,0,1
PDF_08511,1,2,3.72,2,3,0,0,3.04,0.1682,0.1139,66,5.817,14.31,7.98,26.74,0,0,1,1
PDF_08512,0,3,33.67,7,2,2,0,28.22,0.1916,0.2544,100,5.078,60.63,25.1,21.95,0,0,0,1
PDF_08513,1,1,38.05,6,1,1,0,21.68,0.233,0.1739,114,5.421,52.78,37.16,15.32,0,0,0,1
PDF_08514,1,2,6.11,1,1,0,0,0.0,0.1601,0.1757,131,5.655,8.59,9.08,27.09,0,0,1,1
PDF_08515,2,3,70.62,10,7,3,0,30.03,0.2955,0.2287,113,5.611,75.76,51.31,46.71,0,0,0,1
PDF_08516,1,2,44.86,6,4,2,0,51.52,0.3092,0.3211,136,6.294,76.27,35.47,34.16,0,1,0,1
PDF_08517,0,2,4.73,2,0,0,0,0.0,0.2816,0.1947,140,5.636,33.02,21.98,24.71,0,0,1,1
PDF_08518,1,2,19.96,5,7,0,1,59.77,0.1969,0.1675,152,5.069,30.0,0.0,10.78,0,1,1,1
PDF_08519,1,3,79.99,13,8,3,1,21.1,0.3643,0.3089,234,5.456,72.83,57.97,46.95,0,0,0,1
PDF_08520,1,1,11.05,4,3,1,0,26.34,0.2656,0.2348,153,5.688,48.25,35.49,38.41,0,0,0,1
PDF_08521,1,2,19.83,7,4,1,0,0.0,0.1478,0.1528,93,4.798,35.88,8.14,8.83,0,0,0,1
PDF_08522,0,2,2.27,1,3,0,0,7.34,0.1169,0.1458,79,5.997,13.42,0.0,3.75,0,0,1,1
PDF_08523,0,2,10.67,7,3,1,0,17.79,0.2463,0.1137,126,5.793,37.87,22.04,7.9,0,0,0,1
PDF_08524,1,3,9.06,2,0,0,0,0.0,0.2979,0.1684,63,4.747,30.2,6.27,37.42,0,0,1,1
PDF_08525,3,1,42.24,9,3,2,0,20.76,0.2604,0.2643,142,7.144,50.84,19.2,28.38,0,0,0,1
PDF_08526,0,2,1.8,5,2,0,0,8.68,0.1708,0.2013,48,5.463,29.28,1.07,20.09,0,0,1,1
PDF_08527,0,3,10.64,4,0,1,0,25.08,0.2322,0.1437,85,6.742,19.55,18.97,16.97,0,0,1,1
PDF_08528,1,2,29.44,7,5,0,0,57.58,0.2325,0.1938,88,5.625,26.1,13.88,35.95,0,1,1,1
PDF_08529,1,3,0.0,6,5,2,0,0.0,0.0701,0.0489,59,6.021,17.06,0.0,0.0,0,0,0,1
PDF_08530,1,2,28.97,6,7,2,0,50.95,0.2433,0.2012,98,7.194,45.59,14.48,0.91,0,1,0,1
PDF_08531,2,3,69.8,8,5,1,0,39.34,0.4207,0.536,207,5.829,55.38,53.94,99.77,1,1,0,1
PDF_08532,2,3,32.4,7,5,1,0,85.89,0.4487,0.5226,231,5.076,42.83,63.09,75.22,1,1,1,1
PDF_08533,0,3,39.37,7,5,1,0,51.24,0.1981,0.3421,142,6.626,47.08,22.17,32.2,0,0,1,1
PDF_08534,0,2,48.47,3,2,2,0,17.45,0.1791,0.2494,108,5.696,12.48,37.09,31.86,0,0,0,1
PDF_08535,1,1,6.2,5,0,2,1,0.0,0.1418,0.1549,77,5.918,14.07,29.07,19.72,0,0,0,1
PDF_08536,1,3,56.67,9,8,2,0,14.55,0.25,0.2432,128,6.092,69.12,48.77,40.74,0,0,0,1
PDF_08537,2,1,39.04,6,3,2,0,14.61,0.2985,0.1654,125,5.574,39.91,33.97,23.06,0,0,0,1
PDF_08538,2,2,28.85,7,6,1,0,25.41,0.1995,0.1709,112,5.753,66.55,52.0,16.19,0,1,0,1
PDF_08539,2,4,22.31,7,7,1,0,63.79,0.2058,0.2378,106,6.299,32.69,13.81,26.27,0,1,0,1
PDF_08540,0,2,6.27,0,2,0,1,17.01,0.208,0.1573,138,5.997,19.29,20.61,15.2,0,0,1,1
PDF_08541,0,3,16.0,9,2,3,0,15.1,0.1717,0.24,86,5.996,22.39,29.2,31.34,0,0,0,1
PDF_08542,1,1,67.67,8,6,0,0,71.63,0.3632,0.2327,142,5.937,44.6,28.11,33.65,0,1,0,1
PDF_08543,0,2,25.28,1,2,0,0,36.01,0.2104,0.1746,118,5.898,23.62,30.37,16.27,0,1,1,1
PDF_08544,2,1,12.79,3,3,0,0,13.26,0.153,0.1799,70,5.016,19.69,0.0,25.88,0,0,0,1
PDF_08545,1,1,21.99,5,4,0,0,10.21,0.2526,0.2427,113,6.648,54.95,46.36,21.44,0,0,0,1
PDF_08546,1,3,16.92,1,1,1,0,5.91,0.1931,0.1124,72,5.446,35.71,5.3,28.01,0,0,0,1
PDF_08547,1,3,54.92,9,5,3,0,19.55,0.2855,0.1612,140,6.383,59.57,45.24,33.39,0,0,0,1
PDF_08548,1,3,16.38,0,2,0,0,19.26,0.2351,0.1875,146,6.12,16.68,28.87,26.12,0,0,1,1
PDF_08549,1,4,20.08,5,3,0,0,39.99,0.298,0.1712,126,6.403,31.28,36.3,39.47,0,0,1,1
PDF_08550,2,2,24.48,9,2,2,0,47.86,0.202,0.2169,92,6.996,23.41,54.51,29.38,0,1,0,1
PDF_08551,1,3,25.8,6,5,2,0,35.46,0.1955,0.1392,100,6.134,26.57,18.94,16.98,0,1,0,1
PDF_08552,1,1,32.31,7,1,1,0,3.29,0.4462,0.4444,124,6.4,33.36,34.14,74.14,1,0,1,1
PDF_08553,0,1,0.0,2,0,0,1,0.0,0.1674,0.1768,63,5.3,7.3,9.2,7.96,0,0,1,1
PDF_08554,1,2,22.15,4,1,2,0,6.87,0.158,0.2182,101,5.536,20.41,0.0,34.24,0,0,0,1
PDF_08555,1,2,19.58,4,4,1,0,54.78,0.1455,0.1544,55,6.401,34.99,9.23,39.86,0,1,0,1
PDF_08556,1,1,7.19,7,4,0,0,40.67,0.1996,0.1765,59,5.182,3.0,0.0,14.15,0,1,0,1
PDF_08557,1,2,30.0,6,3,3,0,31.83,0.1576,0.2248,88,6.525,33.77,27.44,24.05,0,0,0,1
PDF_08558,1,3,29.85,7,5,1,0,33.47,0.2788,0.1291,113,6.588,39.23,20.53,30.27,0,0,0,1
PDF_08559,1,3,24.64,5,4,2,0,16.72,0.1978,0.2279,102,6.421,30.34,17.48,13.99,0,0,0,1
PDF_08560,2,1,43.45,5,4,3,0,15.11,0.3033,0.2267,65,5.51,57.65,11.74,29.33,0,0,0,1
PDF_08561,1,2,37.14,6,1,1,0,25.71,0.3643,0.3858,226,5.479,54.39,61.33,95.65,1,0,0,1
PDF_08562,1,2,38.56,5,7,1,0,0.0,0.2424,0.2601,111,6.075,3.15,0.77,27.15,0,0,0,1
PDF_08563,0,1,33.36,3,4,1,0,42.5,0.2854,0.4018,81,5.75,28.99,12.51,78.59,1,1,0,1
PDF_08564,2,2,59.57,7,2,1,0,16.45,0.2528,0.3725,104,6.607,47.34,30.92,46.11,0,0,0,1
PDF_08565,1,2,40.94,9,4,0,0,10.62,0.3025,0.1913,130,6.044,20.84,33.51,17.74,0,0,1,1
PDF_08566,0,3,4.0,7,1,1,0,40.09,0.1525,0.2479,98,6.009,19.25,31.19,6.83,0,1,0,1
PDF_08567,1,2,19.17,5,2,0,0,6.89,0.183,0.0963,78,4.927,36.84,18.54,14.68,0,0,1,1
PDF_08568,1,4,6.91,3,3,2,1,27.99,0.181,0.1061,46,5.674,16.14,21.88,3.77,0,1,0,1
PDF_08569,0,2,13.86,6,5,2,0,11.4,0.206,0.2092,65,5.199,53.06,16.48,24.04,0,0,0,1
PDF_08570,2,2,4.19,3,1,1,1,2.73,0.1559,0.1449,58,6.057,0.0,12.68,0.0,0,0,0,1
PDF_08571,0,1,22.19,4,7,2,0,3.51,0.2005,0.1875,142,4.692,16.2,28.19,11.43,0,0,0,1
PDF_08572,1,3,24.12,5,3,0,0,12.69,0.271,0.3325,158,5.288,47.07,37.84,30.42,0,0,1,1
PDF_08573,2,3,54.58,5,7,2,0,13.05,0.4154,0.4191,127,5.319,56.46,18.4,76.1,1,0,0,1
PDF_08574,2,4,32.63,5,5,1,0,20.34,0.316,0.2597,151,5.685,38.02,29.99,29.47,0,0,0,1
PDF_08575,1,3,37.85,6,6,0,0,42.54,0.2496,0.2489,108,6.337,41.36,34.04,28.91,0,1,1,1
PDF_08576,2,2,48.08,8,7,2,0,30.12,0.3837,0.4557,85,5.929,63.06,33.34,72.85,1,0,0,1
PDF_08577,2,3,54.68,8,6,1,0,11.01,0.2969,0.1512,117,5.933,68.92,35.49,43.52,0,0,0,1
PDF_08578,2,3,22.67,6,3,1,0,51.82,0.3007,0.1781,120,6.431,26.38,33.58,34.02,0,1,1,1
PDF_08579,1,3,51.96,5,6,2,0,22.31,0.3076,0.1842,114,5.785,27.48,48.97,22.2,0,0,0,1
PDF_08580,1,1,36.01,4,3,2,0,4.04,0.2447,0.2086,103,4.71,23.56,23.16,4.72,0,0,0,1
PDF_08581,0,1,28.38,6,6,2,0,52.88,0.3358,0.4013,137,5.312,44.1,22.03,80.93,1,1,0,1
PDF_08582,2,3,28.69,4,1,0,0,29.28,0.3152,0.2866,92,6.268,42.56,32.06,23.35,0,0,1,1
PDF_08583,0,2,22.19,4,1,1,0,0.0,0.2743,0.2065,121,6.178,61.33,25.72,31.67,0,0,0,1
PDF_08584,0,2,5.58,5,1,0,0,25.83,0.1646,0.209,118,5.595,20.27,10.9,22.83,0,1,1,1
PDF_08585,0,3,51.08,11,6,2,0,42.44,0.3685,0.4141,124,7.107,65.38,28.57,80.0,1,1,0,1
PDF_08586,0,1,15.84,4,4,1,0,0.0,0.2199,0.1788,112,5.569,45.15,28.12,21.58,0,0,0,1
PDF_08587,0,2,30.7,3,3,1,0,54.91,0.3179,0.4289,151,5.345,51.43,30.6,71.9,1,1,0,1
PDF_08588,1,2,64.88,8,5,3,0,21.16,0.3079,0.3486,155,5.912,49.44,60.63,53.73,0,0,0,1
PDF_08589,2,2,97.65,13,10,3,0,38.16,0.3265,0.2931,233,6.709,74.51,76.53,38.19,0,0,0,1
PDF_08590,0,2,41.32,6,5,2,0,50.7,0.2075,0.1958,129,5.744,50.55,50.96,20.56,0,1,0,1
PDF_08591,1,3,54.49,9,7,2,0,40.1,0.3134,0.308,131,6.224,49.06,52.58,63.0,0,0,0,1
PDF_08592,1,2,9.29,4,6,1,0,0.0,0.2581,0.1667,109,5.75,21.01,0.0,26.46,0,0,0,1
PDF_08593,0,2,16.18,6,2,0,0,11.23,0.2133,0.1298,81,5.385,25.9,6.79,28.63,0,0,1,1
PDF_08594,1,2,69.1,10,8,1,0,57.28,0.4317,0.4579,164,6.53,72.82,67.15,91.36,1,0,0,1
PDF_08595,1,1,8.66,3,0,2,0,16.43,0.156,0.078,130,5.922,19.75,13.83,6.68,0,0,1,1
PDF_08596,1,3,49.54,10,6,0,0,49.66,0.3075,0.3018,122,5.314,59.33,24.61,27.55,0,1,0,1
PDF_08597,2,2,2.18,4,5,1,0,9.84,0.1322,0.2003,104,5.617,33.69,5.83,2.84,0,0,0,1
PDF_08598,2,2,31.77,5,3,1,0,24.46,0.3047,0.1578,151,6.762,54.18,49.05,35.17,0,0,0,1
PDF_08599,0,2,12.96,6,1,0,1,9.55,0.168,0.139,118,5.851,36.32,16.39,8.76,0,0,0,1
PDF_08600,2,3,43.2,9,5,2,0,17.91,0.2888,0.3859,206,6.682,40.14,42.18,77.43,1,0,1,1
PDF_08601,1,2,46.53,9,6,1,0,0.0,0.2418,0.188,142,5.914,46.97,46.5,1.67,0,0,0,1
PDF_08602,1,2,19.23,6,5,0,1,2.12,0.2766,0.2653,148,4.819,43.76,38.45,19.33,0,0,1,1
PDF_08603,1,1,39.49,7,6,2,0,0.0,0.2474,0.2325,138,5.578,39.7,34.25,28.43,0,0,0,1
PDF_08604,1,4,56.46,7,4,2,0,0.0,0.1761,0.2447,147,5.21,41.62,31.27,34.68,0,0,0,1
PDF_08605,1,1,66.5,7,3,1,0,70.81,0.2328,0.1501,87,5.789,36.72,38.38,22.83,0,1,0,1
PDF_08606,2,2,47.19,10,7,1,1,12.03,0.2292,0.2844,108,5.668,55.65,42.37,20.16,0,0,0,1
PDF_08607,1,3,8.74,3,4,1,0,0.0,0.2142,0.1545,93,6.986,15.02,0.0,21.04,0,0,0,1
PDF_08608,0,2,3.62,8,3,0,0,31.66,0.217,0.1852,104,5.91,42.01,22.11,22.27,0,1,0,1
PDF_08609,1,1,10.4,6,2,0,0,11.77,0.3583,0.3961,119,6.211,30.15,27.52,62.33,1,0,1,1
PDF_08610,2,1,27.93,6,7,0,0,14.01,0.1698,0.3076,135,5.708,56.48,46.26,12.58,0,0,0,1
PDF_08611,2,1,49.58,4,8,2,0,31.67,0.2813,0.299,124,5.788,48.39,57.77,44.39,0,0,0,1
PDF_08612,0,3,2.44,3,3,0,0,0.0,0.1775,0.1587,64,6.017,22.04,12.63,21.42,0,0,1,1
PDF_08613,1,1,13.71,3,3,0,0,44.61,0.1906,0.2174,84,6.087,27.53,9.49,7.65,0,1,1,1
PDF_08614,2,2,39.79,4,7,1,0,76.36,0.222,0.1802,148,6.592,41.13,19.09,47.22,0,1,0,1
PDF_08615,1,3,14.22,2,3,1,0,20.14,0.1821,0.2948,105,5.56,33.06,32.25,18.21,0,0,1,1
PDF_08616,1,2,41.68,11,4,3,0,19.95,0.293,0.3301,123,6.638,55.37,50.81,35.81,0,0,0,1
PDF_08617,2,3,16.8,7,1,2,0,0.0,0.2974,0.19,131,6.005,35.0,33.21,43.98,0,0,0,1
PDF_08618,0,2,28.28,2,8,0,0,27.13,0.247,0.1729,45,5.771,45.46,13.87,20.72,0,0,0,1
PDF_08619,1,3,30.48,6,8,0,0,62.37,0.2614,0.1674,159,5.303,43.67,43.74,29.02,0,1,1,1
PDF_08620,0,2,14.92,0,1,0,0,7.27,0.2096,0.1761,57,4.614,16.51,4.73,18.34,0,0,1,1
PDF_08621,0,1,0.0,2,1,0,1,0.0,0.1614,0.101,89,5.745,8.32,6.83,31.16,0,0,1,1
PDF_08622,0,2,0.0,2,2,0,0,0.0,0.162,0.1714,83,4.873,38.91,6.27,25.76,0,0,0,1
PDF_08623,1,2,33.58,6,4,1,0,3.14,0.2421,0.0505,97,5.272,45.64,29.18,0.0,0,0,0,1
PDF_08624,2,1,56.11,11,9,3,1,25.45,0.4192,0.4881,176,5.729,53.23,15.66,88.01,1,0,0,1
PDF_08625,0,2,0.0,2,4,0,0,0.0,0.203,0.1257,75,5.411,47.63,5.43,7.18,0,0,0,1
PDF_08626,3,1,23.91,6,2,0,0,39.29,0.2702,0.3813,164,6.088,28.36,13.27,71.53,1,1,1,1
PDF_08627,2,2,41.53,10,6,2,0,26.05,0.303,0.2108,130,5.332,60.93,43.31,23.84,0,0,0,1
PDF_08628,2,3,41.81,4,2,3,0,18.61,0.2966,0.2717,94,5.75,54.74,48.92,46.68,0,0,0,1
PDF_08629,1,2,32.79,4,6,2,0,14.31,0.1865,0.1291,77,4.762,46.58,37.29,26.26,0,1,0,1
PDF_08630,1,2,8.21,8,1,0,0,29.09,0.2398,0.2631,104,6.54,42.0,23.31,18.21,0,0,0,1
PDF_08631,1,2,0.0,3,3,1,0,0.0,0.1585,0.1437,33,4.537,0.0,9.92,3.54,0,0,0,1
PDF_08632,1,2,52.06,10,5,0,0,25.29,0.2573,0.217,128,6.225,57.47,36.51,29.59,0,0,0,1
PDF_08633,3,3,39.19,9,5,1,0,63.31,0.3343,0.2879,180,6.488,50.22,44.98,43.58,0,1,1,1
PDF_08634,1,2,7.23,6,3,2,0,60.39,0.1861,0.2254,114,5.386,45.03,31.25,31.5,0,1,0,1
PDF_08635,3,2,24.22,4,2,1,0,0.21,0.1732,0.2612,103,6.518,34.37,22.0,17.41,0,0,1,1
PDF_08636,1,1,18.76,3,3,1,0,11.04,0.1483,0.2478,124,5.983,31.25,33.45,24.44,0,0,1,1
PDF_08637,1,2,22.47,2,3,0,0,8.13,0.1694,0.2166,76,4.942,26.11,14.57,26.31,0,0,1,1
PDF_08638,1,2,46.23,4,7,1,0,0.0,0.1965,0.1916,160,5.295,46.34,27.72,19.15,0,0,0,1
PDF_08639,0,1,0.0,2,2,0,1,0.0,0.2329,0.3375,84,5.169,0.0,1.9,71.05,1,0,0,1
PDF_08640,0,1,10.15,4,1,0,0,30.42,0.2091,0.3117,138,4.708,11.23,0.0,64.07,1,1,1,1
PDF_08641,0,1,12.63,1,4,2,0,73.22,0.2349,0.2132,112,5.938,18.97,3.76,10.65,0,1,0,1
PDF_08642,1,2,32.69,6,3,1,0,53.12,0.2098,0.2284,114,5.971,34.72,34.36,30.13,0,1,0,1
PDF_08643,1,1,22.16,7,8,1,1,20.01,0.1893,0.1623,103,6.108,36.64,13.53,15.94,0,0,0,1
PDF_08644,1,3,75.5,8,10,3,0,93.47,0.3484,0.2659,208,6.605,67.14,56.24,47.96,0,1,0,1
PDF_08645,2,2,58.64,10,10,2,1,56.51,0.3108,0.2957,128,5.952,60.21,63.8,43.25,0,0,0,1
PDF_08646,2,3,24.27,6,5,1,0,42.95,0.2118,0.1571,147,6.965,42.96,37.42,18.05,0,0,0,1
PDF_08647,1,2,16.69,3,8,1,0,0.0,0.1937,0.131,126,6.259,24.52,31.01,10.08,0,0,0,1
PDF_08648,1,1,44.44,15,6,0,1,25.0,0.236,0.1737,94,5.904,48.21,42.45,43.32,0,0,0,1
PDF_08649,1,1,34.91,9,5,2,0,24.33,0.2841,0.1159,97,5.734,36.95,43.09,21.76,0,0,0,1
PDF_08650,0,3,40.36,5,8,2,0,46.97,0.2784,0.1924,150,6.381,43.19,49.74,28.39,0,1,0,1
PDF_08651,0,1,0.0,5,4,1,0,15.56,0.1981,0.216,62,5.85,43.02,25.33,32.62,0,0,0,1
PDF_08652,0,2,7.45,6,0,1,0,5.78,0.288,0.3675,128,5.847,21.77,35.25,71.29,1,0,0,1
PDF_08653,1,2,13.03,8,4,2,0,0.56,0.3083,0.207,130,5.575,33.55,22.15,13.85,0,0,0,1
PDF_08654,1,2,42.69,14,7,2,0,16.04,0.2447,0.1818,166,6.68,50.41,26.02,27.62,0,0,0,1
PDF_08655,2,2,51.51,11,4,2,0,48.82,0.206,0.2562,89,6.895,71.81,61.52,41.2,0,1,0,1
PDF_08656,0,1,24.23,1,4,0,1,3.92,0.2373,0.3013,129,4.313,20.95,31.05,12.21,0,0,1,1
PDF_08657,1,1,23.09,5,5,1,0,0.0,0.1012,0.2202,87,4.153,40.29,13.94,22.19,0,0,0,1
PDF_08658,0,2,51.5,10,2,1,1,27.16,0.263,0.278,148,6.393,57.06,32.53,37.46,0,0,0,1
PDF_08659,1,2,23.17,8,4,2,0,0.0,0.2158,0.1709,89,6.396,33.56,22.07,18.71,0,0,0,1
PDF_08660,1,3,38.05,2,6,1,0,21.0,0.1761,0.2775,139,7.003,63.63,38.88,13.17,0,0,0,1
PDF_08661,2,3,59.29,10,1,1,0,20.88,0.364,0.4369,188,6.822,57.21,55.19,100.0,1,0,0,1
PDF_08662,2,2,23.88,3,4,1,0,3.97,0.3815,0.4449,132,6.589,35.55,30.06,78.67,1,0,1,1
PDF_08663,2,3,70.62,13,8,3,1,28.55,0.3276,0.3518,120,6.988,89.33,71.38,45.2,0,0,0,1
PDF_08664,2,2,27.73,10,5,0,0,25.82,0.1864,0.2395,67,5.969,58.13,28.98,11.82,0,0,0,1
PDF_08665,1,3,21.2,4,8,3,0,7.72,0.1652,0.2399,161,6.495,59.48,17.95,28.2,0,0,0,1
PDF_08666,1,2,16.2,5,0,0,0,0.0,0.1861,0.0907,76,6.114,31.99,0.0,5.36,0,0,0,1
PDF_08667,1,3,41.39,8,10,0,1,35.78,0.3079,0.3528,163,6.118,35.13,44.09,49.73,0,0,1,1
PDF_08668,0,2,26.94,10,6,0,1,25.21,0.2636,0.1405,107,5.979,56.31,33.61,39.06,0,0,0,1
PDF_08669,1,3,53.62,4,8,2,0,38.9,0.3737,0.4214,164,6.635,35.8,47.61,86.52,1,0,0,1
PDF_08670,2,2,54.47,8,8,2,0,33.91,0.2714,0.1658,134,5.642,59.15,46.49,33.89,0,0,0,1
PDF_08671,0,1,9.59,4,5,0,0,0.0,0.1577,0.1678,44,6.402,14.56,5.63,14.94,0,0,0,1
PDF_08672,1,3,42.87,8,11,1,0,22.71,0.3746,0.4167,104,5.958,53.4,35.76,84.31,1,0,0,1
PDF_08673,2,2,19.72,5,2,3,0,1.3,0.2258,0.2159,168,5.056,29.87,54.66,4.95,0,0,0,1
PDF_08674,1,2,50.63,6,6,2,1,73.38,0.2734,0.3171,88,7.568,46.22,27.36,47.61,0,1,0,1
PDF_08675,2,1,28.34,5,3,1,0,0.0,0.2871,0.3691,92,6.087,44.51,33.94,70.75,1,0,0,1
PDF_08676,1,2,0.0,3,4,1,0,0.0,0.159,0.1633,61,5.293,11.15,8.37,6.82,0,0,0,1
PDF_08677,1,2,30.22,5,0,1,0,0.0,0.2148,0.1858,84,5.083,25.67,21.3,14.45,0,0,1,1
PDF_08678,0,3,0.0,5,2,1,0,0.0,0.2077,0.304,83,6.699,38.49,15.22,29.96,0,0,0,1
PDF_08679,2,3,56.65,11,5,1,0,64.98,0.4054,0.4939,184,7.137,54.83,64.53,86.19,1,0,1,1
PDF_08680,2,1,50.57,5,4,1,0,15.71,0.2607,0.1829,146,5.937,46.57,40.91,28.96,0,0,0,1
PDF_08681,2,2,11.03,5,3,1,0,37.84,0.2359,0.2217,86,5.659,30.34,1.67,18.81,0,1,0,1
PDF_08682,1,3,32.51,7,5,2,0,10.25,0.2484,0.13,123,6.433,53.62,33.6,24.6,0,0,0,1
PDF_08683,1,2,0.0,0,3,0,0,0.0,0.2605,0.4071,90,5.957,12.98,17.74,66.07,1,0,1,1
PDF_08684,1,1,12.6,9,5,1,0,0.0,0.2617,0.241,92,7.064,67.33,24.3,27.43,0,0,0,1
PDF_08685,0,3,5.25,4,2,1,0,18.21,0.1453,0.1263,102,5.184,57.43,20.01,17.04,0,0,0,1
PDF_08686,2,2,27.24,6,4,1,0,6.64,0.2458,0.176,124,5.83,41.12,42.7,9.39,0,0,0,1
PDF_08687,3,2,32.06,8,1,2,1,21.1,0.3694,0.2451,166,5.954,35.68,41.87,42.31,0,0,1,1
PDF_08688,1,2,16.11,5,3,0,0,7.43,0.355,0.4694,142,7.111,25.53,28.05,57.43,1,0,1,1
PDF_08689,3,3,34.85,7,6,2,1,24.2,0.309,0.308,114,6.865,56.74,26.69,23.03,0,0,0,1
PDF_08690,1,2,17.01,5,6,0,0,21.78,0.286,0.244,134,5.568,34.77,20.11,12.61,0,0,1,1
PDF_08691,1,2,32.81,3,4,3,0,47.17,0.2569,0.1831,102,6.135,30.86,24.01,36.56,0,1,0,1
PDF_08692,0,2,21.57,5,4,1,0,0.0,0.2822,0.1761,47,5.37,38.36,13.5,14.79,0,0,0,1
PDF_08693,0,2,0.0,0,0,0,0,0.0,0.2276,0.3355,94,5.148,12.93,3.46,66.25,1,1,1,1
PDF_08694,1,2,17.12,4,7,1,0,18.39,0.2072,0.1719,132,5.95,41.24,37.38,17.45,0,0,0,1
PDF_08695,3,1,71.38,13,7,3,0,49.09,0.3193,0.234,166,7.301,61.53,84.56,38.56,0,0,0,1
PDF_08696,0,1,0.0,3,3,1,0,0.0,0.1236,0.0744,57,5.345,12.18,3.2,20.91,0,0,0,1
PDF_08697,1,1,8.66,4,2,0,1,58.02,0.2577,0.1569,73,5.522,31.0,10.07,14.56,0,1,1,1
PDF_08698,2,2,33.4,8,4,0,0,18.77,0.2432,0.3637,118,5.526,32.14,32.88,44.46,0,0,1,1
PDF_08699,0,2,12.87,1,2,0,0,26.46,0.1648,0.2613,112,6.257,22.68,12.67,25.76,0,0,1,1
PDF_08700,1,2,0.0,4,2,1,0,33.42,0.0802,0.125,5,4.928,4.74,0.0,26.88,0,1,0,1
PDF_08701,1,1,0.0,1,4,0,1,0.0,0.1219,0.1587,122,5.22,13.42,9.02,5.86,0,0,1,1
PDF_08702,1,2,51.06,5,4,1,0,12.86,0.3543,0.4225,133,4.912,31.23,47.82,86.3,1,0,0,1
PDF_08703,1,2,0.0,9,7,1,1,16.45,0.1547,0.1434,116,6.126,13.47,13.73,15.17,0,0,0,1
PDF_08704,1,3,23.6,2,4,0,0,9.62,0.1756,0.189,113,5.428,27.39,10.56,20.7,0,0,1,1
PDF_08705,1,1,18.56,7,1,0,0,27.59,0.2708,0.2627,73,5.371,16.43,2.84,23.36,0,0,1,1
PDF_08706,0,3,43.67,3,1,0,0,0.0,0.2517,0.0995,78,5.79,42.67,20.6,18.98,0,0,0,1
PDF_08707,2,1,6.23,3,1,0,1,46.96,0.3104,0.1461,110,5.461,16.08,0.0,15.64,0,1,1,1
PDF_08708,0,2,44.08,7,9,2,0,6.59,0.2512,0.3635,100,5.5,60.02,32.29,36.0,0,0,0,1
PDF_08709,2,2,67.8,8,4,2,0,27.89,0.509,0.4983,196,6.165,92.92,57.0,87.59,1,0,0,1
PDF_08710,2,1,3.19,5,5,1,0,2.96,0.2382,0.1549,80,5.309,31.98,18.63,39.68,0,0,0,1
PDF_08711,2,3,46.08,10,7,2,0,29.53,0.2613,0.3099,158,5.632,35.07,47.04,15.47,0,0,0,1
PDF_08712,1,3,15.84,1,1,0,0,40.44,0.2196,0.1736,126,5.175,26.75,4.46,25.77,0,0,1,1
PDF_08713,0,3,23.25,6,3,0,0,33.29,0.255,0.1713,121,6.342,26.99,19.03,17.72,0,1,1,1
PDF_08714,1,3,14.71,3,3,1,0,0.0,0.1711,0.1683,64,5.882,15.97,0.0,4.85,0,0,0,1
PDF_08715,1,2,34.77,7,3,0,1,1.36,0.1731,0.1576,76,5.49,43.74,20.91,39.63,0,0,0,1
PDF_08716,2,4,60.24,11,10,2,0,64.96,0.3269,0.2005,198,5.374,61.38,66.6,50.72,0,1,0,1
PDF_08717,1,2,18.45,1,0,1,0,17.71,0.1367,0.2026,65,4.315,40.6,0.17,28.1,0,0,0,1
PDF_08718,1,2,13.83,5,5,0,0,0.0,0.2285,0.0829,76,7.035,27.62,30.04,26.24,0,0,1,1
PDF_08719,1,2,13.07,1,3,0,0,39.97,0.2362,0.249,161,6.263,14.4,8.02,43.38,0,1,1,1
PDF_08720,0,2,27.36,6,7,1,0,6.91,0.2338,0.2108,117,5.387,53.58,22.97,19.39,0,0,0,1
PDF_08721,2,3,12.99,5,3,1,0,41.72,0.1227,0.1995,94,6.004,26.62,18.14,14.81,0,1,0,1
PDF_08722,1,2,32.57,10,4,1,0,0.0,0.2491,0.2054,150,4.656,29.09,15.26,10.21,0,0,0,1
PDF_08723,2,2,39.05,7,6,2,0,1.31,0.2916,0.2436,110,6.405,29.07,57.65,31.97,0,0,0,1
PDF_08724,0,2,34.91,6,5,1,0,12.53,0.2322,0.2636,152,6.472,54.45,22.28,23.82,0,0,0,1
PDF_08725,0,1,30.55,5,0,2,0,0.0,0.1135,0.1908,49,5.663,20.75,12.41,27.49,0,0,0,1
PDF_08726,1,2,19.44,6,3,1,0,16.09,0.2287,0.243,124,6.982,27.87,19.31,33.64,0,0,1,1
PDF_08727,1,3,39.87,7,6,2,0,6.01,0.2761,0.259,109,5.868,30.47,31.18,30.1,0,0,0,1
PDF_08728,1,3,63.72,10,4,2,1,65.06,0.3329,0.231,190,6.536,73.58,67.09,40.05,0,1,0,1
PDF_08729,1,1,7.33,6,2,0,1,7.45,0.2222,0.1998,109,4.793,11.15,11.07,12.64,0,0,1,1
PDF_08730,1,3,14.65,5,4,2,0,19.88,0.3578,0.4022,180,5.873,28.87,25.17,81.31,1,0,1,1
PDF_08731,2,3,69.59,9,10,2,0,33.84,0.4341,0.4741,156,5.706,68.23,77.01,78.02,1,0,0,1
PDF_08732,2,1,24.14,6,5,1,0,61.5,0.2397,0.2947,107,5.298,42.2,19.44,32.83,0,1,1,1
PDF_08733,0,2,3.34,3,6,2,0,31.59,0.2121,0.1653,39,5.642,38.35,0.0,6.33,0,1,0,1
PDF_08734,2,2,6.77,2,4,1,0,13.05,0.1582,0.1097,131,6.107,15.72,19.69,2.88,0,0,0,1
PDF_08735,2,2,83.33,15,9,2,0,32.41,0.4129,0.2824,183,5.492,75.84,84.19,56.45,0,0,0,1
PDF_08736,4,2,34.87,6,3,2,0,61.42,0.3734,0.2076,125,6.68,44.46,54.75,57.73,0,1,1,1
PDF_08737,0,2,29.76,4,5,2,0,3.13,0.2417,0.2215,110,5.108,36.81,21.59,14.78,0,0,0,1
PDF_08738,1,2,10.85,5,4,0,0,21.9,0.1756,0.1877,133,5.361,23.21,6.32,27.62,0,0,1,1
PDF_08739,1,2,24.31,7,2,0,0,25.8,0.2336,0.2046,5,5.828,8.17,11.19,19.45,0,1,0,1
PDF_08740,1,1,5.65,1,3,0,0,4.0,0.2074,0.1325,88,5.265,28.52,8.71,12.58,0,0,1,1
PDF_08741,2,3,31.15,7,5,1,0,28.25,0.268,0.2212,135,5.247,41.57,44.18,26.13,0,0,1,1
PDF_08742,2,2,18.35,8,2,0,0,27.75,0.2503,0.1947,145,5.585,46.09,24.04,26.97,0,0,1,1
PDF_08743,2,3,39.53,10,2,3,0,23.58,0.3855,0.5066,176,5.863,60.6,37.9,66.21,1,0,0,1
PDF_08744,1,1,0.0,3,5,0,0,0.0,0.162,0.1162,39,5.865,0.0,0.0,0.0,0,0,0,1
PDF_08745,1,2,29.2,4,5,1,0,5.03,0.1713,0.1789,80,4.783,31.38,0.0,16.75,0,0,0,1
PDF_08746,1,1,0.0,1,2,1,0,35.87,0.2749,0.3918,122,6.067,42.94,14.03,58.25,1,1,0,1
PDF_08747,2,2,45.07,4,4,2,0,22.66,0.1696,0.1482,123,4.844,41.02,23.38,27.28,0,0,0,1
PDF_08748,1,3,42.29,3,3,1,0,43.36,0.2699,0.2422,147,6.534,33.6,34.89,35.19,0,1,1,1
PDF_08749,0,2,0.15,0,2,0,0,18.59,0.1278,0.1923,60,5.002,15.73,0.0,1.52,0,1,1,1
PDF_08750,1,3,30.07,0,3,0,0,75.76,0.2384,0.2034,117,5.965,24.83,9.63,39.18,0,1,1,1
PDF_08751,1,2,17.37,5,3,0,0,57.43,0.271,0.3424,124,7.589,16.87,24.69,42.03,1,1,0,1
PDF_08752,2,2,0.0,5,4,0,0,0.0,0.2304,0.3996,110,6.1,6.78,28.51,54.97,1,0,0,1
PDF_08753,1,1,8.39,4,5,0,0,0.0,0.157,0.1791,73,5.735,30.89,0.0,8.2,0,0,0,1
PDF_08754,2,3,34.88,6,7,3,0,29.45,0.2607,0.2085,139,6.116,49.38,29.88,25.7,0,1,0,1
PDF_08755,2,2,39.82,11,4,2,0,24.55,0.2402,0.2401,163,4.714,42.14,64.1,32.03,0,0,0,1
PDF_08756,2,2,80.59,11,12,1,0,33.29,0.3747,0.346,167,6.776,73.56,70.52,53.5,0,0,0,1
PDF_08757,2,2,66.38,7,6,0,0,21.76,0.3334,0.285,143,7.033,64.89,63.61,38.72,0,0,0,1
PDF_08758,1,2,33.68,7,1,3,1,26.42,0.2973,0.2105,181,6.377,31.33,43.04,38.56,0,0,1,1
PDF_08759,0,2,19.48,3,4,2,0,45.43,0.2825,0.4966,129,6.086,50.24,40.96,85.94,1,0,0,1
PDF_08760,1,2,14.43,2,5,0,0,0.0,0.1922,0.1357,92,4.962,31.54,19.95,6.31,0,0,0,1
PDF_08761,1,1,47.16,6,5,2,0,31.96,0.3529,0.428,131,6.937,31.6,18.84,73.97,1,0,0,1
PDF_08762,2,2,12.87,7,7,1,0,0.0,0.3816,0.3949,63,5.304,46.69,22.64,48.3,1,0,0,1
PDF_08763,1,1,7.55,5,5,0,0,13.45,0.1663,0.1435,48,4.431,29.59,25.75,14.26,0,0,0,1
PDF_08764,0,3,41.73,6,6,1,0,41.11,0.3058,0.4722,166,6.346,50.89,17.08,64.18,1,1,0,1
PDF_08765,2,2,0.0,2,0,1,0,26.18,0.1673,0.2721,84,5.21,34.07,29.45,27.1,0,1,0,1
PDF_08766,0,1,0.0,3,1,0,0,22.22,0.1333,0.0933,96,5.396,11.48,1.64,19.75,0,1,1,1
PDF_08767,1,1,13.46,4,4,0,0,12.49,0.2303,0.3511,82,5.172,3.79,0.0,60.68,1,0,1,1
PDF_08768,2,3,10.25,4,1,1,0,13.58,0.2883,0.4706,120,5.323,15.42,0.0,65.39,1,1,1,1
PDF_08769,1,3,11.88,3,2,1,0,29.64,0.1793,0.2916,74,6.748,40.06,16.02,9.73,0,0,1,1
PDF_08770,0,2,0.0,0,1,1,0,13.06,0.3285,0.4504,78,4.939,35.13,7.91,68.55,1,0,0,1
PDF_08771,1,1,26.19,3,5,1,0,17.56,0.2209,0.3087,97,5.676,30.36,18.49,22.64,0,0,0,1
PDF_08772,0,2,2.37,2,3,0,0,2.22,0.0412,0.1569,72,5.654,17.74,0.0,14.43,0,0,1,1
PDF_08773,1,2,27.82,5,3,1,0,19.08,0.23,0.195,109,5.642,45.9,19.46,24.89,0,0,0,1
PDF_08774,2,2,35.42,5,7,2,0,37.4,0.3614,0.3773,190,5.178,31.83,32.49,82.33,1,0,1,1
PDF_08775,1,1,5.83,3,4,2,0,0.0,0.1919,0.1433,75,4.921,23.16,18.91,21.46,0,0,0,1
PDF_08776,0,2,5.53,3,3,1,0,30.89,0.1222,0.2476,95,6.13,19.68,2.09,13.0,0,1,1,1
PDF_08777,1,2,36.25,8,5,1,0,28.6,0.4036,0.404,152,6.091,56.89,54.65,82.07,1,0,0,1
PDF_08778,2,3,96.45,11,9,3,1,48.37,0.3038,0.2684,162,6.027,84.8,78.86,43.8,0,0,0,1
PDF_08779,1,3,31.73,6,3,0,0,0.0,0.3723,0.3793,97,6.342,6.14,29.83,53.27,1,0,0,1
PDF_08780,1,2,59.14,7,2,2,0,36.26,0.2884,0.2117,172,5.767,51.61,40.05,47.06,0,0,0,1
PDF_08781,2,3,47.66,6,5,1,1,22.66,0.3153,0.2425,102,6.852,58.32,47.48,41.74,0,0,0,1
PDF_08782,0,2,5.16,3,5,1,0,13.92,0.1468,0.145,94,4.999,36.88,0.0,17.9,0,0,0,1
PDF_08783,0,2,6.48,7,0,2,0,28.45,0.1938,0.201,133,4.966,40.72,20.1,26.47,0,0,0,1
PDF_08784,2,3,49.49,12,7,2,0,56.51,0.3373,0.2554,165,6.043,68.25,61.9,43.73,0,1,0,1
PDF_08785,1,1,0.0,4,0,0,0,0.0,0.2235,0.2736,72,6.271,10.27,0.0,68.94,1,0,1,1
PDF_08786,0,3,20.26,7,6,2,0,20.22,0.2836,0.2249,108,5.739,50.51,53.17,32.74,0,0,0,1
PDF_08787,2,2,27.34,7,6,0,0,57.03,0.2294,0.2713,78,4.899,33.18,25.55,27.31,0,1,0,1
PDF_08788,1,1,24.63,3,3,0,0,12.84,0.4042,0.392,83,6.128,31.17,3.68,68.48,1,0,0,1
PDF_08789,2,1,34.48,4,4,1,0,67.94,0.2634,0.1771,121,6.162,31.88,28.68,39.1,0,1,1,1
PDF_08790,2,1,22.18,4,1,0,0,7.21,0.2324,0.2242,151,6.578,25.27,32.17,8.94,0,0,1,1
PDF_08791,2,2,63.64,6,7,2,0,25.38,0.4284,0.525,148,5.768,47.78,55.87,75.25,1,0,0,1
PDF_08792,0,2,42.68,9,7,0,0,31.79,0.3279,0.1891,114,5.492,47.76,40.58,26.44,0,0,0,1
PDF_08793,1,3,54.73,11,7,2,0,38.38,0.4217,0.2899,204,6.957,49.19,59.29,50.72,0,0,1,1
PDF_08794,1,2,11.83,5,4,0,0,0.0,0.2222,0.1249,64,5.604,27.13,13.9,18.38,0,0,0,1
PDF_08795,1,2,25.12,5,2,1,0,26.11,0.2476,0.2375,74,5.561,9.62,27.22,19.41,0,0,0,1
PDF_08796,1,2,16.83,3,3,1,0,68.45,0.2309,0.2205,146,6.352,25.08,21.64,37.52,0,1,1,1
PDF_08797,1,2,0.0,0,1,0,0,40.65,0.2032,0.1066,79,5.993,7.87,0.0,8.13,0,1,1,1
PDF_08798,2,3,29.58,7,5,1,1,26.95,0.3168,0.2375,75,5.041,42.94,29.12,18.4,0,0,0,1
PDF_08799,1,2,33.6,4,2,2,0,47.0,0.2249,0.1429,111,5.072,23.65,28.16,2.38,0,1,0,1
PDF_08800,1,3,18.11,4,3,1,0,0.0,0.3001,0.203,87,5.981,47.08,42.3,22.57,0,0,1,1
PDF_08801,1,1,11.71,4,0,0,0,27.71,0.2059,0.2681,101,6.206,27.27,17.42,7.0,0,0,1,1
PDF_08802,0,2,12.51,7,0,1,0,4.3,0.3119,0.3975,155,5.656,28.82,29.52,58.34,1,0,0,1
PDF_08803,1,2,5.73,4,1,0,0,23.87,0.2128,0.2165,76,5.079,41.04,0.0,8.25,0,0,0,1
PDF_08804,2,4,45.43,9,5,2,0,62.71,0.2975,0.2222,168,6.22,77.2,50.92,55.45,0,1,0,1
PDF_08805,1,2,6.54,4,1,1,0,27.69,0.2196,0.1775,114,6.185,6.78,1.73,13.5,0,1,0,1
PDF_08806,1,1,31.13,6,5,0,1,44.61,0.2322,0.2494,108,5.92,27.01,23.07,20.96,0,1,0,1
PDF_08807,0,4,42.83,6,2,2,0,12.19,0.302,0.3623,138,6.249,30.7,33.73,67.07,1,0,0,1
PDF_08808,3,3,65.59,6,6,1,0,52.31,0.2941,0.2359,149,5.733,57.16,45.82,48.98,0,0,0,1
PDF_08809,1,3,61.83,12,5,2,0,35.91,0.299,0.1749,165,6.051,68.46,46.34,46.87,0,0,0,1
PDF_08810,1,3,13.56,2,1,0,0,8.96,0.2786,0.1187,103,5.302,20.65,18.25,16.97,0,0,1,1
PDF_08811,0,2,15.32,7,3,1,0,11.67,0.3019,0.4369,125,5.934,18.42,18.32,51.26,1,0,0,1
PDF_08812,1,2,30.97,4,3,1,0,34.25,0.1746,0.2073,102,5.214,49.92,39.95,43.11,0,0,0,1
PDF_08813,1,2,6.7,3,4,1,0,0.0,0.118,0.2,94,5.827,14.92,0.0,1.67,0,0,0,1
PDF_08814,1,1,15.47,3,3,0,0,0.0,0.271,0.1175,86,6.393,19.37,9.74,12.2,0,0,1,1
PDF_08815,1,2,8.19,0,2,0,1,0.0,0.1724,0.1633,128,5.535,31.16,20.89,16.19,0,0,1,1
PDF_08816,0,2,29.68,4,1,1,0,21.9,0.1896,0.1039,67,5.911,44.59,36.64,27.56,0,0,0,1
PDF_08817,0,2,21.94,8,0,1,0,61.07,0.2915,0.1595,98,5.538,54.34,13.83,7.08,0,1,0,1
PDF_08818,1,3,27.68,6,6,2,0,15.99,0.2789,0.2469,99,5.684,45.88,35.11,20.23,0,0,0,1
PDF_08819,1,2,11.02,0,0,0,1,7.98,0.3009,0.3218,82,5.302,29.82,0.0,70.36,1,0,1,1
PDF_08820,0,2,0.0,2,2,0,0,15.08,0.1749,0.166,64,5.882,10.32,0.0,9.61,0,1,1,1
PDF_08821,1,2,23.86,8,4,1,1,13.3,0.2229,0.2826,94,5.817,35.33,48.81,27.08,0,0,0,1
PDF_08822,2,1,37.0,6,5,1,0,8.46,0.3462,0.4283,106,5.936,50.38,43.8,62.34,1,0,0,1
PDF_08823,1,1,11.09,4,3,2,0,4.31,0.224,0.2571,75,6.185,28.01,11.63,23.31,0,0,0,1
PDF_08824,1,2,35.81,5,3,1,0,9.93,0.2344,0.2617,130,6.376,22.27,43.66,22.4,0,0,0,1
PDF_08825,0,1,10.85,3,4,0,0,37.73,0.1513,0.1413,101,6.314,28.42,16.78,10.62,0,1,0,1
PDF_08826,1,1,28.8,9,5,2,0,58.04,0.2622,0.2276,142,4.657,65.56,36.03,6.01,0,1,0,1
PDF_08827,1,2,28.15,5,3,1,0,45.62,0.3318,0.3722,172,6.617,50.35,7.66,63.79,1,1,0,1
PDF_08828,1,3,35.12,8,7,1,0,60.69,0.3725,0.4507,168,7.099,67.13,40.91,75.99,1,1,0,1
PDF_08829,1,3,11.37,0,0,0,0,10.1,0.2051,0.1396,83,5.733,30.82,3.56,25.97,0,0,1,1
PDF_08830,2,2,37.92,7,4,0,0,61.13,0.2721,0.266,164,7.054,26.88,23.33,40.82,0,1,1,1
PDF_08831,0,2,61.88,9,5,1,0,51.57,0.4081,0.3937,151,5.572,58.69,21.2,68.34,1,1,0,1
PDF_08832,1,3,47.12,4,6,0,0,46.88,0.242,0.1649,125,6.197,40.11,40.14,35.78,0,1,0,1
PDF_08833,1,2,41.35,4,6,1,0,53.98,0.2604,0.2188,154,6.868,42.98,48.44,45.06,0,1,1,1
PDF_08834,1,2,73.23,14,8,2,0,54.99,0.4423,0.5075,195,6.14,78.99,73.45,90.29,1,0,0,1
PDF_08835,0,2,0.65,4,4,1,0,21.35,0.2349,0.2024,77,5.527,30.58,0.0,3.64,0,0,0,1
PDF_08836,2,2,16.59,7,2,0,0,23.67,0.3238,0.4189,224,6.347,43.42,33.33,68.49,1,0,1,1
PDF_08837,1,2,0.0,1,2,1,0,0.0,0.0193,0.0617,73,5.738,18.91,0.0,14.98,0,0,1,1
PDF_08838,1,3,25.63,5,4,1,1,48.32,0.2556,0.2364,85,6.62,31.84,33.48,60.62,0,1,1,1
PDF_08839,2,3,26.51,8,6,0,1,41.36,0.4047,0.3614,143,5.948,31.5,36.8,73.23,1,0,1,1
PDF_08840,1,3,90.19,14,11,3,0,26.77,0.3727,0.371,197,7.447,98.71,91.71,44.59,0,0,0,1
PDF_08841,1,3,12.92,8,1,0,0,23.83,0.4082,0.47,109,6.696,33.83,15.49,74.04,1,0,1,1
PDF_08842,2,1,33.78,3,4,1,0,23.96,0.2489,0.2903,81,6.784,49.22,34.25,41.46,0,0,0,1
PDF_08843,0,1,19.46,2,6,1,0,0.0,0.2887,0.293,111,6.346,7.32,5.63,38.79,1,0,0,1
PDF_08844,1,1,0.0,5,3,0,0,0.58,0.1495,0.2961,66,6.302,28.71,6.98,13.54,0,0,0,1
PDF_08845,3,2,52.79,8,4,3,0,34.02,0.3059,0.2751,113,6.704,45.73,54.74,40.17,0,0,0,1
PDF_08846,2,1,59.46,5,6,2,0,3.84,0.2253,0.2776,164,5.177,49.73,35.23,29.98,0,0,0,1
PDF_08847,2,3,62.62,7,6,1,0,50.96,0.4129,0.3629,244,7.143,51.95,41.57,85.84,1,0,0,1
PDF_08848,1,2,24.93,4,5,2,0,0.18,0.2181,0.2615,119,7.067,27.95,17.2,16.26,0,0,0,1
PDF_08849,3,1,35.32,9,7,0,0,15.86,0.3781,0.3759,129,5.662,34.31,38.01,85.81,1,0,0,1
PDF_08850,1,3,15.6,3,4,1,1,0.0,0.0844,0.1815,123,5.687,13.52,0.0,8.53,0,0,0,1
PDF_08851,1,2,37.03,7,6,2,0,8.48,0.3119,0.2446,113,5.748,45.99,46.16,18.1,0,0,0,1
PDF_08852,3,1,59.26,9,8,0,0,35.32,0.3149,0.2979,105,5.147,61.35,51.33,32.39,0,0,0,1
PDF_08853,1,1,17.55,4,0,0,0,0.0,0.1702,0.2117,140,5.265,26.27,15.4,11.13,0,0,1,1
PDF_08854,1,2,23.82,3,3,1,0,38.29,0.1712,0.1403,62,5.446,38.21,3.95,22.19,0,1,0,1
PDF_08855,0,1,0.0,1,0,1,1,20.67,0.1176,0.2458,67,6.325,0.0,5.01,11.02,0,1,0,1
PDF_08856,0,3,65.41,8,7,2,0,62.16,0.3751,0.283,145,5.929,82.19,40.87,51.67,0,0,0,1
PDF_08857,2,2,56.52,7,7,1,0,21.4,0.2548,0.2671,124,4.519,61.67,39.5,15.77,0,0,0,1
PDF_08858,0,2,17.47,5,9,1,0,48.7,0.2537,0.1875,115,6.753,48.51,53.34,19.5,0,1,0,1
PDF_08859,0,2,22.26,3,3,1,0,27.79,0.2931,0.2331,122,6.718,59.1,42.8,20.17,0,0,0,1
PDF_08860,0,2,35.39,6,9,1,0,53.82,0.2892,0.5015,138,5.667,29.41,40.87,73.54,1,1,0,1
PDF_08861,0,1,25.38,2,2,0,0,0.0,0.2267,0.2241,58,5.665,27.41,11.29,29.23,0,0,1,1
PDF_08862,2,2,24.33,9,4,1,0,43.92,0.2222,0.2732,81,4.583,38.43,39.92,12.36,0,1,0,1
PDF_08863,1,3,22.52,8,5,1,0,17.84,0.2349,0.18,123,5.479,30.08,35.11,27.32,0,0,0,1
PDF_08864,1,2,7.51,2,3,0,0,47.8,0.2567,0.3763,101,5.285,24.94,9.14,53.05,1,1,1,1
PDF_08865,1,2,14.18,4,4,1,0,0.0,0.2334,0.4752,105,5.217,28.29,20.07,35.88,1,0,0,1
PDF_08866,0,2,16.87,5,5,2,0,0.0,0.2692,0.1917,40,5.304,38.34,0.0,27.9,0,0,0,1
PDF_08867,3,1,31.24,5,1,1,0,1.81,0.2366,0.2143,125,5.764,9.85,24.04,19.16,0,0,0,1
PDF_08868,1,1,18.1,6,3,0,0,43.8,0.2901,0.4319,152,5.678,35.87,22.14,81.11,1,1,0,1
PDF_08869,0,2,27.43,3,5,1,0,20.33,0.2549,0.1593,94,5.133,45.92,45.6,21.89,0,0,0,1
PDF_08870,2,2,43.32,9,5,2,0,19.58,0.3763,0.4268,192,6.687,59.96,36.25,79.71,1,0,1,1
PDF_08871,2,3,41.38,9,4,1,0,21.41,0.2266,0.1861,142,6.336,53.98,54.13,28.3,0,0,0,1
PDF_08872,1,1,18.71,4,5,0,0,6.68,0.0671,0.1036,66,5.16,0.0,11.88,23.51,0,0,0,1
PDF_08873,2,3,44.3,8,2,2,1,64.88,0.2391,0.2561,129,6.61,50.42,39.03,51.85,0,1,1,1
PDF_08874,0,2,23.97,7,6,2,0,51.87,0.1798,0.2209,148,4.789,58.72,30.25,48.91,0,1,0,1
PDF_08875,1,2,18.57,2,2,0,0,51.7,0.1983,0.304,149,6.975,51.79,27.3,20.55,0,1,1,1
PDF_08876,1,2,32.54,5,2,0,0,64.83,0.3474,0.4143,89,5.772,34.48,20.47,68.0,1,1,0,1
PDF_08877,0,1,48.62,6,5,2,0,21.15,0.2502,0.1771,113,7.161,64.45,37.65,27.28,0,0,0,1
PDF_08878,2,2,5.95,9,5,1,0,0.0,0.2819,0.4578,153,6.372,29.01,34.3,63.84,1,0,0,1
PDF_08879,0,1,6.39,3,0,0,0,22.81,0.2536,0.1847,74,6.005,17.25,17.41,34.13,0,0,1,1
PDF_08880,1,1,25.73,8,5,1,0,39.99,0.1477,0.1468,153,5.197,45.46,48.06,38.53,0,1,0,1
PDF_08881,1,2,28.43,7,6,1,0,44.17,0.2369,0.2272,123,6.553,49.78,29.99,21.27,0,1,0,1
PDF_08882,2,1,38.4,4,6,2,0,24.88,0.2673,0.236,128,4.871,60.42,51.46,26.23,0,0,0,1
PDF_08883,2,2,77.44,10,9,1,0,63.59,0.3376,0.2514,128,7.09,77.36,49.87,35.98,0,1,0,1
PDF_08884,1,2,11.21,6,3,0,0,0.0,0.1799,0.1395,118,6.113,23.07,21.31,15.56,0,0,1,1
PDF_08885,1,2,14.55,7,4,1,0,10.89,0.2178,0.2506,137,5.03,20.09,17.16,12.35,0,0,1,1
PDF_08886,0,2,18.08,5,5,1,1,58.97,0.196,0.3326,76,6.848,35.02,24.3,35.84,0,1,0,1
PDF_08887,2,2,23.47,4,3,1,0,17.15,0.2435,0.285,110,6.265,30.66,28.3,38.83,0,0,1,1
PDF_08888,0,2,0.0,3,6,0,0,13.46,0.1096,0.1328,111,5.261,15.06,0.0,20.66,0,1,0,1
PDF_08889,2,3,73.85,8,7,2,0,42.67,0.454,0.5157,142,6.342,59.19,47.69,74.43,1,0,0,1
PDF_08890,1,1,60.08,11,7,2,0,52.25,0.3132,0.3661,109,5.12,67.07,75.45,26.91,0,1,0,1
PDF_08891,3,1,63.95,8,8,1,0,27.78,0.4528,0.4953,168,5.636,76.99,50.86,60.95,1,0,0,1
PDF_08892,0,1,8.11,4,5,2,0,4.89,0.1513,0.0912,62,5.042,4.12,9.55,3.45,0,0,0,1
PDF_08893,1,2,41.59,10,5,3,0,17.32,0.25,0.2614,144,6.395,46.88,38.09,44.07,0,0,0,1
PDF_08894,1,2,16.25,1,2,0,0,18.07,0.2037,0.0579,131,4.456,28.3,27.07,26.28,0,0,1,1
PDF_08895,1,2,51.76,5,8,1,0,69.07,0.3769,0.4386,135,5.222,58.89,41.38,67.06,1,1,0,1
PDF_08896,0,1,2.95,0,0,0,1,0.0,0.2606,0.1591,108,4.828,21.82,23.29,13.23,0,0,1,1
PDF_08897,1,3,27.46,4,3,2,1,44.04,0.2875,0.291,176,4.79,51.62,29.78,69.75,1,1,0,1
PDF_08898,1,1,3.06,0,0,0,1,0.0,0.2933,0.3985,69,6.188,13.65,0.0,68.06,1,0,1,1
PDF_08899,1,3,22.62,6,2,0,0,60.01,0.3297,0.1796,106,5.214,35.56,23.57,24.14,0,1,1,1
PDF_08900,0,2,12.09,0,0,0,0,9.03,0.2014,0.0691,57,5.538,25.32,11.58,24.09,0,0,1,1
PDF_08901,2,3,29.44,4,5,0,0,40.17,0.348,0.2368,113,6.359,29.45,48.3,33.6,0,0,1,1
PDF_08902,1,3,50.11,6,4,0,0,65.18,0.2724,0.169,105,5.586,46.3,9.46,34.82,0,1,0,1
PDF_08903,2,4,47.82,3,6,2,1,4.28,0.3355,0.4024,178,5.369,70.59,49.03,23.83,0,0,0,1
PDF_08904,1,2,29.09,6,4,2,0,23.04,0.3482,0.4633,123,5.211,29.76,38.78,66.98,1,0,0,1
PDF_08905,1,2,21.61,7,2,0,0,0.38,0.2671,0.322,131,5.975,36.28,36.4,26.91,0,0,1,1
PDF_08906,0,1,19.32,5,1,0,1,18.65,0.1619,0.099,92,6.729,20.7,0.0,0.0,0,1,0,1
PDF_08907,1,1,5.62,1,1,0,1,0.0,0.1478,0.2043,81,5.626,14.11,0.0,16.85,0,0,1,1
PDF_08908,2,2,24.76,9,6,2,0,23.62,0.2627,0.2666,25,6.409,36.52,23.5,39.57,0,0,0,1
PDF_08909,2,2,0.0,2,4,1,0,0.0,0.1749,0.1192,80,5.306,14.16,0.0,12.05,0,0,0,1
PDF_08910,0,2,43.81,5,4,1,0,2.68,0.2522,0.1793,124,5.448,37.51,36.58,29.05,0,0,0,1
PDF_08911,0,2,3.91,8,5,0,0,0.0,0.1248,0.1057,60,5.384,35.93,0.0,21.21,0,0,0,1
PDF_08912,1,2,51.4,5,5,3,1,39.35,0.3051,0.2279,115,4.937,43.92,55.36,32.59,0,1,0,1
PDF_08913,1,2,36.63,7,4,0,0,64.94,0.2734,0.2155,151,7.134,52.87,35.99,37.77,0,1,1,1
PDF_08914,1,2,5.79,2,1,0,0,12.72,0.3354,0.4369,137,6.221,3.74,7.12,65.18,1,0,1,1
PDF_08915,2,2,55.19,9,3,2,1,42.3,0.2615,0.2033,98,5.166,27.57,30.52,51.24,0,0,0,1
PDF_08916,0,1,16.18,2,1,2,0,0.0,0.1135,0.152,107,6.294,12.95,0.0,18.78,0,0,0,1
PDF_08917,3,2,72.63,8,11,2,1,53.55,0.4237,0.3026,132,6.347,82.14,61.79,37.14,0,0,0,1
PDF_08918,1,2,11.24,2,0,0,0,9.89,0.2341,0.1867,112,7.433,16.84,0.0,12.8,0,0,1,1
PDF_08919,2,3,52.01,9,6,1,1,24.95,0.4319,0.3357,180,6.094,77.12,60.0,94.37,1,0,0,1
PDF_08920,1,1,0.0,2,4,0,0,0.37,0.1838,0.229,61,5.468,18.5,0.0,7.26,0,0,0,1
PDF_08921,2,2,40.38,9,8,1,1,51.24,0.3488,0.2379,161,5.904,64.89,32.15,38.73,0,0,0,1
PDF_08922,1,3,12.89,5,2,0,0,2.57,0.1795,0.2553,109,5.241,16.7,0.0,22.59,0,0,1,1
PDF_08923,2,2,27.29,2,2,0,0,36.71,0.259,0.1785,92,5.584,24.36,18.58,28.46,0,1,1,1
PDF_08924,1,3,69.36,10,8,1,0,52.43,0.3332,0.2834,174,6.987,67.7,60.69,27.66,0,0,0,1
PDF_08925,2,3,40.45,4,8,0,0,28.0,0.3326,0.2362,128,6.969,74.16,41.35,53.53,0,0,0,1
PDF_08926,1,2,55.7,5,3,2,0,0.0,0.3469,0.3606,108,5.568,38.81,34.21,83.93,1,0,0,1
PDF_08927,1,2,73.63,11,6,2,0,19.03,0.3248,0.268,126,6.878,74.95,49.23,21.69,0,0,0,1
PDF_08928,1,2,1.12,3,2,1,1,3.86,0.2045,0.1003,79,6.444,16.46,13.46,39.14,0,0,0,1
PDF_08929,1,1,36.74,0,2,1,1,0.0,0.2863,0.3767,113,6.207,28.99,15.81,69.14,1,0,0,1
PDF_08930,2,4,40.93,9,5,1,1,21.87,0.2177,0.3223,133,7.27,69.32,46.72,14.32,0,0,0,1
PDF_08931,1,1,37.86,9,5,2,0,27.25,0.4137,0.3843,124,6.037,38.0,14.64,86.42,1,1,0,1
PDF_08932,1,2,21.4,8,3,0,0,37.7,0.1351,0.2953,103,5.853,39.07,27.76,34.51,0,1,0,1
PDF_08933,2,4,74.14,8,7,1,0,25.3,0.3975,0.4973,189,6.343,61.49,57.33,100.0,1,0,0,1
PDF_08934,2,1,70.03,12,7,2,0,66.06,0.2622,0.2471,121,6.341,54.58,58.59,31.24,0,1,0,1
PDF_08935,3,2,44.03,5,3,2,0,43.91,0.329,0.4114,145,5.784,35.39,32.17,74.34,1,0,0,1
PDF_08936,1,3,29.62,9,3,1,0,24.55,0.2792,0.2167,182,6.631,41.16,66.68,23.53,0,0,0,1
PDF_08937,2,2,47.67,8,4,2,0,31.87,0.3951,0.3755,175,6.568,51.65,33.63,68.98,1,0,0,1
PDF_08938,0,2,21.52,9,4,0,0,9.91,0.1641,0.1238,115,5.13,29.65,14.01,23.46,0,0,0,1
PDF_08939,2,1,20.43,7,5,1,0,25.23,0.2694,0.1976,151,6.093,37.34,28.75,17.26,0,0,1,1
PDF_08940,1,2,41.68,6,3,2,0,67.83,0.2729,0.3222,109,6.018,62.25,64.46,24.59,0,1,0,1
PDF_08941,2,3,42.85,4,8,1,0,62.34,0.3624,0.206,181,6.448,39.07,28.78,23.87,0,1,1,1
PDF_08942,0,2,20.37,5,1,0,0,29.83,0.2699,0.1611,93,6.336,36.34,17.47,10.65,0,0,1,1
PDF_08943,1,2,18.98,6,5,1,0,37.76,0.1746,0.2721,117,5.398,33.46,31.88,32.46,0,1,0,1
PDF_08944,0,2,19.62,2,6,1,0,11.88,0.2248,0.241,140,5.121,50.37,34.43,20.09,0,0,0,1
PDF_08945,2,3,32.26,9,2,0,0,38.72,0.1968,0.2373,109,5.955,18.81,22.39,23.06,0,1,0,1
PDF_08946,0,1,0.0,7,1,1,0,0.0,0.0873,0.1653,55,5.802,9.94,0.0,17.04,0,0,0,1
PDF_08947,0,1,0.0,5,0,2,0,30.09,0.0608,0.1327,31,6.21,7.02,0.0,3.45,0,1,0,1
PDF_08948,2,3,51.59,7,5,0,0,7.37,0.2592,0.2871,141,5.844,63.37,64.82,33.16,0,0,0,1
PDF_08949,1,3,73.15,10,7,3,0,52.78,0.3442,0.3173,174,6.246,78.97,57.14,36.22,0,0,0,1
PDF_08950,1,3,34.37,5,5,1,0,25.12,0.2336,0.2311,148,5.615,18.07,42.24,56.22,0,0,0,1
PDF_08951,0,2,0.0,6,3,2,0,0.0,0.0715,0.1715,52,4.97,10.51,0.0,15.86,0,0,0,1
PDF_08952,1,2,31.53,3,2,1,0,0.0,0.2293,0.1591,78,5.464,32.71,3.99,9.67,0,0,0,1
PDF_08953,0,2,8.78,3,2,1,0,0.0,0.1805,0.2733,91,5.701,25.38,0.0,37.96,0,0,1,1
PDF_08954,2,2,14.57,0,3,0,0,8.43,0.2057,0.1026,80,4.401,22.37,9.99,21.53,0,0,0,1
PDF_08955,1,2,40.44,7,6,0,0,42.66,0.2913,0.1854,105,6.649,44.74,47.85,35.02,0,0,0,1
PDF_08956,1,2,36.42,5,5,1,0,24.63,0.4044,0.424,131,6.203,39.65,37.88,61.61,1,0,0,1
PDF_08957,2,3,35.66,8,4,2,0,56.88,0.2415,0.3072,100,6.304,54.21,35.12,13.94,0,1,0,1
PDF_08958,2,2,23.29,2,3,0,0,26.93,0.1769,0.1465,136,6.489,35.92,29.71,35.58,0,0,1,1
PDF_08959,1,2,6.51,2,1,0,1,22.24,0.1784,0.1649,77,5.583,21.86,10.1,5.53,0,1,1,1
PDF_08960,0,1,0.0,5,3,2,0,25.77,0.1284,0.2588,113,5.837,18.73,0.0,17.0,0,1,0,1
PDF_08961,2,2,14.32,0,2,0,1,7.38,0.3212,0.4255,150,5.553,12.55,26.76,73.99,1,0,1,1
PDF_08962,2,3,24.81,2,1,1,0,25.36,0.2551,0.1654,46,5.122,43.53,36.47,39.6,0,0,1,1
PDF_08963,0,2,23.47,5,2,1,0,0.0,0.1814,0.1446,62,6.24,10.39,0.0,20.17,0,0,0,1
PDF_08964,1,3,15.98,5,4,1,1,9.98,0.227,0.174,114,5.9,44.56,29.52,31.78,0,0,0,1
PDF_08965,2,3,9.45,3,2,1,0,2.17,0.1313,0.1586,98,6.391,36.05,0.0,6.94,0,0,0,1
PDF_08966,2,3,27.07,9,5,1,1,7.63,0.3024,0.1891,136,5.921,69.06,41.61,48.24,0,0,0,1
PDF_08967,1,2,11.82,4,3,0,0,0.0,0.1817,0.1045,69,5.486,38.09,11.72,21.42,0,0,1,1
PDF_08968,1,1,0.0,4,6,0,0,0.0,0.1912,0.4166,108,6.222,13.93,0.0,77.34,1,0,0,1
PDF_08969,1,2,49.84,6,11,2,0,13.42,0.2467,0.2849,154,6.113,63.38,47.12,47.6,0,0,0,1
PDF_08970,2,3,43.72,6,5,2,0,24.59,0.1808,0.2078,70,6.204,53.74,29.36,23.66,0,1,0,1
PDF_08971,1,2,18.33,5,3,2,0,0.0,0.3164,0.4203,146,5.751,12.11,13.77,87.76,1,0,1,1
PDF_08972,1,2,23.24,5,3,1,0,0.73,0.1988,0.2205,80,5.409,28.41,6.36,30.84,0,0,1,1
PDF_08973,1,3,29.06,0,3,1,0,0.0,0.2397,0.2284,91,5.3,25.89,20.76,28.38,0,0,1,1
PDF_08974,2,1,0.0,6,2,1,0,0.0,0.1986,0.1545,105,6.267,4.74,11.82,20.44,0,0,0,1
PDF_08975,2,1,30.24,6,5,1,0,13.9,0.2969,0.1621,102,6.358,32.34,27.72,12.94,0,0,0,1
PDF_08976,1,2,0.64,5,4,1,0,0.0,0.1465,0.2154,105,5.453,14.13,0.0,19.71,0,0,0,1
PDF_08977,1,1,17.14,5,3,0,0,46.69,0.2354,0.1732,132,5.771,6.59,14.13,13.83,0,1,1,1
PDF_08978,0,3,20.48,5,3,0,1,18.89,0.2527,0.1735,88,5.846,29.61,55.58,20.57,0,0,0,1
PDF_08979,1,2,15.37,3,0,1,1,15.94,0.3191,0.4391,150,5.242,31.79,18.77,82.55,1,0,1,1
PDF_08980,1,2,34.67,7,4,2,1,34.93,0.2687,0.1982,117,7.067,51.33,30.18,43.54,0,0,0,1
PDF_08981,2,2,22.49,5,3,1,0,36.01,0.1912,0.1632,151,5.732,34.37,25.61,15.33,0,0,1,1
PDF_08982,1,2,6.46,0,0,0,0,23.95,0.303,0.1049,126,5.83,21.86,6.65,13.35,0,0,1,1
PDF_08983,1,2,42.95,10,6,0,0,35.58,0.2544,0.2401,173,6.663,46.18,47.17,25.36,0,0,0,1
PDF_08984,2,2,4.23,5,3,1,1,14.34,0.1796,0.2162,81,5.332,35.74,5.82,7.3,0,1,0,1
PDF_08985,2,2,44.23,10,5,0,1,7.48,0.1862,0.2193,78,4.587,42.34,20.81,19.31,0,0,0,1
PDF_08986,2,3,56.31,7,5,2,0,41.08,0.2797,0.2993,85,6.2,60.66,82.13,32.2,0,0,0,1
PDF_08987,2,3,34.0,1,3,0,0,84.56,0.3976,0.3655,145,5.707,35.25,19.93,100.0,1,1,1,1
PDF_08988,1,2,12.57,3,1,1,0,0.0,0.0969,0.116,62,6.16,14.12,0.0,14.42,0,0,0,1
PDF_08989,2,2,29.98,11,4,2,0,27.76,0.289,0.2227,177,5.373,33.8,38.46,29.9,0,0,0,1
PDF_08990,2,3,30.29,2,5,0,0,45.88,0.2333,0.1735,88,4.369,52.19,40.69,35.19,0,1,0,1
PDF_08991,0,3,10.39,2,2,0,0,0.0,0.159,0.2058,30,5.77,12.72,16.94,31.35,0,0,1,1
PDF_08992,1,3,28.96,5,5,2,0,0.84,0.2616,0.1828,128,5.098,40.69,32.57,24.89,0,0,0,1
PDF_08993,1,2,54.24,7,9,2,0,77.93,0.2718,0.2871,105,5.958,60.04,53.69,36.14,0,1,0,1
PDF_08994,3,2,19.05,2,5,0,0,40.37,0.2054,0.1773,124,6.113,40.33,30.77,22.56,0,1,1,1
PDF_08995,1,2,13.14,3,3,1,0,26.13,0.3028,0.3984,139,6.484,37.15,29.12,81.05,1,0,1,1
PDF_08996,2,1,22.41,5,0,0,0,20.86,0.2429,0.0919,87,5.327,58.44,24.23,1.81,0,0,0,1
PDF_08997,2,1,36.27,5,5,0,0,24.22,0.2163,0.1963,115,5.922,52.07,54.48,20.86,0,0,0,1
PDF_08998,2,3,14.59,6,2,0,0,17.97,0.3529,0.4297,189,4.863,41.73,33.88,81.23,1,0,1,1
PDF_08999,1,1,38.76,11,9,0,0,30.23,0.2886,0.2488,124,6.151,39.0,19.25,24.16,0,0,0,1
PDF_09000,3,2,27.76,6,2,1,1,11.99,0.4042,0.41,142,5.911,31.18,27.69,70.22,1,0,1,1
PDF_09001,1,1,15.43,6,6,1,0,52.58,0.2092,0.2797,150,7.294,34.6,17.41,6.19,0,1,0,1
PDF_09002,1,2,54.92,8,7,2,0,23.42,0.3664,0.1986,165,5.331,52.9,48.31,36.75,0,0,0,1
PDF_09003,2,3,64.22,11,5,2,0,47.42,0.3266,0.2708,180,6.69,55.82,81.88,47.63,0,0,0,1
PDF_09004,2,3,36.07,7,9,2,1,40.57,0.3022,0.4823,114,5.813,51.55,21.71,85.47,1,1,0,1
PDF_09005,1,2,33.45,7,5,2,0,10.2,0.3522,0.3607,141,5.534,34.46,30.48,19.89,0,0,0,1
PDF_09006,0,1,17.81,4,4,2,0,1.98,0.2774,0.1301,90,6.814,36.68,19.1,21.1,0,0,0,1
PDF_09007,0,1,11.27,1,3,0,0,8.28,0.1205,0.2854,80,5.455,18.5,6.08,30.04,0,0,1,1
PDF_09008,1,3,30.34,4,7,1,0,15.97,0.3594,0.458,149,6.407,38.85,19.52,75.0,1,0,0,1
PDF_09009,1,1,23.72,8,5,1,1,8.22,0.2696,0.1959,123,5.001,45.78,36.06,20.68,0,0,0,1
PDF_09010,2,3,48.71,7,5,1,0,32.77,0.2905,0.1369,175,6.717,73.11,44.76,35.71,0,0,0,1
PDF_09011,3,2,38.08,9,6,0,0,15.3,0.2793,0.2114,127,5.608,46.02,28.92,34.4,0,0,0,1
PDF_09012,2,1,33.92,5,6,1,0,5.36,0.3249,0.4327,148,6.056,40.47,18.29,72.62,1,0,0,1
PDF_09013,1,1,28.11,3,5,0,0,0.0,0.234,0.1217,94,6.086,25.97,13.71,24.33,0,0,1,1
PDF_09014,2,3,76.35,8,7,1,1,71.93,0.3205,0.3474,118,5.472,90.18,71.27,27.1,0,1,0,1
PDF_09015,0,2,0.0,3,3,1,0,0.0,0.115,0.2194,49,6.037,18.77,0.0,14.7,0,0,0,1
PDF_09016,1,3,4.57,4,5,0,0,11.93,0.2298,0.2687,117,5.619,34.09,12.17,16.88,0,0,0,1
PDF_09017,1,2,32.89,6,4,1,0,32.5,0.3505,0.4469,152,5.959,41.66,49.02,73.68,1,0,1,1
PDF_09018,0,2,45.02,4,2,1,0,56.69,0.1973,0.2505,106,6.097,31.9,47.92,25.37,0,1,0,1
PDF_09019,0,1,20.35,4,2,0,0,0.0,0.2275,0.2368,111,5.719,0.0,24.94,10.81,0,0,1,1
PDF_09020,2,2,36.58,8,6,1,0,29.06,0.2622,0.2424,159,6.198,45.68,41.73,38.53,0,0,0,1
PDF_09021,0,1,0.0,2,3,1,0,0.0,0.1465,0.1888,128,5.309,25.81,20.29,1.05,0,0,0,1
PDF_09022,1,4,61.97,12,6,2,0,28.04,0.347,0.2764,97,6.435,81.85,60.06,50.94,0,0,0,1
PDF_09023,2,2,21.48,6,5,0,0,30.89,0.2314,0.2462,166,6.029,38.81,41.02,16.27,0,0,1,1
PDF_09024,2,2,61.61,9,8,1,0,24.84,0.2831,0.3552,113,6.2,67.23,58.01,43.69,0,0,0,1
PDF_09025,0,2,11.06,4,1,0,0,41.11,0.332,0.4418,77,6.415,14.19,5.64,66.29,1,1,1,1
PDF_09026,0,2,22.82,5,6,1,0,59.77,0.3264,0.1586,128,4.445,37.46,17.11,18.05,0,1,1,1
PDF_09027,0,1,0.0,5,2,2,1,0.0,0.1961,0.2863,65,5.737,6.67,15.45,10.52,0,0,0,1
PDF_09028,1,2,14.32,3,2,0,1,2.78,0.2176,0.147,79,5.625,20.34,23.58,9.03,0,0,1,1
PDF_09029,1,3,46.62,6,3,3,0,40.52,0.2871,0.2096,141,5.142,66.8,45.08,24.85,0,1,0,1
PDF_09030,0,1,5.29,4,2,0,1,0.0,0.1315,0.1867,111,6.459,26.49,6.77,5.83,0,0,0,1
PDF_09031,0,1,21.02,6,0,0,1,22.16,0.2798,0.2991,123,5.525,26.53,22.49,25.52,0,0,1,1
PDF_09032,1,2,21.22,7,5,1,0,43.42,0.1291,0.1763,75,4.932,28.31,13.32,19.55,0,1,0,1
PDF_09033,1,2,9.24,3,3,1,0,0.0,0.2036,0.196,99,5.509,25.1,28.67,22.01,0,0,0,1
PDF_09034,0,2,24.35,6,3,1,1,10.1,0.1738,0.1708,96,5.275,35.32,13.41,9.8,0,0,0,1
PDF_09035,0,2,0.0,5,5,2,0,0.0,0.2748,0.2984,83,3.997,24.72,12.3,53.21,1,0,0,1
PDF_09036,0,2,32.51,4,5,1,0,0.95,0.3123,0.4025,97,4.74,22.82,18.85,60.6,1,0,0,1
PDF_09037,0,2,0.0,4,2,1,0,0.2,0.1505,0.1685,115,5.069,21.48,0.0,7.69,0,1,0,1
PDF_09038,2,2,15.77,2,1,1,0,0.0,0.1389,0.2363,134,6.332,32.01,8.14,12.96,0,0,0,1
PDF_09039,0,2,0.0,0,0,0,1,8.92,0.0,0.164,43,6.381,8.21,0.0,20.97,0,1,1,1
PDF_09040,1,3,44.46,6,5,2,0,68.76,0.2694,0.2136,207,7.429,69.37,52.6,42.43,0,1,0,1
PDF_09041,0,3,32.63,7,3,1,0,30.75,0.2777,0.3346,126,6.028,34.7,9.04,6.93,0,0,0,1
PDF_09042,1,2,53.61,9,6,1,0,70.65,0.3126,0.2962,167,6.402,61.09,72.68,19.71,0,1,0,1
PDF_09043,3,1,13.25,4,4,0,0,47.35,0.1981,0.2025,81,5.844,28.56,11.67,29.91,0,1,0,1
PDF_09044,2,3,31.33,11,7,3,0,18.94,0.3398,0.5125,153,4.665,53.74,44.57,80.49,1,0,0,1
PDF_09045,3,1,49.63,7,9,2,0,63.35,0.1743,0.2806,168,6.045,54.54,55.84,32.83,0,1,0,1
PDF_09046,0,2,0.0,3,1,0,0,0.0,0.206,0.4045,74,5.294,36.19,3.5,50.75,1,0,0,1
PDF_09047,2,2,48.39,5,3,1,0,18.94,0.2266,0.2618,123,5.935,78.22,7.52,40.14,0,0,0,1
PDF_09048,2,3,48.31,8,9,2,0,35.29,0.3047,0.318,160,6.184,57.76,63.99,50.25,0,0,0,1
PDF_09049,1,1,8.14,3,0,0,0,8.6,0.2387,0.1745,98,6.503,31.8,25.73,16.12,0,0,1,1
PDF_09050,2,1,5.78,2,1,0,0,14.33,0.2633,0.3725,86,5.14,14.23,2.99,58.65,1,0,1,1
PDF_09051,2,2,30.44,5,6,2,0,12.27,0.3689,0.3855,167,5.629,39.16,49.43,80.6,1,0,0,1
PDF_09052,0,1,55.82,7,7,2,0,50.66,0.2895,0.2208,162,7.016,53.88,44.01,34.28,0,1,0,1
PDF_09053,0,2,20.59,6,7,1,0,59.95,0.2269,0.2152,101,6.857,26.12,20.89,14.7,0,1,0,1
PDF_09054,3,3,76.03,12,9,1,0,92.66,0.392,0.3144,176,6.307,63.63,57.36,63.8,0,1,0,1
PDF_09055,4,1,43.83,9,8,1,0,61.96,0.29,0.2414,130,5.735,43.94,23.92,43.34,0,1,0,1
PDF_09056,0,2,51.92,9,8,2,0,35.85,0.3534,0.4699,152,5.32,51.18,54.8,83.7,1,0,0,1
PDF_09057,1,2,19.04,3,4,1,1,21.65,0.152,0.1685,140,7.563,27.85,0.0,19.99,0,1,0,1
PDF_09058,2,3,63.1,9,8,1,1,16.34,0.2925,0.2444,133,4.947,53.02,58.1,31.32,0,0,0,1
PDF_09059,1,2,45.53,6,6,1,0,18.13,0.2548,0.2106,93,6.721,48.21,29.58,26.71,0,0,0,1
PDF_09060,1,2,25.68,7,5,0,0,58.84,0.3072,0.2694,129,5.294,45.92,25.08,25.54,0,1,1,1
PDF_09061,0,1,1.55,4,0,0,0,34.01,0.3201,0.3359,129,4.557,12.76,8.22,74.53,1,1,0,1
PDF_09062,0,2,23.99,3,5,1,0,20.41,0.3642,0.3008,163,5.865,30.77,27.33,73.66,1,0,0,1
PDF_09063,0,1,8.05,2,1,0,0,19.33,0.1461,0.1295,126,5.721,22.47,12.36,15.16,0,0,1,1
PDF_09064,1,1,28.8,6,2,1,1,0.0,0.232,0.2394,100,5.452,27.35,20.38,16.47,0,0,0,1
PDF_09065,0,1,36.63,5,6,1,0,0.0,0.197,0.2094,119,6.596,47.49,58.9,12.24,0,0,0,1
PDF_09066,1,2,43.15,9,11,2,0,35.6,0.3068,0.1884,142,6.503,52.0,33.86,52.81,0,0,0,1
PDF_09067,1,3,0.0,0,0,1,0,23.83,0.1521,0.2255,62,5.055,9.93,3.65,0.14,0,1,1,1
PDF_09068,2,1,43.16,10,6,2,0,44.89,0.1743,0.2876,155,6.778,48.44,45.03,36.93,0,0,0,1
PDF_09069,2,1,7.56,3,6,1,0,41.8,0.2316,0.1674,86,6.613,33.5,22.02,23.13,0,1,0,1
PDF_09070,2,2,56.64,12,6,1,1,23.37,0.3636,0.4164,166,5.91,73.79,65.67,61.74,1,0,0,1
PDF_09071,1,2,20.76,0,3,0,0,3.99,0.2792,0.2007,113,6.175,14.95,18.68,40.77,0,0,1,1
PDF_09072,0,2,9.71,6,5,2,0,3.66,0.1784,0.2157,84,5.709,33.02,2.74,23.44,0,0,0,1
PDF_09073,1,2,31.31,9,2,1,0,0.0,0.2089,0.2273,83,5.64,37.76,31.32,18.43,0,0,0,1
PDF_09074,2,2,37.92,3,5,1,0,0.0,0.2281,0.4075,126,5.38,24.68,31.31,68.56,1,0,0,1
PDF_09075,0,1,0.0,4,0,0,0,0.0,0.1433,0.2111,42,5.766,0.0,6.96,12.74,0,0,1,1
PDF_09076,0,2,17.07,5,1,0,0,10.1,0.2644,0.2495,87,6.126,21.02,12.52,12.88,0,0,1,1
PDF_09077,0,1,24.18,3,4,1,0,35.68,0.2219,0.2172,62,5.001,23.3,0.16,13.26,0,1,0,1
PDF_09078,1,2,9.4,8,3,0,0,10.92,0.1666,0.1609,101,6.846,16.34,15.82,14.46,0,0,0,1
PDF_09079,2,2,62.73,7,6,2,0,54.71,0.3035,0.2226,116,5.298,47.68,55.93,48.11,0,0,0,1
PDF_09080,1,3,24.98,7,4,2,1,12.39,0.156,0.209,105,5.424,28.79,5.47,9.44,0,0,0,1
PDF_09081,2,2,0.12,1,3,1,0,12.78,0.1442,0.1027,103,5.07,29.1,4.36,22.68,0,0,1,1
PDF_09082,1,3,21.7,8,5,1,1,12.9,0.2439,0.1869,96,5.352,46.48,22.18,26.12,0,0,0,1
PDF_09083,2,1,58.29,6,5,2,0,34.33,0.2674,0.1667,150,6.534,33.55,29.68,29.79,0,0,0,1
PDF_09084,0,2,31.44,5,6,2,0,0.0,0.2674,0.1991,118,6.488,52.16,25.98,24.75,0,0,0,1
PDF_09085,2,3,54.61,5,4,2,0,52.38,0.2836,0.1172,158,5.933,30.61,27.88,19.48,0,1,0,1
PDF_09086,0,3,54.15,3,6,2,0,29.63,0.2599,0.302,106,6.148,53.01,36.92,33.32,0,0,0,1
PDF_09087,0,1,17.59,1,4,0,0,0.0,0.1792,0.1559,37,5.253,21.02,20.01,19.0,0,0,0,1
PDF_09088,1,2,19.63,4,4,1,0,61.73,0.2898,0.254,81,5.374,32.37,24.44,46.25,0,1,1,1
PDF_09089,0,2,21.64,3,6,1,0,0.0,0.1879,0.1251,107,5.919,24.42,10.69,29.56,0,0,0,1
PDF_09090,1,2,27.54,9,2,2,1,27.78,0.1761,0.2286,91,6.217,46.53,37.3,22.87,0,0,0,1
PDF_09091,2,2,41.73,6,2,2,0,26.56,0.2435,0.2526,132,6.48,14.98,16.36,27.7,0,0,0,1
PDF_09092,2,3,27.97,7,7,1,0,44.87,0.2107,0.1754,105,5.019,55.15,19.41,19.51,0,1,0,1
PDF_09093,2,3,81.01,11,7,1,0,28.91,0.2474,0.3327,143,5.942,52.7,44.58,32.66,0,0,0,1
PDF_09094,1,2,43.84,6,4,2,0,12.47,0.1728,0.1872,137,5.852,40.03,29.96,25.42,0,0,0,1
PDF_09095,1,4,66.43,8,7,1,0,83.53,0.3251,0.1465,134,5.288,52.63,74.04,18.05,0,1,0,1
PDF_09096,0,1,16.41,6,1,2,0,18.7,0.2978,0.2496,107,5.705,40.75,21.44,25.1,0,0,1,1
PDF_09097,2,2,34.49,8,4,0,0,80.7,0.1634,0.1312,148,4.329,40.17,29.53,34.28,0,1,0,1
PDF_09098,1,2,0.0,6,3,1,0,8.1,0.2304,0.1834,94,5.287,39.34,17.75,24.92,0,0,0,1
PDF_09099,2,1,23.57,9,2,1,0,17.3,0.3082,0.2895,175,5.939,28.42,25.22,38.54,0,0,1,1
PDF_09100,3,4,97.75,14,8,3,0,33.83,0.4322,0.3203,157,6.709,94.6,82.93,48.7,0,0,0,1
PDF_09101,2,3,57.97,10,9,2,0,89.2,0.3759,0.3167,152,5.986,79.92,55.78,26.2,0,1,0,1
PDF_09102,1,1,57.89,5,4,2,0,56.06,0.3344,0.4759,113,7.248,55.52,27.41,87.02,1,1,0,1
PDF_09103,2,3,32.9,8,6,1,0,40.0,0.2985,0.3331,153,6.521,42.75,35.51,41.05,0,0,0,1
PDF_09104,2,2,73.25,14,6,2,1,33.41,0.461,0.5365,213,7.96,77.93,75.0,84.71,1,0,0,1
PDF_09105,2,2,21.96,0,4,1,0,73.23,0.274,0.2534,98,6.919,17.77,9.45,30.69,0,1,1,1
PDF_09106,1,2,33.79,9,1,0,0,17.79,0.2251,0.1597,124,6.6,51.94,30.73,31.04,0,0,0,1
PDF_09107,0,1,5.26,1,7,0,0,8.05,0.2273,0.1975,137,5.49,18.14,0.0,16.06,0,0,1,1
PDF_09108,2,2,43.85,9,8,2,0,26.4,0.3221,0.2448,107,4.581,36.65,38.62,27.93,0,0,0,1
PDF_09109,1,2,24.98,2,3,0,0,0.0,0.3681,0.3715,137,6.928,16.98,22.66,79.94,1,0,0,1
PDF_09110,1,2,10.64,4,5,0,1,50.62,0.2282,0.2463,108,6.644,34.35,32.3,15.18,0,1,1,1
PDF_09111,1,2,0.0,5,5,1,0,0.0,0.2675,0.3939,58,4.826,18.7,0.0,45.8,1,0,0,1
PDF_09112,2,3,39.25,5,6,2,0,21.87,0.2875,0.224,120,6.236,37.74,42.96,30.19,0,0,1,1
PDF_09113,2,1,22.81,2,0,1,0,33.47,0.3586,0.4155,130,5.74,34.62,16.41,62.63,1,0,0,1
PDF_09114,0,2,38.88,5,8,1,0,10.28,0.2264,0.1659,164,5.575,37.5,47.01,40.82,0,0,0,1
PDF_09115,2,3,43.55,10,6,2,0,43.53,0.3785,0.4546,137,7.419,70.26,53.97,77.39,1,0,0,1
PDF_09116,1,2,47.68,7,5,2,0,0.0,0.215,0.1664,139,6.085,48.47,30.92,25.29,0,0,0,1
PDF_09117,0,3,26.14,6,2,2,1,45.26,0.2788,0.1694,76,6.957,41.06,9.91,35.02,0,1,0,1
PDF_09118,1,2,11.42,4,1,1,0,0.0,0.2266,0.1535,126,6.434,27.88,41.85,10.05,0,0,0,1
PDF_09119,1,2,20.2,7,6,1,1,0.0,0.2036,0.2023,100,6.309,33.65,8.22,16.11,0,0,0,1
PDF_09120,1,2,0.0,2,2,0,0,10.34,0.2806,0.3309,44,5.55,0.0,0.0,47.78,1,1,1,1
PDF_09121,1,1,29.63,5,5,0,1,21.25,0.1668,0.2157,84,5.612,34.84,25.62,27.94,0,0,0,1
PDF_09122,1,2,78.22,8,8,1,0,43.23,0.3116,0.2979,147,7.39,58.29,48.53,24.64,0,0,0,1
PDF_09123,2,4,38.19,8,9,2,0,2.29,0.2465,0.2468,133,5.65,42.79,33.77,26.22,0,0,0,1
PDF_09124,0,1,13.2,0,3,0,0,0.0,0.2221,0.2478,95,6.857,27.98,7.33,11.15,0,0,1,1
PDF_09125,3,1,50.26,8,8,1,0,15.7,0.2688,0.1775,128,5.092,48.24,41.03,30.58,0,0,0,1
PDF_09126,2,1,25.94,2,2,1,0,10.43,0.3212,0.4529,145,6.256,49.25,31.36,89.33,1,0,0,1
PDF_09127,1,1,13.52,3,2,0,0,18.54,0.2208,0.1526,111,5.076,21.45,11.15,27.75,0,0,1,1
PDF_09128,1,2,31.52,5,6,1,0,10.63,0.1409,0.2045,86,6.344,38.03,4.27,6.83,0,0,0,1
PDF_09129,1,1,42.22,5,3,2,0,29.65,0.2723,0.284,122,5.809,36.32,51.79,39.6,0,0,0,1
PDF_09130,1,3,47.85,7,5,2,0,54.79,0.2001,0.2659,143,6.489,39.31,60.94,22.25,0,1,0,1
PDF_09131,2,2,26.56,1,0,0,0,19.56,0.337,0.3852,94,4.821,9.71,26.41,59.18,1,0,1,1
PDF_09132,0,2,14.77,5,6,1,0,7.54,0.2593,0.1946,128,5.392,24.2,7.03,35.63,0,0,0,1
PDF_09133,1,3,32.96,8,5,1,0,8.9,0.3421,0.2738,140,4.79,29.02,54.42,13.29,0,0,0,1
PDF_09134,1,2,74.67,9,3,1,1,45.79,0.2425,0.1437,128,6.523,46.65,37.0,48.16,0,1,0,1
PDF_09135,2,2,70.81,10,8,2,0,66.23,0.2604,0.3168,135,5.074,65.26,49.53,48.21,0,1,0,1
PDF_09136,2,1,0.0,5,2,0,0,0.0,0.1158,0.0789,42,5.358,5.1,0.0,0.0,0,0,0,1
PDF_09137,0,2,13.06,2,0,1,0,12.52,0.2458,0.1962,106,4.862,30.26,33.63,33.83,0,0,1,1
PDF_09138,2,3,81.19,8,8,2,0,93.62,0.3057,0.3062,152,7.042,72.48,60.67,33.61,0,1,0,1
PDF_09139,0,2,24.89,8,5,2,0,33.35,0.2129,0.1758,88,5.029,43.09,23.49,29.35,0,1,0,1
PDF_09140,1,2,53.51,10,2,1,0,14.97,0.2317,0.1802,110,5.553,28.0,28.93,37.29,0,0,0,1
PDF_09141,1,2,5.99,6,2,0,0,0.32,0.1654,0.1813,113,7.268,28.41,16.09,31.67,0,0,1,1
PDF_09142,1,2,20.8,11,6,1,1,3.71,0.3562,0.1213,118,5.573,33.53,22.29,21.47,0,0,0,1
PDF_09143,2,2,47.11,5,6,2,0,23.81,0.272,0.1775,150,6.473,39.97,39.23,41.06,0,0,0,1
PDF_09144,1,1,8.12,3,2,0,0,0.0,0.2355,0.1972,108,5.451,34.13,16.9,8.43,0,0,0,1
PDF_09145,0,3,37.04,7,4,0,0,19.66,0.244,0.2057,75,5.347,20.36,17.68,30.34,0,0,0,1
PDF_09146,1,3,30.15,9,7,0,0,9.75,0.2311,0.2034,152,5.563,45.57,31.73,26.95,0,0,0,1
PDF_09147,1,3,50.39,10,7,2,0,43.61,0.2955,0.3466,152,5.528,72.32,57.11,47.85,0,0,0,1
PDF_09148,1,1,31.39,3,3,0,1,44.22,0.1693,0.1835,157,6.349,11.84,9.98,13.0,0,1,0,1
PDF_09149,2,4,36.11,6,4,1,0,47.75,0.1928,0.1868,130,5.602,48.53,37.37,36.09,0,1,0,1
PDF_09150,1,2,0.0,4,1,0,0,19.2,0.2934,0.4139,52,6.32,31.89,16.81,51.96,1,0,0,1
PDF_09151,2,3,63.14,11,7,2,0,59.62,0.2845,0.3295,148,6.093,70.9,55.37,24.17,0,1,0,1
PDF_09152,2,2,25.41,5,2,0,0,2.57,0.256,0.2181,77,4.88,27.82,47.37,19.24,0,0,0,1
PDF_09153,1,1,10.55,3,5,1,0,3.91,0.1594,0.2431,78,6.839,36.53,22.58,31.69,0,0,0,1
PDF_09154,0,2,39.18,7,5,1,0,11.73,0.2619,0.2339,175,6.36,70.73,53.0,27.39,0,0,0,1
PDF_09155,1,1,32.93,8,4,1,0,4.54,0.3148,0.3164,175,6.23,28.41,24.67,36.12,0,0,1,1
PDF_09156,0,2,7.6,5,6,2,1,0.0,0.1458,0.2361,79,6.017,45.73,41.3,21.52,0,0,0,1
PDF_09157,1,3,29.43,6,4,0,1,6.78,0.2491,0.3843,137,6.247,26.31,10.21,76.36,1,0,0,1
PDF_09158,1,3,58.73,5,6,2,0,59.21,0.3504,0.1742,138,6.263,59.17,66.71,42.63,0,0,0,1
PDF_09159,2,2,15.32,4,3,0,0,54.34,0.2048,0.2142,94,6.373,32.43,6.33,26.87,0,1,1,1
PDF_09160,1,2,24.63,4,6,1,1,29.84,0.2947,0.2388,97,5.335,38.69,30.29,11.44,0,0,1,1
PDF_09161,1,2,29.04,4,3,0,1,0.0,0.2297,0.2445,89,5.849,38.45,25.46,33.51,0,0,1,1
PDF_09162,3,3,51.91,9,7,1,0,79.23,0.3528,0.3006,187,6.334,61.74,58.05,51.89,0,1,1,1
PDF_09163,2,3,52.03,7,8,2,0,35.65,0.3686,0.243,81,5.827,63.06,80.72,45.28,0,0,0,1
PDF_09164,0,3,17.87,3,0,1,1,0.0,0.1826,0.2348,98,5.014,11.21,9.86,11.41,0,0,1,1
PDF_09165,1,1,8.87,5,4,1,0,10.13,0.1833,0.2016,63,6.383,34.4,11.94,42.12,0,0,0,1
PDF_09166,0,2,30.57,4,3,1,0,30.36,0.1757,0.3404,143,5.88,18.17,20.68,18.54,0,0,1,1
PDF_09167,2,3,21.18,9,3,0,0,42.07,0.2902,0.212,114,6.025,25.57,33.52,32.21,0,0,1,1
PDF_09168,3,3,70.9,14,7,2,0,47.69,0.3776,0.2673,175,5.795,71.31,54.77,33.03,0,0,0,1
PDF_09169,0,2,0.0,4,1,2,0,28.74,0.1267,0.2296,92,5.692,22.46,0.0,15.98,0,1,0,1
PDF_09170,1,2,0.0,4,1,0,0,0.0,0.1725,0.1563,66,6.496,22.62,1.17,17.58,0,0,0,1
PDF_09171,1,1,0.0,4,4,1,0,0.51,0.2057,0.0903,84,5.913,25.47,17.53,17.89,0,0,0,1
PDF_09172,1,3,51.33,7,4,1,0,64.5,0.3214,0.4448,133,5.693,37.01,56.15,73.21,1,1,0,1
PDF_09173,1,2,57.87,9,8,2,0,31.25,0.3386,0.225,180,5.856,64.98,66.63,18.05,0,0,0,1
PDF_09174,4,2,30.77,6,3,0,0,83.61,0.2858,0.1978,126,5.581,42.67,33.24,29.6,0,1,1,1
PDF_09175,1,2,17.26,6,2,0,0,21.22,0.2178,0.1842,152,5.823,35.15,14.64,17.75,0,0,1,1
PDF_09176,1,3,18.47,4,4,1,0,30.58,0.1601,0.2704,99,5.868,55.92,42.59,26.21,0,0,0,1
PDF_09177,0,2,0.0,3,3,0,1,0.0,0.1373,0.1937,141,5.698,17.6,26.55,19.84,0,0,1,1
PDF_09178,2,4,54.94,9,6,2,0,43.19,0.315,0.2594,151,5.904,64.84,41.04,35.9,0,0,0,1
PDF_09179,0,1,12.72,4,3,0,1,2.32,0.185,0.2103,75,5.729,12.94,2.57,8.7,0,0,0,1
PDF_09180,0,2,45.16,7,4,2,0,38.66,0.3255,0.1757,108,6.124,53.97,37.55,29.2,0,1,0,1
PDF_09181,1,2,0.0,7,3,0,0,49.63,0.1544,0.1889,59,5.41,39.01,6.8,25.25,0,1,0,1
PDF_09182,1,2,32.5,8,5,0,0,72.72,0.3431,0.4197,143,5.074,57.83,57.06,63.9,1,1,0,1
PDF_09183,4,3,58.94,12,7,2,1,18.91,0.437,0.4638,209,5.287,72.42,73.73,81.82,1,0,0,1
PDF_09184,1,3,8.04,2,5,1,0,13.58,0.1789,0.49,133,4.89,19.72,2.48,65.11,1,1,0,1
PDF_09185,1,2,42.26,6,13,2,0,0.0,0.2472,0.2138,153,5.768,43.3,35.15,39.65,0,0,0,1
PDF_09186,2,2,14.93,5,4,0,0,0.0,0.229,0.2683,147,5.303,55.23,42.39,21.39,0,0,0,1
PDF_09187,2,2,46.48,8,5,2,0,95.91,0.3147,0.1668,117,5.892,71.02,63.36,42.57,0,1,0,1
PDF_09188,1,1,28.3,8,7,1,0,15.98,0.317,0.4461,139,6.267,71.28,35.72,62.91,1,0,0,1
PDF_09189,0,2,17.87,7,4,0,0,8.92,0.2333,0.1833,101,6.477,13.1,27.66,32.89,0,0,0,1
PDF_09190,2,3,55.99,10,7,3,0,47.48,0.2785,0.2235,147,5.923,47.2,42.02,27.0,0,0,0,1
PDF_09191,2,2,32.66,3,3,1,1,17.16,0.2121,0.2351,150,5.616,39.91,31.74,23.28,0,0,1,1
PDF_09192,2,2,30.01,6,2,0,0,0.0,0.2974,0.253,131,5.569,37.44,32.37,26.2,0,0,1,1
PDF_09193,1,3,28.6,10,4,1,0,36.86,0.3316,0.4622,185,6.327,31.35,39.07,91.24,1,0,1,1
PDF_09194,1,2,16.87,5,0,1,0,30.22,0.2426,0.1203,71,5.545,39.02,32.28,26.67,0,1,0,1
PDF_09195,3,1,25.06,8,6,1,0,73.28,0.2539,0.2144,117,6.086,23.03,35.95,17.87,0,1,0,1
PDF_09196,0,1,0.17,1,0,0,0,0.0,0.2938,0.3599,104,6.225,19.1,0.0,54.26,1,0,1,1
PDF_09197,1,3,54.87,8,7,1,0,36.57,0.299,0.2478,177,5.868,71.74,85.57,46.85,0,0,0,1
PDF_09198,2,2,40.31,7,9,2,1,22.54,0.2464,0.2095,119,6.303,54.81,39.05,23.1,0,0,0,1
PDF_09199,1,1,8.59,5,1,0,0,14.99,0.2207,0.1199,106,6.457,27.28,2.7,5.52,0,0,1,1
PDF_09200,1,2,12.6,6,5,2,0,16.45,0.206,0.2061,105,6.195,50.0,32.54,26.91,0,0,0,1
PDF_09201,2,3,38.91,6,7,1,0,9.82,0.2579,0.0991,135,5.821,35.9,28.59,40.38,0,0,0,1
PDF_09202,1,3,25.13,9,3,1,0,22.57,0.1766,0.1885,101,6.271,36.56,22.31,18.08,0,0,1,1
PDF_09203,0,2,26.86,4,0,0,0,16.13,0.2443,0.2304,90,6.281,36.04,20.62,8.71,0,0,1,1
PDF_09204,2,2,69.12,12,11,2,0,17.29,0.3495,0.2504,176,5.58,70.66,68.02,35.73,0,0,0,1
PDF_09205,1,3,6.2,4,5,0,0,16.38,0.2258,0.2196,134,6.473,36.09,16.58,31.54,0,0,1,1
PDF_09206,1,3,27.45,6,4,1,1,5.0,0.2844,0.1818,109,5.748,59.22,6.27,36.06,0,0,0,1
PDF_09207,1,3,12.03,6,2,1,0,2.8,0.2305,0.2383,117,5.423,24.33,25.8,29.28,0,0,1,1
PDF_09208,0,1,2.63,7,0,0,0,35.12,0.1624,0.1282,69,5.247,16.84,0.0,6.18,0,1,0,1
PDF_09209,0,2,1.12,3,3,0,0,2.26,0.1529,0.293,79,5.113,0.0,2.86,33.38,0,0,1,1
PDF_09210,1,2,24.52,4,1,0,0,54.54,0.2711,0.292,120,6.353,26.18,8.8,36.05,0,1,1,1
PDF_09211,1,3,19.51,1,1,0,0,12.76,0.2163,0.2206,78,6.625,21.45,14.23,20.95,0,0,1,1
PDF_09212,1,2,11.24,7,6,0,0,12.06,0.217,0.1754,106,5.861,36.42,17.16,25.39,0,0,1,1
PDF_09213,1,1,11.47,5,2,1,0,3.67,0.2639,0.0946,66,5.691,21.96,37.72,13.09,0,0,1,1
PDF_09214,2,1,9.11,7,4,1,0,44.63,0.3369,0.3604,82,6.651,22.83,24.66,68.83,1,1,0,1
PDF_09215,1,1,0.0,1,2,0,1,0.0,0.0541,0.1099,115,4.576,4.25,5.58,15.77,0,0,0,1
PDF_09216,0,3,0.0,8,4,2,0,0.0,0.1594,0.195,31,5.241,2.62,0.0,26.02,0,0,0,1
PDF_09217,2,3,93.81,10,10,2,0,92.72,0.3491,0.1998,181,6.773,84.57,73.66,57.42,0,1,0,1
PDF_09218,1,3,9.57,6,2,2,0,33.74,0.2244,0.2267,101,6.022,34.2,35.27,13.96,0,0,0,1
PDF_09219,2,4,42.52,9,6,1,0,58.22,0.2371,0.2559,116,6.15,74.09,46.55,46.71,0,1,0,1
PDF_09220,2,3,67.81,14,6,1,0,36.01,0.3125,0.2858,127,6.289,52.35,48.89,33.5,0,0,0,1
PDF_09221,0,2,48.04,11,8,1,1,35.08,0.265,0.206,109,6.966,64.8,25.02,22.69,0,0,0,1
PDF_09222,1,2,20.44,7,4,2,0,34.17,0.2315,0.2324,119,5.409,56.92,0.22,24.21,0,1,0,1
PDF_09223,0,4,25.43,4,8,2,0,0.0,0.1945,0.2956,138,4.176,38.89,23.4,7.68,0,0,0,1
PDF_09224,1,1,60.94,8,5,1,0,18.5,0.3555,0.3906,114,5.219,55.71,37.12,81.88,1,0,0,1
PDF_09225,0,2,54.56,6,9,2,0,40.95,0.2706,0.2894,145,6.071,32.66,48.3,38.92,0,0,0,1
PDF_09226,2,3,21.8,4,2,1,0,85.27,0.2804,0.2431,129,6.052,22.6,22.43,35.65,0,1,1,1
PDF_09227,0,3,7.31,1,4,0,0,28.77,0.2117,0.1601,101,5.606,18.25,18.21,26.17,0,1,1,1
PDF_09228,0,1,13.97,5,2,2,1,5.25,0.2524,0.1664,104,4.922,27.7,20.61,32.4,0,0,0,1
PDF_09229,1,2,30.57,8,7,2,0,13.91,0.3309,0.421,191,6.323,78.45,52.06,79.32,1,0,0,1
PDF_09230,1,2,34.38,7,1,2,0,1.46,0.2345,0.2029,130,6.35,71.21,43.79,28.78,0,0,0,1
PDF_09231,2,3,52.36,9,2,1,0,56.22,0.1766,0.1849,159,5.723,42.89,32.97,49.94,0,1,0,1
PDF_09232,1,3,33.76,4,3,1,0,61.13,0.2709,0.1821,177,6.899,42.23,41.81,39.75,0,1,1,1
PDF_09233,2,2,40.71,5,6,2,0,20.21,0.2944,0.2303,141,6.725,24.52,42.71,11.45,0,0,0,1
PDF_09234,2,3,6.46,2,5,2,0,0.0,0.1035,0.2381,70,5.437,28.29,0.0,29.78,0,0,0,1
PDF_09235,0,1,17.54,6,3,1,1,19.04,0.3218,0.241,131,4.5,34.46,3.75,39.61,0,1,0,1
PDF_09236,1,1,45.37,10,4,1,0,42.68,0.287,0.4571,132,5.688,55.45,27.89,81.15,1,0,0,1
PDF_09237,0,2,0.0,6,9,0,0,0.0,0.1465,0.1219,79,5.859,29.65,4.82,30.75,0,0,0,1
PDF_09238,1,2,18.52,3,2,2,0,0.0,0.1178,0.1586,76,7.085,21.79,18.55,0.0,0,0,0,1
PDF_09239,1,2,18.37,2,0,1,0,18.39,0.2017,0.1577,106,5.021,18.06,4.91,19.68,0,0,1,1
PDF_09240,2,3,17.49,5,5,1,0,36.75,0.248,0.2488,123,5.727,17.41,13.17,39.58,0,1,1,1
PDF_09241,0,3,20.19,3,3,0,0,39.5,0.1871,0.2774,115,5.553,25.7,9.11,16.81,0,1,1,1
PDF_09242,1,2,13.89,4,1,1,1,21.9,0.1904,0.2994,128,5.453,23.69,13.78,11.37,0,0,1,1
PDF_09243,1,3,13.18,6,4,0,0,10.49,0.1833,0.1604,116,5.808,27.05,27.8,25.13,0,0,1,1
PDF_09244,1,2,21.41,8,5,1,0,43.91,0.163,0.0649,134,5.507,32.19,28.39,9.55,0,1,0,1
PDF_09245,0,1,3.19,3,0,0,0,0.0,0.0863,0.1562,101,5.325,0.0,2.85,18.32,0,0,1,1
PDF_09246,0,1,30.6,7,6,3,0,0.82,0.2627,0.2158,126,5.167,30.68,29.83,27.22,0,0,0,1
PDF_09247,1,2,31.78,7,7,1,0,24.41,0.2236,0.2939,131,5.413,33.76,30.13,27.32,0,0,0,1
PDF_09248,1,2,23.46,3,8,2,0,14.18,0.2707,0.3384,126,6.534,29.14,37.04,34.89,0,0,0,1
PDF_09249,2,2,19.58,6,4,1,0,14.88,0.2026,0.1766,119,5.991,27.38,23.34,15.35,0,0,1,1
PDF_09250,1,1,47.14,13,3,1,0,32.31,0.2457,0.2552,107,6.133,71.2,68.15,29.79,0,0,0,1
PDF_09251,2,4,73.47,10,8,2,1,19.08,0.3755,0.2082,110,6.008,29.89,42.76,15.02,0,0,0,1
PDF_09252,1,2,30.77,1,4,0,0,22.64,0.2831,0.3028,137,5.609,52.6,54.48,24.96,0,0,0,1
PDF_09253,1,2,40.01,6,5,1,0,10.18,0.1692,0.1715,120,5.07,44.34,25.23,18.48,0,0,0,1
PDF_09254,2,2,62.66,9,5,1,0,40.92,0.2742,0.2958,159,6.273,59.5,52.77,48.43,0,0,0,1
PDF_09255,2,3,32.58,6,6,3,0,71.47,0.3228,0.1053,113,6.099,56.48,25.96,11.64,0,1,0,1
PDF_09256,0,3,15.17,8,2,1,0,0.0,0.2016,0.2681,91,5.67,9.64,15.57,7.85,0,0,0,1
PDF_09257,1,1,27.97,5,5,1,0,0.0,0.304,0.3042,116,4.688,35.82,1.75,70.96,1,0,0,1
PDF_09258,1,3,60.0,11,8,1,0,71.56,0.4309,0.3022,191,6.488,46.64,61.21,62.36,0,1,1,1
PDF_09259,1,1,24.92,4,3,1,1,21.64,0.2938,0.2481,82,5.647,9.88,18.65,19.22,0,0,1,1
PDF_09260,1,2,62.16,11,7,2,0,28.73,0.3239,0.2795,150,6.979,73.2,63.17,25.58,0,0,0,1
PDF_09261,1,2,26.18,9,7,1,0,14.63,0.3403,0.3912,170,6.225,52.45,26.52,74.13,1,0,0,1
PDF_09262,1,2,22.28,5,2,0,0,52.07,0.18,0.1405,76,6.655,27.27,15.96,37.44,0,1,0,1
PDF_09263,1,2,43.27,9,4,2,0,19.77,0.2754,0.056,105,5.696,63.09,24.95,27.16,0,0,0,1
PDF_09264,1,2,44.46,7,2,2,0,68.25,0.301,0.1951,133,5.268,47.48,42.75,31.72,0,1,0,1
PDF_09265,1,1,6.65,2,4,0,0,0.0,0.1828,0.2617,82,5.332,19.01,14.89,20.36,0,0,1,1
PDF_09266,2,2,43.65,8,7,2,0,0.0,0.2665,0.2869,127,5.31,29.19,56.93,26.52,0,0,0,1
PDF_09267,0,1,13.47,2,6,1,0,4.19,0.1916,0.2231,141,6.12,18.57,25.71,28.31,0,0,0,1
PDF_09268,0,3,43.03,5,5,1,0,30.04,0.2148,0.182,147,6.761,31.38,16.32,28.79,0,0,0,1
PDF_09269,1,3,51.28,7,7,2,0,13.56,0.2919,0.1948,129,5.721,56.23,41.28,12.87,0,0,0,1
PDF_09270,1,2,6.78,8,6,1,1,0.0,0.2605,0.3152,100,5.389,40.98,8.46,63.04,1,0,0,1
PDF_09271,2,2,44.31,5,7,1,1,31.16,0.2186,0.2669,112,6.055,59.5,34.41,50.96,0,0,0,1
PDF_09272,0,2,14.06,6,7,1,1,0.0,0.0969,0.1781,67,5.805,6.57,4.08,21.65,0,0,0,1
PDF_09273,0,3,33.7,7,10,2,1,49.88,0.1583,0.2237,120,5.66,26.91,55.49,33.89,0,1,0,1
PDF_09274,2,1,8.45,4,5,3,0,0.0,0.1563,0.1267,51,5.586,6.72,0.0,17.45,0,0,0,1
PDF_09275,0,2,21.06,4,3,1,0,49.53,0.2322,0.231,143,7.235,45.71,22.22,31.18,0,1,1,1
PDF_09276,0,2,23.27,6,3,0,0,0.0,0.2228,0.2031,114,7.022,27.81,12.82,30.94,0,0,0,1
PDF_09277,1,3,5.62,5,2,0,0,9.48,0.1298,0.1049,86,5.166,12.9,1.38,22.58,0,0,1,1
PDF_09278,1,2,47.42,9,7,2,0,0.0,0.3808,0.3097,137,5.112,28.76,53.93,83.82,1,0,0,1
PDF_09279,1,2,21.84,5,6,1,0,8.03,0.1719,0.1297,139,6.13,13.63,20.76,1.65,0,0,0,1
PDF_09280,2,1,5.33,4,0,0,0,16.42,0.2104,0.2815,109,5.69,20.03,20.13,21.76,0,0,1,1
PDF_09281,0,3,11.99,6,2,1,0,0.0,0.2118,0.1679,106,5.682,42.18,17.03,37.53,0,0,0,1
PDF_09282,3,3,67.33,8,7,1,0,45.04,0.3265,0.3118,158,5.974,65.42,64.41,28.29,0,0,0,1
PDF_09283,2,2,0.0,5,3,0,0,0.0,0.11,0.1681,76,5.814,0.0,0.0,17.92,0,0,0,1
PDF_09284,1,3,15.03,0,0,0,0,22.45,0.226,0.1579,107,6.084,36.56,5.25,29.37,0,0,1,1
PDF_09285,1,1,12.99,5,0,0,0,1.61,0.2583,0.4415,102,4.966,20.51,2.75,60.19,1,0,0,1
PDF_09286,2,3,14.33,4,0,1,1,1.26,0.2337,0.1419,64,4.955,28.83,16.86,5.32,0,0,1,1
PDF_09287,1,2,34.3,8,5,0,0,11.15,0.2572,0.1892,103,5.271,51.6,42.1,34.8,0,0,0,1
PDF_09288,2,1,25.83,5,2,1,1,28.55,0.2761,0.1761,129,5.961,36.12,20.88,42.6,0,0,1,1
PDF_09289,1,2,12.17,5,2,1,0,13.19,0.3244,0.3157,113,5.562,29.59,27.24,16.13,0,0,1,1
PDF_09290,2,3,32.25,6,3,1,0,0.0,0.3099,0.2337,142,5.335,38.83,32.94,31.2,0,0,1,1
PDF_09291,0,1,8.5,0,6,0,0,26.52,0.3437,0.3111,102,6.43,21.41,18.24,64.06,1,0,1,1
PDF_09292,1,2,2.67,2,2,1,0,2.87,0.178,0.168,137,6.405,36.99,0.0,24.04,0,0,0,1
PDF_09293,1,2,34.79,8,2,1,0,54.03,0.2607,0.3351,76,5.154,39.67,39.11,36.79,0,1,0,1
PDF_09294,0,2,5.84,2,2,0,1,0.0,0.1461,0.2104,111,6.994,29.03,11.22,31.43,0,0,0,1
PDF_09295,1,2,17.49,4,6,2,0,25.63,0.2028,0.2076,116,5.008,56.94,18.01,7.63,0,0,0,1
PDF_09296,3,3,50.71,11,8,2,0,22.6,0.4041,0.4488,196,6.667,52.93,62.22,93.93,1,0,0,1
PDF_09297,1,3,44.88,5,4,2,0,6.26,0.3693,0.407,125,6.356,36.03,42.89,64.65,1,0,0,1
PDF_09298,0,2,0.0,6,6,2,0,24.85,0.1163,0.2383,71,4.894,13.35,0.0,4.2,0,1,0,1
PDF_09299,1,2,35.46,6,2,1,1,10.76,0.2327,0.1719,136,5.186,41.74,46.73,23.13,0,0,0,1
PDF_09300,1,2,42.14,8,5,2,0,11.29,0.269,0.2325,133,5.735,53.34,37.13,24.27,0,0,0,1
PDF_09301,2,3,17.58,3,2,1,0,23.84,0.2629,0.2423,141,5.641,29.23,26.89,0.0,0,0,1,1
PDF_09302,1,4,56.3,5,5,1,0,57.02,0.2557,0.2328,109,6.4,54.96,26.5,15.67,0,1,0,1
PDF_09303,0,2,52.7,7,9,2,1,48.49,0.2957,0.2185,162,6.788,97.82,60.3,32.85,0,0,0,1
PDF_09304,1,3,28.79,10,8,2,0,28.4,0.3662,0.4419,157,5.911,74.63,48.34,75.88,1,0,0,1
PDF_09305,0,2,6.83,3,0,0,0,2.36,0.1394,0.1687,65,5.705,17.89,11.32,12.34,0,0,1,1
PDF_09306,1,1,11.44,2,6,0,0,13.1,0.2625,0.4389,97,4.378,25.75,10.13,76.33,1,0,1,1
PDF_09307,1,2,68.17,3,5,2,0,83.38,0.253,0.1969,129,6.118,43.81,20.31,34.99,0,1,0,1
PDF_09308,0,3,18.16,3,4,0,0,25.4,0.3112,0.3032,107,5.387,21.33,24.88,28.0,0,0,1,1
PDF_09309,1,2,16.51,2,4,0,0,55.23,0.2366,0.2261,104,5.84,19.36,10.67,3.74,0,1,1,1
PDF_09310,0,2,9.24,2,0,0,0,50.56,0.201,0.3788,44,5.748,12.18,0.0,56.46,1,1,1,1
PDF_09311,0,3,31.72,4,3,1,0,2.13,0.3131,0.2125,88,6.359,30.33,25.77,28.92,0,0,1,1
PDF_09312,1,3,3.2,9,0,1,0,5.9,0.1126,0.0746,83,5.308,28.04,5.37,8.71,0,0,0,1
PDF_09313,0,1,8.71,2,0,0,0,24.84,0.2626,0.3446,152,5.563,27.48,3.03,74.06,1,1,1,1
PDF_09314,2,2,51.64,7,8,1,0,44.66,0.2707,0.2791,153,5.689,67.74,56.02,35.93,0,0,0,1
PDF_09315,1,2,32.99,11,1,3,1,14.57,0.1844,0.1806,104,6.358,20.64,24.48,12.83,0,0,0,1
PDF_09316,0,1,25.01,5,2,2,0,9.12,0.2002,0.2236,100,6.169,20.02,9.7,26.51,0,0,0,1
PDF_09317,1,1,26.53,7,5,0,0,10.66,0.2898,0.4555,133,5.807,37.14,28.94,64.77,1,0,0,1
PDF_09318,0,1,11.63,1,0,0,0,3.73,0.1888,0.169,97,6.058,20.5,22.14,37.42,0,0,1,1
PDF_09319,0,3,29.2,5,3,1,1,29.04,0.2318,0.241,74,4.958,16.75,25.78,14.2,0,0,0,1
PDF_09320,1,1,20.67,4,3,1,0,15.48,0.2349,0.116,105,6.711,42.77,11.32,32.97,0,0,0,1
PDF_09321,2,1,0.0,2,0,0,0,0.0,0.1208,0.125,79,4.447,21.9,0.0,9.1,0,0,1,1
PDF_09322,1,4,31.12,9,6,1,1,0.97,0.2382,0.2075,101,6.66,56.13,26.13,17.71,0,0,0,1
PDF_09323,2,2,34.41,10,4,1,0,78.07,0.4208,0.4059,209,7.246,41.69,52.62,64.25,1,1,1,1
PDF_09324,2,3,48.96,8,6,1,0,19.39,0.239,0.3002,140,5.611,49.95,40.65,28.23,0,0,0,1
PDF_09325,2,1,4.77,2,2,0,0,40.94,0.2326,0.1754,120,5.143,25.99,8.32,3.69,0,1,1,1
PDF_09326,2,3,14.18,5,4,0,1,0.0,0.151,0.1586,83,4.738,24.84,9.06,26.05,0,0,1,1
PDF_09327,3,2,23.54,7,5,1,0,56.6,0.2936,0.2493,123,5.584,39.64,32.55,27.89,0,1,1,1
PDF_09328,1,2,55.46,8,8,1,0,0.0,0.2528,0.2284,103,6.581,68.08,59.49,40.55,0,0,0,1
PDF_09329,1,2,38.39,6,4,0,0,16.49,0.1692,0.2018,108,5.617,39.32,26.88,22.59,0,0,0,1
PDF_09330,2,3,3.91,0,0,0,0,5.9,0.2553,0.1567,121,5.706,24.67,18.3,5.6,0,0,1,1
PDF_09331,1,2,49.71,5,3,2,0,39.76,0.3414,0.4546,158,5.87,44.54,24.84,87.81,1,1,0,1
PDF_09332,1,2,26.48,2,2,1,0,0.0,0.1906,0.2597,130,6.184,34.01,11.99,12.02,0,0,0,1
PDF_09333,2,4,43.0,6,6,2,0,34.61,0.3951,0.2099,178,4.788,64.17,58.5,49.84,0,0,1,1
PDF_09334,3,2,27.14,7,6,1,0,40.66,0.3056,0.3959,142,6.427,47.47,33.28,72.81,1,1,0,1
PDF_09335,1,1,24.93,7,3,1,0,1.75,0.1922,0.1799,100,6.262,32.67,32.47,29.45,0,0,0,1
PDF_09336,0,1,28.51,6,5,1,0,49.23,0.3247,0.2534,137,6.283,31.88,36.31,20.62,0,1,1,1
PDF_09337,0,2,0.0,1,5,2,0,10.03,0.1848,0.1686,113,5.616,52.0,0.0,0.16,0,0,0,1
PDF_09338,0,2,21.52,6,1,1,1,19.96,0.2848,0.1638,90,5.6,38.65,23.61,16.69,0,1,0,1
PDF_09339,2,2,4.22,6,5,0,0,26.25,0.2003,0.1766,127,6.082,31.24,12.25,35.94,0,0,0,1
PDF_09340,1,3,52.13,11,8,2,0,42.2,0.3396,0.2723,145,6.645,63.11,66.3,47.16,0,0,0,1
PDF_09341,1,2,27.14,2,5,1,1,10.99,0.2519,0.184,58,5.596,17.35,27.67,13.09,0,0,0,1
PDF_09342,1,1,0.0,2,3,0,0,0.0,0.1187,0.172,93,5.822,0.0,1.87,11.83,0,0,1,1
PDF_09343,2,4,47.04,8,5,0,0,66.91,0.2674,0.2166,158,6.602,42.08,41.58,32.62,0,1,0,1
PDF_09344,1,3,0.0,4,1,1,0,24.6,0.1885,0.1381,76,5.631,10.63,16.5,8.05,0,1,1,1
PDF_09345,0,4,38.54,6,4,1,1,40.39,0.3127,0.2631,144,5.69,37.81,34.93,30.92,0,0,1,1
PDF_09346,2,2,17.3,1,4,0,0,54.46,0.2314,0.1791,136,5.272,24.66,11.68,33.13,0,1,1,1
PDF_09347,0,1,31.39,2,5,2,0,6.0,0.2288,0.2066,92,5.719,26.22,49.79,8.39,0,0,0,1
PDF_09348,3,3,56.87,8,0,3,0,69.73,0.2729,0.1404,140,5.789,42.7,51.82,41.24,0,1,0,1
PDF_09349,2,3,42.75,5,4,1,0,27.78,0.3237,0.4188,177,5.498,56.94,45.07,71.36,1,0,0,1
PDF_09350,1,2,37.71,9,6,1,0,4.45,0.3483,0.3157,157,6.889,41.44,30.97,50.3,0,0,1,1
PDF_09351,2,2,51.17,8,9,2,0,75.71,0.303,0.2864,128,4.741,47.0,53.39,22.98,0,1,0,1
PDF_09352,2,2,2.22,0,5,0,0,16.91,0.1213,0.1023,69,4.452,5.37,0.98,6.94,0,0,1,1
PDF_09353,3,3,20.58,6,1,1,0,16.38,0.258,0.1709,107,5.708,16.38,23.43,25.27,0,0,1,1
PDF_09354,0,2,11.53,2,5,3,0,0.0,0.1406,0.1765,99,5.103,22.39,11.32,16.86,0,0,0,1
PDF_09355,2,2,19.84,6,7,2,0,9.7,0.1889,0.1524,143,6.928,11.88,12.76,16.07,0,0,0,1
PDF_09356,0,1,22.22,7,2,2,0,4.77,0.3196,0.4102,136,4.853,52.52,31.96,80.25,1,0,0,1
PDF_09357,2,2,34.61,9,8,2,0,50.29,0.2797,0.2141,121,5.381,51.04,32.37,33.53,0,1,0,1
PDF_09358,3,1,25.96,7,7,2,0,15.18,0.3504,0.4161,93,5.644,61.08,33.26,69.25,1,0,0,1
PDF_09359,3,3,42.77,4,3,1,0,42.72,0.1879,0.2446,65,6.114,65.53,22.25,25.92,0,1,0,1
PDF_09360,1,3,28.44,5,6,0,0,18.87,0.349,0.1982,146,6.663,33.71,31.81,32.33,0,0,1,1
PDF_09361,1,3,23.54,7,8,1,1,12.16,0.2458,0.1624,107,6.982,46.43,51.93,26.35,0,0,0,1
PDF_09362,0,2,22.34,7,6,2,0,16.82,0.359,0.3878,100,4.958,33.66,37.8,53.8,1,0,0,1
PDF_09363,2,3,37.44,9,4,1,1,32.74,0.2772,0.2864,139,6.791,36.64,48.73,42.22,0,0,1,1
PDF_09364,1,2,18.71,7,4,1,0,14.04,0.1087,0.1988,86,6.299,21.77,12.82,28.15,0,0,0,1
PDF_09365,0,2,36.13,8,3,1,0,0.0,0.3503,0.3918,128,5.785,54.24,53.0,68.38,1,0,0,1
PDF_09366,2,1,13.7,4,2,0,0,7.43,0.3415,0.4423,99,5.067,32.75,26.88,65.17,1,0,1,1
PDF_09367,0,1,33.03,5,1,0,0,0.0,0.1747,0.1718,63,5.889,25.11,10.52,16.85,0,0,0,1
PDF_09368,1,2,51.21,7,3,1,0,15.77,0.3028,0.1364,123,6.809,38.67,37.73,41.94,0,0,0,1
PDF_09369,2,2,0.0,2,2,1,0,0.0,0.0827,0.0983,49,4.5,11.03,0.0,6.15,0,0,0,1
PDF_09370,0,2,18.48,4,4,1,0,11.22,0.2408,0.1887,65,5.894,36.19,13.3,24.04,0,0,0,1
PDF_09371,0,2,22.72,6,2,2,0,17.95,0.2964,0.202,147,6.164,31.05,43.59,31.68,0,0,0,1
PDF_09372,1,3,44.0,6,3,2,0,25.91,0.2432,0.2142,77,5.788,30.48,21.62,35.57,0,0,0,1
PDF_09373,0,1,35.57,3,4,0,0,18.26,0.2297,0.2516,129,6.735,35.6,25.63,32.58,0,0,0,1
PDF_09374,1,2,29.31,7,3,1,0,3.18,0.2531,0.1534,85,6.088,30.55,27.03,2.35,0,0,0,1
PDF_09375,1,2,49.72,7,2,2,0,43.6,0.2456,0.1827,108,5.691,59.97,20.34,48.37,0,1,0,1
PDF_09376,1,2,59.97,7,8,1,0,79.08,0.2706,0.3177,172,6.173,65.44,54.2,24.44,0,1,0,1
PDF_09377,1,4,6.06,0,2,1,0,42.25,0.1515,0.1072,81,6.029,37.26,22.17,7.24,0,1,0,1
PDF_09378,1,1,28.41,7,0,1,0,21.24,0.2319,0.2818,104,6.418,27.48,15.32,20.5,0,0,0,1
PDF_09379,0,3,23.36,3,3,1,0,27.34,0.2612,0.206,119,4.865,36.62,28.1,17.93,0,0,1,1
PDF_09380,1,2,7.86,2,0,0,0,0.0,0.1662,0.2116,59,5.731,0.0,9.41,15.24,0,0,0,1
PDF_09381,2,2,19.23,5,5,0,0,11.69,0.1629,0.2202,92,5.931,28.74,21.37,12.14,0,0,1,1
PDF_09382,2,2,9.63,8,5,1,0,0.0,0.2323,0.2258,88,5.883,45.0,24.13,20.7,0,0,0,1
PDF_09383,4,3,25.98,8,3,1,1,42.41,0.2885,0.247,132,5.613,43.16,41.63,34.43,0,0,1,1
PDF_09384,0,2,21.93,5,4,2,0,44.01,0.3885,0.4213,159,6.639,52.36,33.08,68.27,1,1,0,1
PDF_09385,0,2,35.94,5,7,2,0,20.97,0.1998,0.2324,95,5.423,23.03,31.87,0.0,0,0,0,1
PDF_09386,2,1,18.08,10,7,1,0,0.0,0.2485,0.182,147,7.536,28.13,24.1,17.31,0,0,0,1
PDF_09387,2,2,9.15,5,5,2,0,16.15,0.2085,0.1979,86,5.504,23.59,16.81,21.84,0,0,1,1
PDF_09388,2,1,0.0,5,2,1,0,0.0,0.111,0.118,88,5.885,30.28,21.95,16.04,0,0,0,1
PDF_09389,0,1,6.07,7,6,1,1,0.0,0.3083,0.4184,106,6.623,36.3,14.98,81.92,1,0,0,1
PDF_09390,0,1,6.53,0,1,0,0,12.27,0.2154,0.1746,136,4.942,18.19,7.21,30.38,0,0,1,1
PDF_09391,2,1,13.28,6,4,1,1,35.96,0.2097,0.1553,67,6.271,8.42,5.28,6.75,0,1,1,1
PDF_09392,1,2,33.92,5,3,3,0,40.15,0.1004,0.1924,120,6.473,34.66,31.03,30.03,0,0,0,1
PDF_09393,1,2,35.07,9,4,1,0,5.45,0.3103,0.2232,115,5.955,53.75,51.15,39.93,0,0,0,1
PDF_09394,2,1,17.84,6,4,1,0,21.42,0.1946,0.152,108,6.195,23.88,28.14,25.29,0,0,1,1
PDF_09395,2,2,0.0,4,2,1,0,32.65,0.2318,0.2725,112,5.065,36.02,34.83,10.4,0,1,0,1
PDF_09396,1,3,38.6,7,4,1,0,47.0,0.3745,0.2154,186,6.269,53.7,50.45,46.2,0,0,1,1
PDF_09397,1,1,24.67,4,2,1,0,0.0,0.162,0.1287,81,5.452,40.6,13.27,21.28,0,0,0,1
PDF_09398,0,3,37.57,8,7,1,1,21.98,0.3103,0.3647,134,6.97,46.29,39.03,79.28,1,0,1,1
PDF_09399,2,3,21.66,5,3,2,1,20.1,0.4692,0.4061,168,6.623,26.0,21.33,79.35,1,0,1,1
PDF_09400,1,1,1.86,0,4,0,0,0.0,0.1646,0.3752,36,5.255,14.34,0.0,48.32,1,1,1,1
PDF_09401,2,2,21.13,6,4,1,0,13.07,0.3504,0.2401,109,5.237,51.05,32.79,44.99,0,0,1,1
PDF_09402,2,2,28.96,5,10,1,0,49.71,0.4106,0.3245,133,6.061,64.22,28.88,74.31,1,1,0,1
PDF_09403,1,3,14.98,3,5,1,0,11.79,0.2311,0.2236,98,6.519,26.69,12.6,20.08,0,0,0,1
PDF_09404,2,3,54.91,11,2,1,1,33.83,0.224,0.2064,97,5.638,48.93,46.44,28.14,0,0,0,1
PDF_09405,2,2,43.67,4,6,1,0,52.62,0.2951,0.1791,137,5.658,51.64,25.35,11.47,0,1,0,1
PDF_09406,2,3,26.24,5,2,1,1,13.53,0.3002,0.177,129,5.595,32.86,34.66,14.14,0,0,1,1
PDF_09407,0,2,20.24,7,5,1,0,8.14,0.2843,0.2651,139,5.246,24.13,22.98,25.69,0,0,1,1
PDF_09408,0,2,63.57,7,6,2,0,57.0,0.2835,0.1885,159,6.371,43.85,47.17,28.02,0,1,0,1
PDF_09409,3,2,26.18,2,5,1,0,32.63,0.2269,0.2065,108,7.223,56.06,43.09,36.8,0,0,0,1
PDF_09410,0,3,24.04,5,2,1,0,18.05,0.2314,0.1838,95,5.974,13.11,23.58,17.41,0,0,1,1
PDF_09411,1,2,57.46,10,6,2,0,90.26,0.3361,0.2944,111,6.052,48.54,42.59,20.34,0,1,0,1
PDF_09412,2,2,24.18,5,4,2,0,0.0,0.2679,0.3722,71,6.242,30.94,8.55,50.21,1,0,0,1
PDF_09413,1,3,33.47,6,6,0,0,44.42,0.2947,0.2697,114,6.262,31.27,23.9,35.58,0,1,1,1
PDF_09414,0,1,27.73,4,4,2,0,20.91,0.2401,0.3154,89,5.841,27.64,35.41,35.46,0,0,0,1
PDF_09415,1,2,11.66,4,6,1,0,15.62,0.1849,0.1939,150,5.558,35.45,31.26,0.0,0,0,0,1
PDF_09416,2,3,24.12,5,5,2,0,85.2,0.3093,0.1932,107,5.745,49.43,42.65,36.97,0,1,0,1
PDF_09417,1,2,0.0,5,3,2,0,3.87,0.2055,0.3021,53,5.745,38.24,2.42,76.09,1,0,0,1
PDF_09418,1,1,10.39,7,5,1,1,36.05,0.2312,0.183,86,5.367,50.94,24.33,25.17,0,1,0,1
PDF_09419,1,2,54.65,6,3,2,1,38.18,0.4115,0.4434,126,5.051,62.62,56.75,74.26,1,0,0,1
PDF_09420,1,3,49.67,9,6,1,0,64.16,0.2277,0.2568,111,4.873,54.05,50.39,43.3,0,1,0,1
PDF_09421,2,2,28.17,5,1,1,0,39.74,0.2771,0.1534,130,5.43,48.64,14.4,25.62,0,0,0,1
PDF_09422,1,3,23.66,6,4,0,0,39.21,0.3561,0.3479,177,6.134,22.79,16.71,56.65,1,1,1,1
PDF_09423,3,1,59.3,7,5,2,0,3.79,0.2523,0.2349,93,5.859,58.21,44.86,29.58,0,0,0,1
PDF_09424,0,1,17.46,2,2,0,0,0.0,0.1084,0.1991,49,4.868,32.93,12.18,37.38,0,0,1,1
PDF_09425,0,1,27.56,7,3,0,1,17.55,0.2205,0.1846,112,5.236,25.42,22.8,49.45,0,0,1,1
PDF_09426,1,2,14.87,5,1,0,0,24.02,0.3068,0.4512,141,6.562,29.93,22.72,57.5,1,0,1,1
PDF_09427,1,3,24.57,7,3,1,0,21.07,0.4643,0.3829,165,5.542,40.7,33.43,73.56,1,0,1,1
PDF_09428,2,1,30.2,6,2,1,0,0.0,0.1667,0.2265,75,4.758,34.3,32.55,19.49,0,0,0,1
PDF_09429,1,3,40.49,10,6,2,1,39.37,0.2895,0.2016,154,6.719,67.26,46.74,44.53,0,1,0,1
PDF_09430,1,2,23.5,8,6,1,0,9.42,0.2171,0.2269,120,5.11,30.07,0.0,0.63,0,0,0,1
PDF_09431,2,3,18.54,6,10,0,0,47.81,0.256,0.1693,149,5.735,28.2,49.72,10.78,0,1,0,1
PDF_09432,0,2,12.38,5,6,1,0,6.73,0.1588,0.1716,116,5.582,28.92,31.25,11.54,0,0,0,1
PDF_09433,2,3,72.59,9,4,2,0,31.91,0.3462,0.292,150,5.667,65.44,65.97,52.01,0,0,0,1
PDF_09434,0,1,29.74,7,2,0,0,59.21,0.2511,0.1322,102,5.873,27.38,32.07,12.04,0,1,0,1
PDF_09435,2,2,18.21,2,2,0,0,0.0,0.3519,0.389,125,6.281,36.65,14.89,59.9,1,0,1,1
PDF_09436,2,2,14.45,0,2,1,0,50.03,0.1696,0.2331,26,3.977,19.03,0.0,24.58,0,1,0,1
PDF_09437,2,2,8.08,3,0,1,0,11.92,0.2587,0.2721,132,6.332,19.91,17.72,11.57,0,0,0,1
PDF_09438,1,1,36.22,4,1,0,0,0.0,0.3419,0.3454,132,5.661,28.06,30.9,47.68,1,0,0,1
PDF_09439,2,2,40.1,3,3,1,1,33.03,0.2746,0.518,134,6.324,21.99,19.76,82.23,1,1,0,1
PDF_09440,2,4,40.39,8,5,0,0,45.79,0.4229,0.2527,159,5.586,48.06,41.32,23.29,0,0,1,1
PDF_09441,0,2,2.17,2,0,0,1,0.0,0.129,0.1173,82,5.058,19.78,13.63,15.62,0,0,1,1
PDF_09442,1,1,0.0,1,6,0,0,0.0,0.2408,0.2171,111,5.187,20.7,22.4,9.02,0,0,0,1
PDF_09443,0,2,5.3,8,6,0,0,31.27,0.2353,0.1559,101,4.687,39.78,8.44,25.54,0,1,0,1
PDF_09444,1,3,31.24,6,3,0,0,16.75,0.3392,0.2081,162,6.995,50.5,17.7,40.01,0,0,1,1
PDF_09445,1,3,25.42,6,3,2,0,77.22,0.3419,0.235,127,5.763,16.75,39.62,44.97,0,1,1,1
PDF_09446,2,2,18.72,5,5,1,1,9.18,0.1263,0.1286,90,5.728,43.41,27.84,22.73,0,0,0,1
PDF_09447,1,2,18.93,2,4,0,0,10.57,0.1419,0.1487,90,6.055,26.82,6.44,0.0,0,0,0,1
PDF_09448,1,2,19.27,5,3,0,0,12.67,0.326,0.4653,142,6.089,35.34,19.09,74.69,1,0,0,1
PDF_09449,1,2,53.62,6,5,1,1,27.52,0.2441,0.1465,79,5.697,61.94,47.56,31.08,0,0,0,1
PDF_09450,2,1,23.97,4,4,2,0,47.94,0.1406,0.2631,54,5.082,33.39,28.46,17.25,0,1,0,1
PDF_09451,1,2,32.6,7,6,1,0,10.25,0.2808,0.196,171,5.287,39.73,21.18,40.09,0,0,0,1
PDF_09452,1,2,0.42,5,0,1,0,10.69,0.2407,0.3818,101,6.072,22.8,5.75,53.29,1,1,0,1
PDF_09453,1,3,22.04,10,4,0,1,9.41,0.3273,0.2277,146,5.423,53.01,34.06,38.99,0,0,0,1
PDF_09454,0,2,46.25,9,6,2,0,1.24,0.1792,0.182,106,7.328,57.83,35.22,31.47,0,0,0,1
PDF_09455,1,2,30.72,6,3,2,1,0.0,0.2564,0.2063,131,5.531,26.73,32.08,14.81,0,0,0,1
PDF_09456,0,2,13.64,5,4,0,0,57.69,0.3228,0.2819,102,6.069,27.56,14.21,34.32,0,1,1,1
PDF_09457,1,3,45.5,6,9,1,0,64.85,0.1958,0.1801,122,5.422,59.86,48.51,35.15,0,1,0,1
PDF_09458,1,2,22.95,5,8,2,0,9.7,0.2193,0.2367,114,5.622,32.95,12.42,31.47,0,0,0,1
PDF_09459,1,1,23.63,9,3,1,0,30.72,0.2765,0.4165,131,6.73,46.07,43.3,77.94,1,0,0,1
PDF_09460,2,2,51.03,9,8,1,0,44.03,0.3726,0.4478,147,5.611,49.56,21.32,56.47,1,0,0,1
PDF_09461,2,3,28.49,3,6,1,0,1.59,0.1721,0.2898,100,6.156,35.96,36.45,5.56,0,0,0,1
PDF_09462,1,2,8.02,7,1,1,0,51.09,0.2314,0.1525,103,5.299,50.98,8.9,10.94,0,1,0,1
PDF_09463,0,1,26.56,3,4,2,0,34.03,0.2343,0.1331,105,5.997,46.16,29.11,13.46,0,1,0,1
PDF_09464,2,3,51.67,7,10,2,0,40.21,0.3094,0.2525,134,6.439,55.48,78.74,18.07,0,0,0,1
PDF_09465,1,2,41.66,4,8,1,0,33.97,0.2487,0.2178,131,6.458,75.71,56.04,20.58,0,0,0,1
PDF_09466,2,2,0.0,5,2,1,0,0.01,0.1966,0.1922,24,5.628,11.01,0.0,3.01,0,0,0,1
PDF_09467,0,2,15.92,6,3,3,0,6.85,0.1671,0.2036,149,6.051,47.19,42.9,8.38,0,0,0,1
PDF_09468,2,3,64.95,7,8,0,0,64.49,0.312,0.3301,180,6.191,53.77,59.26,36.47,0,1,0,1
PDF_09469,2,1,0.0,2,0,0,0,55.29,0.1186,0.2241,100,5.46,28.68,14.31,18.59,0,1,1,1
PDF_09470,0,2,43.19,7,4,1,0,13.0,0.1978,0.1639,122,6.459,36.79,23.4,27.07,0,0,0,1
PDF_09471,2,1,4.08,2,2,0,0,5.76,0.2129,0.1921,71,5.091,29.47,11.94,12.03,0,0,1,1
PDF_09472,0,1,21.49,5,6,2,0,23.56,0.2247,0.2896,135,6.07,19.36,26.87,18.24,0,0,0,1
PDF_09473,1,2,8.92,2,2,1,0,20.82,0.1472,0.2251,116,5.529,24.85,13.4,13.02,0,1,1,1
PDF_09474,1,1,19.91,0,1,0,0,6.18,0.2622,0.2051,83,5.035,23.89,16.5,41.91,0,0,1,1
PDF_09475,2,1,10.1,2,4,0,0,29.34,0.2934,0.2664,152,5.163,9.42,17.82,25.83,0,0,1,1
PDF_09476,1,2,42.19,6,0,1,0,8.4,0.3212,0.3466,142,6.136,35.73,14.11,30.93,0,0,1,1
PDF_09477,2,2,68.89,12,8,3,0,59.52,0.3592,0.4316,206,5.218,69.3,49.28,77.83,1,1,0,1
PDF_09478,2,3,47.12,3,6,2,0,45.25,0.192,0.1659,146,5.667,48.46,2.28,39.3,0,1,0,1
PDF_09479,1,2,0.0,5,0,2,0,0.0,0.0681,0.0421,34,5.719,11.28,0.0,0.0,0,0,0,1
PDF_09480,1,2,15.15,5,1,0,0,50.08,0.1413,0.2298,64,4.686,37.29,2.91,0.0,0,1,0,1
PDF_09481,0,2,8.14,4,4,0,1,7.01,0.2096,0.0871,70,6.051,23.07,8.79,25.47,0,0,1,1
PDF_09482,1,2,48.74,12,6,1,0,55.56,0.265,0.2054,99,5.477,62.21,33.67,28.35,0,1,0,1
PDF_09483,1,2,40.72,6,7,0,0,57.91,0.3065,0.1891,111,6.28,44.09,45.72,15.95,0,1,1,1
PDF_09484,2,2,1.93,6,5,1,0,23.93,0.335,0.1748,92,6.279,35.82,0.01,17.44,0,0,0,1
PDF_09485,0,2,38.47,5,7,1,0,52.18,0.1856,0.2827,102,5.705,43.17,22.48,36.1,0,1,0,1
PDF_09486,1,2,39.09,5,1,1,0,12.62,0.2317,0.1385,99,5.636,30.17,29.47,9.02,0,0,0,1
PDF_09487,1,1,49.12,4,5,1,0,14.99,0.2068,0.1122,87,6.294,47.23,37.63,31.38,0,0,0,1
PDF_09488,3,4,64.6,11,6,2,0,26.02,0.2608,0.2456,150,5.781,68.06,55.86,41.33,0,0,0,1
PDF_09489,0,2,14.63,3,1,1,0,16.94,0.2585,0.1686,152,5.57,23.24,11.22,35.05,0,0,1,1
PDF_09490,3,3,48.58,6,6,2,0,58.84,0.4015,0.4142,134,5.463,36.88,6.22,78.19,1,1,0,1
PDF_09491,3,3,29.63,8,4,1,1,61.67,0.2247,0.2711,140,5.986,39.26,39.44,33.24,0,1,1,1
PDF_09492,0,1,35.26,3,3,0,0,14.02,0.199,0.2003,125,6.877,46.08,12.53,14.1,0,0,0,1
PDF_09493,0,2,4.72,0,3,1,0,0.0,0.0968,0.1906,97,5.782,8.17,0.0,0.0,0,0,1,1
PDF_09494,2,2,25.88,5,5,0,1,7.84,0.204,0.2251,141,5.601,31.49,25.39,2.16,0,0,1,1
PDF_09495,1,2,33.28,5,1,1,0,23.55,0.2058,0.2511,97,5.24,33.36,16.73,46.76,0,0,0,1
PDF_09496,0,3,48.25,7,6,2,0,1.21,0.2863,0.1789,152,7.176,39.48,22.92,17.8,0,0,0,1
PDF_09497,1,2,25.57,5,4,0,0,0.0,0.2819,0.2102,51,4.779,28.12,14.72,23.39,0,0,0,1
PDF_09498,1,2,19.05,6,3,1,0,69.07,0.2254,0.1749,72,5.71,40.19,40.01,19.47,0,1,0,1
PDF_09499,0,2,36.13,3,2,1,0,54.89,0.2108,0.162,85,6.043,54.92,0.0,16.22,0,1,0,1
PDF_09500,2,4,43.59,6,6,2,0,50.81,0.3287,0.2544,123,5.733,47.87,53.27,57.18,0,0,1,1
PDF_09501,1,3,11.1,3,2,0,1,24.2,0.3822,0.3437,134,5.898,30.95,9.47,75.26,1,0,1,1
PDF_09502,0,1,21.08,3,6,1,0,1.94,0.1979,0.1791,52,6.036,43.65,26.77,20.61,0,1,0,1
PDF_09503,2,1,15.84,10,6,2,0,30.6,0.3499,0.4094,136,5.772,46.14,28.22,68.73,1,0,0,1
PDF_09504,3,3,27.32,8,3,0,0,27.92,0.4394,0.384,153,5.119,43.47,25.12,83.77,1,0,1,1
PDF_09505,2,3,33.88,7,9,1,0,64.68,0.3189,0.3151,177,6.478,56.7,49.94,52.73,0,0,1,1
PDF_09506,1,1,33.02,6,4,0,1,19.04,0.2445,0.2388,105,5.822,57.07,18.05,21.97,0,0,0,1
PDF_09507,0,1,9.55,3,2,0,0,2.56,0.2106,0.3283,83,6.187,23.07,23.29,67.09,1,0,0,1
PDF_09508,0,2,21.94,4,3,2,0,10.94,0.1702,0.1582,73,6.005,25.02,37.39,26.93,0,0,0,1
PDF_09509,1,2,43.01,8,8,2,0,18.17,0.3162,0.1445,104,6.597,46.17,45.43,28.75,0,0,0,1
PDF_09510,2,1,34.77,4,4,1,0,22.73,0.2952,0.252,137,6.591,42.54,33.7,15.3,0,0,1,1
PDF_09511,1,2,44.44,7,2,2,0,24.26,0.2056,0.2646,111,6.874,76.38,53.49,32.09,0,0,0,1
PDF_09512,1,1,13.29,7,2,1,1,16.27,0.1966,0.1542,65,5.305,18.52,19.85,18.91,0,1,0,1
PDF_09513,0,1,17.02,1,6,1,0,7.52,0.2438,0.209,79,5.099,40.9,12.54,28.55,0,0,0,1
PDF_09514,1,2,13.2,3,0,0,0,0.0,0.1973,0.1687,123,6.201,4.82,0.0,26.21,0,0,1,1
PDF_09515,2,4,47.29,9,7,1,0,14.6,0.2376,0.2474,113,5.783,57.55,43.75,20.2,0,0,0,1
PDF_09516,2,2,27.37,5,2,1,1,33.63,0.1958,0.1926,99,5.755,31.14,22.62,6.6,0,1,0,1
PDF_09517,2,3,25.68,7,0,2,0,14.27,0.2669,0.1954,104,5.484,42.38,18.86,19.66,0,0,1,1
PDF_09518,1,3,17.16,8,4,0,1,28.27,0.3273,0.4492,137,5.19,22.7,12.69,81.25,1,0,1,1
PDF_09519,1,1,32.22,5,3,0,0,14.44,0.2253,0.2736,116,5.744,38.54,24.98,20.71,0,0,0,1
PDF_09520,1,2,53.17,7,6,3,0,51.78,0.3067,0.2187,157,6.076,56.48,53.62,32.45,0,1,0,1
PDF_09521,2,1,35.89,8,2,2,0,21.01,0.3691,0.4248,167,5.659,45.5,25.43,90.49,1,0,0,1
PDF_09522,1,2,28.72,8,7,2,0,55.79,0.3535,0.373,164,6.381,43.43,34.67,75.91,1,1,0,1
PDF_09523,0,4,31.99,6,8,2,0,34.78,0.1773,0.2594,163,5.439,13.18,48.39,38.44,0,0,0,1
PDF_09524,2,3,15.75,4,6,1,0,19.88,0.3462,0.188,102,5.903,26.88,33.34,30.76,0,0,1,1
PDF_09525,2,2,35.38,5,7,1,0,30.93,0.2936,0.2732,139,6.345,38.17,50.85,16.88,0,0,0,1
PDF_09526,1,1,22.76,8,2,0,0,15.44,0.3963,0.4873,157,5.705,57.23,26.19,74.47,1,0,0,1
PDF_09527,2,2,49.41,5,3,2,0,44.12,0.2244,0.3136,99,5.726,54.01,34.37,9.71,0,1,0,1
PDF_09528,2,2,13.62,4,1,1,0,0.0,0.1991,0.2108,75,4.458,36.68,22.7,22.02,0,0,0,1
PDF_09529,1,2,15.85,2,9,0,0,0.0,0.171,0.1179,86,5.624,18.83,14.58,17.9,0,0,0,1
PDF_09530,2,1,0.98,0,3,1,0,0.0,0.0538,0.2141,58,4.907,27.82,5.51,36.75,0,0,0,1
PDF_09531,1,1,16.56,0,2,1,0,0.0,0.2414,0.2786,108,6.047,24.07,32.31,28.28,0,0,1,1
PDF_09532,2,1,44.45,7,5,2,0,39.3,0.3558,0.4607,174,6.302,69.54,56.14,94.52,1,0,0,1
PDF_09533,0,2,41.53,4,1,2,0,13.32,0.2317,0.2083,86,5.118,48.39,12.18,32.52,0,0,0,1
PDF_09534,2,1,12.89,4,1,0,0,11.78,0.2087,0.2304,74,5.881,32.62,10.06,19.43,0,0,0,1
PDF_09535,2,1,0.0,0,6,1,0,25.62,0.1504,0.2537,90,6.285,38.83,0.0,19.19,0,1,0,1
PDF_09536,1,3,6.38,8,1,0,0,40.62,0.1996,0.1404,81,6.737,36.95,23.58,17.15,0,1,1,1
PDF_09537,1,3,33.78,4,0,1,0,27.31,0.2278,0.2246,177,6.16,41.42,16.06,30.16,0,0,1,1
PDF_09538,2,2,9.11,3,3,2,1,0.0,0.1185,0.1905,74,5.138,32.57,15.06,18.07,0,0,0,1
PDF_09539,2,2,32.78,8,5,1,0,9.32,0.2506,0.2223,89,6.442,64.32,25.93,34.53,0,0,0,1
PDF_09540,1,2,37.16,3,3,2,0,62.2,0.3331,0.1826,143,7.46,37.39,14.99,31.37,0,1,1,1
PDF_09541,2,1,2.88,5,3,2,0,0.0,0.1762,0.2225,79,5.886,32.81,6.81,15.6,0,0,0,1
PDF_09542,1,3,53.98,11,10,2,0,13.93,0.3182,0.5221,195,6.167,60.04,49.8,86.15,1,0,0,1
PDF_09543,0,3,8.68,5,4,0,0,62.34,0.2486,0.2266,151,6.612,33.41,25.04,9.34,0,1,1,1
PDF_09544,0,2,4.38,2,2,1,0,0.0,0.2668,0.2129,74,5.062,48.34,0.0,26.78,0,0,0,1
PDF_09545,1,1,72.48,10,4,1,0,23.99,0.2441,0.2881,171,6.344,62.14,53.07,13.01,0,0,0,1
PDF_09546,1,2,39.99,11,7,1,0,33.59,0.221,0.3051,195,5.973,48.55,60.8,31.37,0,0,0,1
PDF_09547,1,2,43.93,3,3,1,0,29.45,0.2657,0.2127,158,6.119,39.17,39.51,30.81,0,0,0,1
PDF_09548,2,2,32.89,7,3,3,0,12.82,0.239,0.1326,125,5.618,34.45,35.45,27.9,0,0,0,1
PDF_09549,0,1,11.21,3,0,1,0,48.63,0.2928,0.3956,116,5.223,17.65,6.42,53.4,1,1,1,1
PDF_09550,2,2,39.0,3,2,1,0,0.0,0.2386,0.1516,83,5.989,34.78,31.99,12.07,0,0,0,1
PDF_09551,1,3,25.02,8,5,2,0,39.23,0.2637,0.1725,100,5.409,66.32,16.82,17.65,0,0,0,1
PDF_09552,0,2,12.33,4,6,1,0,9.65,0.1825,0.4352,60,5.816,3.02,4.41,72.1,1,0,0,1
PDF_09553,1,2,26.86,5,4,1,1,46.58,0.1605,0.1606,71,5.801,16.63,0.0,3.3,0,1,0,1
PDF_09554,0,2,18.66,0,2,1,1,13.03,0.3635,0.4218,121,6.174,27.53,18.57,77.36,1,0,1,1
PDF_09555,2,2,42.21,14,2,2,0,68.19,0.2589,0.2164,152,5.827,59.04,41.61,38.9,0,1,0,1
PDF_09556,2,3,45.17,10,7,3,0,40.75,0.2706,0.2169,186,5.677,51.93,57.49,42.69,0,0,0,1
PDF_09557,0,3,25.87,5,4,2,1,4.86,0.1869,0.2539,61,5.187,57.03,52.54,40.04,0,0,0,1
PDF_09558,1,2,20.29,4,3,0,0,0.0,0.1768,0.2255,116,5.813,35.92,17.55,11.08,0,0,0,1
PDF_09559,2,3,60.34,7,8,1,0,18.39,0.3071,0.2401,134,5.832,79.22,53.55,42.84,0,0,0,1
PDF_09560,3,3,32.17,2,7,1,0,1.51,0.2102,0.2129,116,6.538,44.22,27.83,21.71,0,0,0,1
PDF_09561,1,1,32.82,8,4,2,0,5.06,0.2055,0.145,110,6.667,52.14,20.37,27.73,0,0,0,1
PDF_09562,3,1,49.41,7,9,2,1,46.24,0.2369,0.2621,89,5.925,42.53,38.14,19.7,0,1,0,1
PDF_09563,1,2,46.74,9,11,1,0,60.35,0.2585,0.239,165,6.198,64.14,62.34,14.59,0,1,0,1
PDF_09564,0,2,24.97,9,4,1,0,29.93,0.2326,0.273,112,6.069,31.56,46.47,39.77,0,0,1,1
PDF_09565,0,1,54.29,11,5,2,0,18.61,0.3447,0.3029,152,7.186,43.44,33.24,34.88,0,0,0,1
PDF_09566,0,2,14.95,3,3,1,1,52.38,0.2733,0.2112,83,5.229,24.06,23.58,34.11,0,1,0,1
PDF_09567,2,2,56.83,9,10,1,0,26.2,0.3645,0.161,175,6.711,62.03,39.74,56.26,0,0,0,1
PDF_09568,2,1,35.65,6,3,1,0,0.47,0.2516,0.2216,109,5.358,50.63,30.15,26.11,0,0,0,1
PDF_09569,3,4,67.96,13,9,2,0,53.44,0.3301,0.241,171,6.267,70.47,72.27,30.05,0,1,0,1
PDF_09570,1,2,33.66,5,5,1,0,34.48,0.2254,0.2073,141,6.838,39.93,32.12,16.39,0,1,0,1
PDF_09571,0,2,10.72,5,0,1,0,15.87,0.3081,0.2115,124,7.131,32.55,15.89,22.37,0,0,1,1
PDF_09572,1,2,19.4,5,5,1,0,12.01,0.2237,0.2676,91,6.705,43.3,39.64,29.04,0,0,0,1
PDF_09573,1,2,17.14,1,4,0,0,17.74,0.1878,0.0874,92,5.01,28.58,3.14,25.55,0,0,0,1
PDF_09574,1,4,64.43,7,11,2,0,30.47,0.3212,0.2666,188,5.824,82.6,60.04,35.86,0,0,0,1
PDF_09575,0,3,0.0,1,0,0,0,8.49,0.2091,0.2886,103,6.781,9.64,7.03,14.28,0,0,1,1
PDF_09576,1,2,17.04,3,1,0,0,4.83,0.1941,0.1355,73,5.782,33.42,11.8,21.83,0,0,0,1
PDF_09577,0,2,30.86,6,5,1,1,29.36,0.2203,0.3627,108,5.547,36.59,30.97,72.63,1,1,0,1
PDF_09578,2,3,30.49,7,7,1,0,49.57,0.3083,0.2798,122,6.53,42.88,37.67,36.63,0,1,1,1
PDF_09579,2,1,19.9,4,7,0,0,20.86,0.2539,0.2276,103,5.347,23.91,17.7,12.72,0,0,0,1
PDF_09580,2,3,0.0,4,3,1,0,0.0,0.0835,0.2205,47,5.969,2.32,0.0,0.0,0,0,0,1
PDF_09581,0,2,8.86,1,3,0,0,31.28,0.2303,0.2338,98,3.83,25.61,12.65,2.36,0,1,1,1
PDF_09582,1,2,46.02,7,3,2,0,12.13,0.2033,0.2003,68,5.8,32.3,19.46,33.88,0,0,0,1
PDF_09583,0,3,52.94,12,5,2,0,48.43,0.2873,0.1885,138,6.4,66.51,100.0,46.04,0,1,0,1
PDF_09584,1,1,35.75,7,6,2,0,37.69,0.3062,0.2613,128,6.712,80.86,45.91,27.61,0,0,0,1
PDF_09585,0,3,13.88,2,1,1,0,29.08,0.1607,0.2337,110,4.915,56.95,36.83,20.6,0,1,0,1
PDF_09586,1,2,12.0,3,7,0,0,6.73,0.167,0.2146,95,5.783,51.16,10.37,14.24,0,0,0,1
PDF_09587,1,3,40.6,8,8,3,1,44.27,0.2893,0.2283,106,5.361,77.36,71.67,35.17,0,0,0,1
PDF_09588,2,2,50.19,7,10,1,1,75.73,0.3597,0.2439,151,7.195,39.77,40.12,36.23,0,1,1,1
PDF_09589,1,2,38.38,11,6,2,0,37.27,0.2204,0.2664,150,5.055,57.71,52.17,43.75,0,0,0,1
PDF_09590,0,1,11.37,4,1,3,0,1.79,0.0931,0.2613,56,5.725,18.19,7.93,16.9,0,0,0,1
PDF_09591,0,2,41.25,8,5,1,0,13.74,0.1491,0.1579,123,5.716,55.28,16.78,26.53,0,0,0,1
PDF_09592,1,2,41.68,6,4,0,0,32.95,0.3733,0.3806,143,6.57,46.57,24.08,76.76,1,0,0,1
PDF_09593,2,3,14.29,5,5,1,0,57.3,0.1816,0.2708,109,6.183,35.7,25.43,16.48,0,1,0,1
PDF_09594,1,3,23.65,4,1,0,0,25.59,0.2535,0.3693,73,4.527,26.51,14.24,65.24,1,1,1,1
PDF_09595,0,3,21.12,7,0,2,0,50.91,0.214,0.245,102,5.394,23.65,21.15,30.44,0,1,1,1
PDF_09596,0,4,50.42,11,7,2,0,31.88,0.2661,0.1861,85,5.156,62.38,48.06,21.26,0,0,0,1
PDF_09597,2,3,27.49,6,3,1,0,41.7,0.2967,0.1695,119,5.303,40.74,32.54,31.61,0,1,1,1
PDF_09598,0,2,84.85,11,8,3,0,43.89,0.4748,0.6034,228,6.237,78.57,88.64,100.0,1,0,0,1
PDF_09599,2,1,42.55,9,7,2,0,27.2,0.2656,0.3331,125,4.833,38.6,45.15,31.4,0,0,0,1
PDF_09600,0,1,19.34,4,6,1,0,0.0,0.1257,0.1065,125,5.609,16.27,23.63,19.29,0,0,0,1
PDF_09601,3,2,52.58,10,8,2,0,13.54,0.3885,0.4044,156,5.855,70.25,40.7,86.0,1,0,0,1
PDF_09602,1,1,0.0,4,2,0,0,41.84,0.19,0.1409,77,7.349,11.42,1.07,30.9,0,1,1,1
PDF_09603,2,2,38.86,6,5,2,0,0.0,0.1884,0.2024,138,6.907,48.78,31.82,37.88,0,0,0,1
PDF_09604,1,2,13.73,5,1,2,0,0.0,0.1413,0.1808,136,5.66,19.77,0.0,7.5,0,0,0,1
PDF_09605,0,1,5.57,4,2,1,0,40.46,0.2114,0.4061,136,6.088,29.43,0.56,55.8,1,1,0,1
PDF_09606,0,3,37.18,12,6,2,0,29.81,0.2481,0.1604,111,4.803,47.96,64.54,31.07,0,0,0,1
PDF_09607,1,2,41.2,7,5,1,0,16.85,0.2953,0.1509,110,6.715,50.79,21.53,26.9,0,0,0,1
PDF_09608,1,1,31.26,6,7,1,0,38.18,0.1863,0.2025,84,6.289,56.01,36.31,32.59,0,1,0,1
PDF_09609,0,2,3.08,3,3,0,0,10.2,0.2212,0.0774,24,6.031,2.23,0.0,0.0,0,0,0,1
PDF_09610,1,1,7.3,4,2,1,0,51.4,0.2132,0.1796,59,5.996,36.05,0.0,39.91,0,1,0,1
PDF_09611,1,2,0.0,5,3,0,0,0.0,0.0595,0.0613,28,5.852,0.0,0.0,0.75,0,0,0,1
PDF_09612,1,3,69.78,10,10,2,0,67.48,0.3467,0.4936,198,5.894,85.83,56.57,90.87,1,1,0,1
PDF_09613,1,3,20.75,9,3,2,0,15.02,0.2289,0.214,131,6.365,47.71,46.87,30.44,0,1,0,1
PDF_09614,1,1,1.25,4,0,1,0,47.16,0.1639,0.1547,52,4.534,5.13,0.0,21.98,0,1,0,1
PDF_09615,1,3,12.75,8,3,2,0,49.58,0.2271,0.2322,117,5.913,38.36,35.61,22.99,0,1,1,1
PDF_09616,2,3,54.64,11,7,1,0,27.13,0.2505,0.3091,180,6.815,72.44,62.08,26.65,0,0,0,1
PDF_09617,2,3,10.0,6,4,2,0,0.0,0.3333,0.4194,149,6.711,48.24,51.04,75.35,1,0,0,1
PDF_09618,0,1,3.56,6,0,0,0,6.68,0.1485,0.1849,66,5.169,17.17,2.77,17.39,0,0,1,1
PDF_09619,1,2,31.13,6,6,0,1,12.87,0.2367,0.1765,95,5.331,56.86,36.32,14.79,0,0,0,1
PDF_09620,1,2,17.53,3,1,0,0,0.0,0.1728,0.2274,86,5.114,27.54,11.41,6.65,0,0,1,1
PDF_09621,1,1,15.38,0,3,0,0,5.0,0.2382,0.1082,79,5.133,15.75,16.48,27.7,0,0,1,1
PDF_09622,2,2,51.13,8,7,1,0,55.79,0.3758,0.2669,144,6.298,76.32,86.16,38.38,0,1,0,1
PDF_09623,2,3,35.19,6,7,2,0,32.6,0.2731,0.245,123,6.743,65.33,27.94,37.59,0,1,0,1
PDF_09624,2,2,25.05,5,5,2,0,9.49,0.2098,0.1961,123,5.554,45.09,23.87,34.31,0,0,0,1
PDF_09625,1,1,23.52,4,0,0,0,43.88,0.3063,0.1565,147,6.74,35.27,23.13,21.72,0,1,1,1
PDF_09626,1,2,2.66,4,5,1,0,0.0,0.1879,0.0844,82,5.532,34.79,0.43,0.0,0,0,0,1
PDF_09627,0,2,10.47,5,2,0,0,14.61,0.2755,0.2453,136,5.939,29.66,24.21,33.24,0,0,1,1
PDF_09628,2,2,68.76,8,5,2,0,73.83,0.2943,0.2684,131,6.469,52.56,45.45,45.24,0,1,0,1
PDF_09629,2,3,45.31,8,6,2,0,75.09,0.4151,0.1937,189,6.564,43.71,57.06,37.52,0,1,1,1
PDF_09630,2,3,49.18,7,2,0,0,9.88,0.3532,0.4134,181,5.83,82.04,35.13,78.43,1,0,0,1
PDF_09631,3,1,13.78,0,3,0,0,16.24,0.1932,0.1979,81,6.019,21.9,30.91,31.4,0,0,1,1
PDF_09632,2,2,6.93,1,0,0,0,46.08,0.337,0.4952,123,5.641,31.17,22.61,94.59,1,1,1,1
PDF_09633,3,2,60.38,12,3,2,0,8.41,0.2738,0.181,204,6.146,59.86,47.22,43.34,0,0,0,1
PDF_09634,0,1,7.13,4,6,0,0,37.96,0.1869,0.1156,138,6.297,32.56,11.49,10.74,0,1,0,1
PDF_09635,1,2,40.25,5,2,1,0,5.66,0.4043,0.4387,147,6.095,63.12,49.25,63.42,1,0,0,1
PDF_09636,2,1,26.57,4,6,0,0,49.2,0.1986,0.2581,126,5.64,66.81,20.79,11.48,0,1,0,1
PDF_09637,0,3,17.43,5,4,0,0,47.28,0.2376,0.2284,91,6.525,32.26,6.14,8.57,0,1,0,1
PDF_09638,1,2,51.02,6,3,2,0,11.3,0.2871,0.2533,151,5.879,65.99,54.92,42.49,0,0,0,1
PDF_09639,0,2,6.66,2,0,1,0,37.28,0.2356,0.0655,101,5.739,27.41,37.75,8.85,0,1,1,1
PDF_09640,2,2,20.03,8,5,0,0,33.22,0.2098,0.1494,24,4.569,29.2,2.54,0.0,0,1,0,1
PDF_09641,2,4,39.32,9,4,1,0,53.55,0.3258,0.235,198,6.444,32.33,47.95,38.55,0,0,1,1
PDF_09642,0,3,35.61,4,4,1,0,26.79,0.2441,0.2055,148,5.776,55.09,49.12,17.48,0,1,0,1
PDF_09643,2,1,11.99,2,2,0,0,33.98,0.1876,0.2575,95,5.768,22.25,18.78,25.76,0,1,1,1
PDF_09644,1,3,17.07,3,1,0,0,22.4,0.3093,0.4033,65,6.732,17.13,35.86,64.24,1,0,1,1
PDF_09645,1,1,32.07,4,6,0,1,9.46,0.1696,0.2132,67,6.501,42.19,14.03,16.48,0,0,0,1
PDF_09646,3,2,0.0,6,2,3,0,13.79,0.2055,0.1307,26,4.793,27.87,0.0,13.16,0,1,0,1
PDF_09647,0,3,31.64,5,6,2,0,19.58,0.2694,0.2383,115,5.289,47.73,43.15,27.35,0,0,0,1
PDF_09648,1,1,20.15,5,2,0,0,41.49,0.2066,0.2467,122,5.707,27.99,10.27,0.0,0,1,1,1
PDF_09649,1,1,37.71,7,3,1,0,37.64,0.2555,0.1984,135,7.956,34.16,15.35,34.42,0,1,0,1
PDF_09650,1,2,52.69,6,5,1,0,48.18,0.2286,0.2331,87,5.439,58.84,39.25,58.54,0,0,0,1
PDF_09651,2,1,15.05,5,5,1,0,1.67,0.257,0.2028,103,5.596,23.55,24.14,26.62,0,0,1,1
PDF_09652,3,3,30.37,4,8,2,0,32.39,0.2926,0.2783,130,7.209,67.26,35.0,43.17,0,0,0,1
PDF_09653,0,1,19.21,3,0,1,0,18.83,0.2897,0.4908,121,6.194,23.52,16.16,77.17,1,0,1,1
PDF_09654,2,2,35.43,4,4,0,1,16.71,0.2776,0.2871,79,5.154,27.66,21.65,33.78,0,0,0,1
PDF_09655,0,1,1.32,2,2,0,0,19.72,0.2796,0.3909,146,6.512,17.17,16.03,81.76,1,0,1,1
PDF_09656,1,1,16.43,5,1,0,1,49.3,0.2619,0.2659,139,5.843,24.33,15.08,8.38,0,1,1,1
PDF_09657,1,3,39.0,11,5,1,1,11.29,0.2142,0.2149,118,6.145,47.65,67.13,39.67,0,0,0,1
PDF_09658,0,1,3.47,2,4,0,0,0.0,0.2355,0.3466,78,5.444,42.45,6.02,71.66,1,0,0,1
PDF_09659,2,2,18.94,7,4,0,0,37.97,0.3149,0.3182,135,5.168,11.94,32.59,62.8,1,1,0,1
PDF_09660,2,2,52.83,5,5,1,1,19.93,0.2772,0.0959,104,5.585,56.65,52.22,7.89,0,0,0,1
PDF_09661,1,3,25.6,6,8,0,0,54.77,0.2038,0.202,88,5.588,20.18,9.14,37.93,0,1,1,1
PDF_09662,0,3,0.18,3,6,1,0,35.17,0.1922,0.1394,69,5.192,25.91,0.0,19.93,0,1,0,1
PDF_09663,1,1,9.33,0,6,1,0,5.33,0.2146,0.1811,119,5.311,36.8,0.0,21.78,0,0,0,1
PDF_09664,0,1,11.56,3,6,0,0,30.73,0.1117,0.2118,94,5.498,21.88,13.74,0.0,0,1,0,1
PDF_09665,2,3,37.22,7,3,1,0,66.17,0.2753,0.1623,119,6.224,23.94,51.14,34.3,0,1,1,1
PDF_09666,1,1,18.76,6,2,1,0,0.0,0.1568,0.1142,100,4.799,42.1,26.05,21.6,0,0,0,1
PDF_09667,2,3,24.7,7,3,1,0,16.31,0.2217,0.1357,77,5.766,31.91,35.63,16.61,0,0,0,1
PDF_09668,1,2,38.95,3,1,2,1,6.44,0.2542,0.4185,156,5.797,64.92,18.63,59.31,1,0,0,1
PDF_09669,0,3,39.5,6,2,1,0,0.0,0.2454,0.255,139,5.866,42.26,34.24,41.07,0,0,0,1
PDF_09670,1,2,37.82,7,5,2,0,19.11,0.259,0.2542,148,6.65,63.09,49.29,48.65,0,0,0,1
PDF_09671,0,2,16.09,3,1,1,0,24.32,0.2761,0.1711,138,6.53,28.12,2.18,19.28,0,0,0,1
PDF_09672,1,3,43.17,7,8,0,0,17.57,0.2211,0.2023,113,6.846,55.88,27.8,9.91,0,0,0,1
PDF_09673,0,3,0.0,1,7,0,0,0.0,0.112,0.145,47,5.501,24.65,0.0,20.18,0,0,0,1
PDF_09674,3,2,25.46,1,4,1,1,24.32,0.3488,0.3393,155,6.502,34.33,27.24,81.56,1,0,1,1
PDF_09675,0,2,1.69,0,0,0,1,0.0,0.12,0.2094,68,6.075,9.26,3.56,6.4,0,0,1,1
PDF_09676,1,2,53.28,10,9,2,1,13.01,0.2667,0.2399,89,6.201,54.63,37.98,46.43,0,0,0,1
PDF_09677,3,3,16.76,1,4,0,0,35.85,0.2061,0.2909,82,5.933,35.24,11.39,35.28,0,1,1,1
PDF_09678,1,3,43.82,11,5,2,0,35.59,0.2491,0.2391,171,5.954,60.72,32.13,35.09,0,0,1,1
PDF_09679,3,2,26.17,4,3,2,0,52.4,0.2543,0.1385,153,6.216,19.56,24.78,14.33,0,1,1,1
PDF_09680,0,2,9.08,5,1,0,0,14.9,0.2735,0.1269,129,6.595,35.54,17.16,27.78,0,0,1,1
PDF_09681,1,3,61.95,2,5,1,0,23.56,0.2463,0.2305,151,5.135,48.59,44.38,21.74,0,0,0,1
PDF_09682,1,2,13.75,7,3,2,0,24.98,0.3609,0.3869,120,5.783,30.53,22.19,56.44,1,0,1,1
PDF_09683,1,2,22.91,6,2,1,0,41.28,0.2119,0.202,59,5.369,19.06,23.37,29.09,0,1,0,1
PDF_09684,2,2,30.97,3,4,0,0,0.0,0.202,0.1873,131,5.952,34.08,19.75,17.66,0,0,0,1
PDF_09685,1,2,38.65,4,9,2,0,39.16,0.2905,0.267,149,5.948,54.8,53.6,24.39,0,1,0,1
PDF_09686,0,3,31.6,7,4,1,1,13.63,0.3346,0.4453,147,6.41,44.87,33.22,49.86,1,0,0,1
PDF_09687,2,2,28.26,8,5,1,1,23.5,0.2905,0.2977,137,5.431,21.63,36.47,25.01,0,0,1,1
PDF_09688,1,3,26.58,4,6,2,0,28.92,0.2633,0.2544,94,5.9,54.86,38.04,31.74,0,0,0,1
PDF_09689,1,3,8.02,10,5,1,0,8.77,0.2578,0.2794,156,5.788,39.8,30.9,4.38,0,0,0,1
PDF_09690,1,2,16.75,9,7,2,0,32.2,0.3737,0.4951,155,5.368,32.35,32.12,87.44,1,0,1,1
PDF_09691,3,2,53.66,13,11,2,0,80.27,0.3608,0.2464,190,6.091,64.91,69.78,52.24,0,0,1,1
PDF_09692,1,3,30.45,3,3,0,0,12.73,0.2784,0.243,132,5.533,41.47,39.66,28.11,0,0,0,1
PDF_09693,0,4,55.29,11,2,2,0,46.22,0.3127,0.2254,127,5.675,58.4,45.2,30.82,0,1,0,1
PDF_09694,1,3,3.26,5,5,1,0,32.87,0.184,0.2187,90,5.342,24.04,0.0,17.75,0,1,0,1
PDF_09695,1,3,30.27,8,5,2,1,19.93,0.2003,0.2399,166,5.053,64.44,46.96,19.19,0,0,0,1
PDF_09696,0,2,0.0,2,0,0,0,0.0,0.1537,0.1093,66,4.899,13.3,0.0,1.73,0,0,1,1
PDF_09697,1,2,37.13,7,5,0,1,23.66,0.4057,0.4506,161,5.781,29.58,29.45,79.85,1,0,1,1
PDF_09698,1,2,9.13,3,1,0,1,0.0,0.2131,0.2068,87,5.213,7.69,21.0,16.12,0,0,1,1
PDF_09699,0,2,6.91,4,4,1,0,5.04,0.275,0.2405,95,6.15,17.76,0.95,23.74,0,0,0,1
PDF_09700,1,1,37.37,4,6,0,0,41.06,0.3373,0.4184,113,4.686,43.02,22.41,58.16,1,1,0,1
PDF_09701,0,2,17.21,6,0,0,1,0.0,0.161,0.1907,76,5.336,9.54,12.59,24.07,0,0,1,1
PDF_09702,2,1,18.31,7,7,0,0,45.61,0.2557,0.2091,102,6.215,25.95,17.81,15.76,0,1,0,1
PDF_09703,1,2,24.35,4,2,0,0,2.85,0.238,0.213,139,4.813,52.34,15.83,0.0,0,0,0,1
PDF_09704,1,2,47.54,9,8,2,1,28.45,0.2334,0.2479,128,7.783,28.46,45.91,31.46,0,0,0,1
PDF_09705,2,1,19.67,3,0,0,1,7.35,0.3556,0.4499,153,6.417,17.41,22.17,89.78,1,0,1,1
PDF_09706,2,3,14.16,7,2,1,0,3.63,0.19,0.2577,101,5.724,47.11,0.0,19.33,0,0,0,1
PDF_09707,0,2,0.0,4,4,0,0,40.58,0.1055,0.1554,50,4.941,0.0,0.0,0.0,0,1,0,1
PDF_09708,1,3,72.83,7,9,2,1,49.82,0.2953,0.2114,150,6.204,76.23,60.17,48.47,0,0,0,1
PDF_09709,3,2,36.78,9,6,1,0,48.96,0.217,0.2784,151,5.445,35.1,26.94,33.48,0,0,0,1
PDF_09710,0,3,19.89,3,6,1,0,0.0,0.2301,0.1776,96,5.955,41.56,25.11,13.07,0,0,0,1
PDF_09711,1,1,36.45,7,3,1,0,24.69,0.3009,0.2206,96,5.077,27.58,40.99,18.66,0,0,1,1
PDF_09712,1,3,64.66,7,6,2,1,45.29,0.3895,0.4634,116,6.19,67.44,42.92,98.43,1,1,0,1
PDF_09713,1,1,6.65,7,4,2,0,0.0,0.3203,0.4136,92,5.846,12.4,12.89,67.38,1,0,0,1
PDF_09714,2,1,22.82,7,6,1,0,24.0,0.1404,0.2077,107,6.409,28.09,18.38,21.43,0,0,0,1
PDF_09715,0,1,16.82,1,0,0,1,7.67,0.1896,0.2701,91,5.497,4.99,11.13,11.31,0,0,1,1
PDF_09716,0,2,5.99,0,4,0,0,5.69,0.1613,0.2015,64,6.014,20.29,12.57,11.49,0,0,1,1
PDF_09717,4,2,95.59,8,8,2,0,50.68,0.3492,0.2699,153,7.364,79.28,58.97,54.23,0,0,0,1
PDF_09718,1,3,14.13,8,1,0,0,34.63,0.1788,0.211,101,5.706,25.85,28.98,18.88,0,0,1,1
PDF_09719,1,1,54.08,8,6,1,0,20.38,0.3258,0.2158,119,5.337,33.64,18.56,24.6,0,0,0,1
PDF_09720,2,2,74.86,10,6,2,0,34.52,0.3803,0.377,174,6.759,68.24,33.35,36.45,0,0,0,1
PDF_09721,2,2,40.37,7,7,2,0,35.68,0.3316,0.3111,145,6.075,39.42,63.48,44.01,0,0,0,1
PDF_09722,2,2,48.36,6,6,3,0,47.16,0.3313,0.2345,123,6.749,53.74,48.32,32.87,0,1,0,1
PDF_09723,2,3,53.67,9,10,3,0,36.57,0.264,0.2989,185,6.831,55.96,61.21,27.7,0,0,0,1
PDF_09724,1,3,5.94,6,6,2,0,0.0,0.2673,0.3097,82,5.573,12.64,0.0,50.99,1,0,0,1
PDF_09725,2,4,57.72,6,5,2,0,49.91,0.3025,0.3174,147,5.902,47.52,44.4,38.46,0,0,0,1
PDF_09726,1,2,2.12,5,2,1,0,0.0,0.1307,0.0634,110,4.749,24.77,0.0,20.96,0,0,0,1
PDF_09727,0,2,25.66,4,5,1,0,0.0,0.2348,0.2204,89,5.736,31.59,17.37,24.65,0,0,1,1
PDF_09728,1,2,15.37,3,1,0,0,6.0,0.3221,0.4334,143,5.314,33.04,12.59,68.89,1,0,1,1
PDF_09729,2,2,30.56,7,4,1,0,21.03,0.3635,0.3688,171,5.729,44.64,36.45,58.25,1,0,1,1
PDF_09730,0,1,34.69,7,10,1,0,6.65,0.2592,0.2461,160,6.839,47.62,45.54,22.01,0,0,0,1
PDF_09731,2,2,61.52,9,4,0,0,19.7,0.3884,0.4206,196,4.523,79.3,47.9,66.08,1,0,0,1
PDF_09732,3,1,19.04,6,7,2,0,9.78,0.2602,0.2213,131,5.212,39.95,35.92,10.1,0,0,0,1
PDF_09733,2,2,34.52,8,1,0,0,0.0,0.2522,0.2183,135,6.286,38.77,30.83,27.64,0,0,0,1
PDF_09734,2,2,40.9,4,0,0,0,12.16,0.2892,0.4351,111,5.4,22.11,15.8,60.91,1,0,0,1
PDF_09735,2,3,36.27,5,5,1,0,24.25,0.2684,0.2153,70,5.109,51.41,20.53,20.7,0,0,0,1
PDF_09736,3,4,40.1,6,6,1,0,17.38,0.2142,0.2119,171,6.94,55.27,38.44,35.02,0,0,0,1
PDF_09737,1,2,0.0,5,1,1,0,2.76,0.2897,0.319,100,5.606,14.17,0.0,50.93,1,0,0,1
PDF_09738,1,2,20.91,7,3,0,0,45.63,0.2494,0.3081,89,6.169,43.55,31.29,31.39,0,0,1,1
PDF_09739,3,1,30.49,6,8,1,0,8.44,0.2934,0.2463,128,6.946,44.82,49.97,19.59,0,0,0,1
PDF_09740,1,2,3.07,1,3,0,0,10.41,0.2482,0.1218,57,5.824,15.26,0.0,19.37,0,0,1,1
PDF_09741,2,3,47.52,11,8,2,0,31.97,0.3714,0.3767,160,6.488,72.03,55.13,82.49,1,0,0,1
PDF_09742,1,2,21.97,5,5,2,0,10.19,0.2355,0.2662,93,5.66,59.51,34.36,25.63,0,0,0,1
PDF_09743,4,2,51.68,7,4,1,0,61.38,0.2627,0.244,151,6.1,60.96,51.86,22.43,0,1,0,1
PDF_09744,1,2,0.0,5,4,1,1,10.04,0.3038,0.282,134,5.39,17.83,17.34,64.08,1,0,0,1
PDF_09745,0,2,39.2,5,4,1,0,31.17,0.2137,0.1316,137,6.235,35.81,38.06,29.8,0,0,0,1
PDF_09746,0,1,35.4,6,6,2,0,59.15,0.2462,0.1338,116,5.685,21.59,27.11,24.72,0,1,0,1
PDF_09747,0,2,22.15,5,7,0,0,3.2,0.1627,0.2921,79,6.05,33.35,17.41,0.0,0,0,0,1
PDF_09748,2,3,16.15,7,2,1,0,46.51,0.2435,0.1669,75,7.074,47.88,14.35,27.51,0,1,0,1
PDF_09749,2,3,73.62,6,7,2,1,24.49,0.2599,0.2437,150,5.186,73.0,67.01,22.43,0,0,0,1
PDF_09750,2,1,23.57,4,4,1,0,11.84,0.248,0.1915,85,6.076,29.14,12.36,20.73,0,0,1,1
PDF_09751,0,1,5.66,0,0,0,0,0.0,0.2194,0.2599,78,6.162,15.36,5.24,1.93,0,0,1,1
PDF_09752,3,3,45.15,13,3,1,0,19.09,0.3637,0.4687,148,6.175,55.38,37.38,82.68,1,0,0,1
PDF_09753,0,1,15.12,5,3,2,0,21.57,0.2202,0.3596,133,5.156,19.19,7.96,68.83,1,1,0,1
PDF_09754,0,3,25.42,3,5,2,0,0.0,0.3211,0.4082,143,4.613,34.66,39.65,61.59,1,0,0,1
PDF_09755,0,3,5.99,0,4,1,0,0.0,0.2156,0.2495,113,5.465,37.92,2.33,19.03,0,0,1,1
PDF_09756,2,3,64.63,9,6,2,0,89.47,0.3604,0.1665,172,5.731,49.0,73.44,44.5,0,1,0,1
PDF_09757,0,3,0.0,3,0,0,0,28.26,0.2071,0.4258,120,5.6,18.93,0.0,59.54,1,1,0,1
PDF_09758,1,1,16.31,6,3,1,0,0.0,0.1471,0.2465,134,5.807,35.93,0.0,22.33,0,0,0,1
PDF_09759,0,1,24.23,7,7,0,0,0.0,0.3598,0.3441,113,5.807,47.26,14.52,69.19,1,0,0,1
PDF_09760,1,2,25.62,3,2,1,0,38.83,0.4,0.4216,161,5.593,47.44,20.79,62.37,1,1,0,1
PDF_09761,1,2,54.66,9,4,1,0,23.71,0.3211,0.2043,147,5.234,52.32,43.94,33.05,0,0,0,1
PDF_09762,0,2,3.21,9,3,1,0,0.0,0.1143,0.179,77,5.637,25.62,16.04,20.88,0,0,0,1
PDF_09763,1,2,26.89,3,3,0,0,20.37,0.1961,0.1774,123,6.179,29.82,18.23,34.27,0,0,1,1
PDF_09764,1,2,34.28,5,6,0,0,21.0,0.2257,0.2177,111,6.232,62.95,44.82,34.48,0,0,0,1
PDF_09765,0,2,48.79,9,5,1,1,52.74,0.2506,0.2379,104,4.736,60.61,53.15,36.74,0,1,0,1
PDF_09766,1,3,31.27,4,8,2,0,29.86,0.3022,0.1203,75,6.857,30.25,20.45,42.16,0,0,0,1
PDF_09767,1,2,14.56,3,1,0,0,5.58,0.2836,0.1376,38,5.224,26.81,0.0,21.23,0,0,0,1
PDF_09768,1,3,46.85,7,6,1,0,18.37,0.39,0.3238,156,6.506,38.12,46.29,94.89,1,0,1,1
PDF_09769,0,1,8.76,6,2,0,0,10.51,0.1409,0.2954,90,5.635,11.8,12.3,19.49,0,0,1,1
PDF_09770,1,2,13.13,5,0,1,0,0.0,0.2321,0.4231,91,5.961,28.31,24.54,66.7,1,0,0,1
PDF_09771,2,2,18.9,6,4,2,0,0.0,0.1596,0.1952,104,6.073,25.62,13.95,27.46,0,0,0,1
PDF_09772,1,3,0.0,6,2,1,0,0.0,0.2446,0.2729,65,5.906,21.13,8.56,70.89,1,0,0,1
PDF_09773,0,2,25.21,5,1,2,0,5.46,0.2278,0.228,89,5.881,40.27,22.96,3.44,0,0,0,1
PDF_09774,1,3,30.06,6,3,1,0,0.0,0.1813,0.1567,67,5.916,45.93,15.97,25.97,0,0,0,1
PDF_09775,2,3,13.55,1,0,0,0,14.35,0.0918,0.0654,76,5.295,20.41,13.37,0.0,0,0,1,1
PDF_09776,1,2,20.53,3,4,1,0,0.85,0.21,0.2052,110,6.034,41.33,40.72,14.79,0,0,0,1
PDF_09777,2,1,4.9,1,0,0,0,42.09,0.1657,0.1807,35,6.48,6.06,9.13,11.14,0,1,1,1
PDF_09778,0,2,13.93,0,5,0,0,52.77,0.288,0.3757,109,6.213,15.09,1.97,62.37,1,1,1,1
PDF_09779,2,3,52.27,8,7,2,0,14.73,0.2421,0.2463,132,6.12,54.02,66.87,38.9,0,0,0,1
PDF_09780,1,1,6.31,3,3,2,0,41.14,0.2438,0.2115,83,6.554,8.6,3.57,15.78,0,1,0,1
PDF_09781,1,2,35.62,4,4,2,0,0.0,0.1159,0.2831,97,6.264,47.38,5.46,28.46,0,0,0,1
PDF_09782,1,3,28.43,4,3,0,0,32.58,0.2642,0.247,129,7.422,23.91,19.06,20.98,0,0,1,1
PDF_09783,1,1,33.57,1,2,2,0,0.0,0.243,0.3461,118,5.0,18.4,2.11,56.74,1,0,0,1
PDF_09784,2,2,57.04,9,6,1,0,34.8,0.3148,0.1866,107,6.263,57.68,35.3,27.83,0,0,0,1
PDF_09785,2,2,50.82,7,6,3,0,19.52,0.212,0.2092,62,5.141,51.15,28.78,12.43,0,0,0,1
PDF_09786,2,3,31.35,10,2,1,0,0.0,0.253,0.2072,94,5.174,54.72,34.64,24.13,0,0,0,1
PDF_09787,2,3,32.38,6,5,0,0,32.32,0.3304,0.249,128,5.613,38.74,50.45,42.5,0,0,1,1
PDF_09788,1,3,48.7,5,4,2,0,47.14,0.3308,0.3982,117,5.918,54.85,48.58,73.04,1,1,0,1
PDF_09789,2,2,53.2,7,5,0,0,41.56,0.3222,0.2856,164,7.22,52.67,55.7,34.02,0,0,1,1
PDF_09790,2,1,33.84,12,2,2,0,2.98,0.3555,0.3567,177,6.584,45.62,30.96,75.0,1,0,0,1
PDF_09791,0,2,34.48,7,5,1,0,24.73,0.1767,0.2512,106,6.21,51.04,31.68,29.72,0,1,0,1
PDF_09792,2,3,74.43,7,8,2,0,26.54,0.2482,0.29,174,7.067,67.87,52.69,27.15,0,0,0,1
PDF_09793,1,2,23.04,4,6,1,0,0.0,0.2494,0.1587,113,5.396,24.55,16.48,11.83,0,0,0,1
PDF_09794,1,2,26.58,5,1,0,0,58.22,0.2239,0.2946,136,6.684,44.22,33.22,33.93,0,1,1,1
PDF_09795,1,1,46.92,4,0,1,0,35.23,0.373,0.4516,163,5.906,50.73,44.02,77.73,1,0,0,1
PDF_09796,1,2,8.89,5,6,0,0,0.0,0.2058,0.1585,137,6.228,33.5,25.11,27.47,0,0,1,1
PDF_09797,1,1,39.8,7,6,2,0,27.95,0.2685,0.1983,118,6.517,63.18,63.97,29.42,0,0,0,1
PDF_09798,2,2,4.08,6,3,0,0,0.0,0.1331,0.111,88,5.151,34.58,5.48,4.36,0,0,0,1
PDF_09799,0,3,58.44,8,6,1,0,17.22,0.3616,0.3048,125,6.187,53.57,41.7,42.14,0,0,0,1
PDF_09800,2,3,31.8,7,3,1,0,24.65,0.2871,0.2943,181,4.509,30.17,24.8,51.69,0,0,1,1
PDF_09801,0,3,21.92,5,8,1,0,6.58,0.3862,0.4231,142,6.196,27.9,31.48,83.43,1,0,0,1
PDF_09802,1,2,42.43,7,6,1,0,34.13,0.3118,0.2146,121,6.111,46.42,48.77,37.95,0,0,0,1
PDF_09803,2,4,30.15,6,2,0,0,17.69,0.2834,0.1334,133,4.767,42.08,34.57,40.83,0,0,1,1
PDF_09804,1,2,3.14,0,0,1,0,4.81,0.1265,0.1169,100,6.4,16.58,3.85,6.15,0,0,1,1
PDF_09805,1,2,28.91,6,3,1,0,18.39,0.239,0.128,97,5.218,15.6,22.7,56.72,0,0,0,1
PDF_09806,2,3,24.75,5,5,1,0,53.16,0.2261,0.1797,125,6.316,48.96,33.83,10.21,0,1,0,1
PDF_09807,2,1,30.14,4,6,1,1,15.0,0.274,0.2114,99,5.525,34.93,27.51,17.55,0,0,0,1
PDF_09808,1,2,18.93,2,3,0,0,12.68,0.1283,0.1532,48,6.19,0.86,16.3,24.31,0,0,0,1
PDF_09809,3,1,44.76,9,5,2,0,77.17,0.2812,0.2386,141,6.168,54.68,51.52,18.13,0,1,0,1
PDF_09810,1,1,41.03,6,5,1,0,55.44,0.3448,0.5373,152,4.605,49.41,7.35,60.96,1,1,0,1
PDF_09811,1,3,25.77,9,4,1,0,0.0,0.2616,0.1545,126,5.274,22.08,24.63,15.99,0,0,0,1
PDF_09812,0,2,40.79,7,6,1,0,25.19,0.2975,0.2581,101,5.091,46.75,37.19,38.77,0,0,0,1
PDF_09813,1,2,5.78,3,1,1,0,54.94,0.2695,0.1242,156,6.15,21.38,23.23,20.5,0,1,1,1
PDF_09814,0,2,41.06,9,3,1,1,10.55,0.1922,0.1559,163,5.985,60.4,28.16,41.65,0,0,0,1
PDF_09815,1,2,46.83,6,2,2,0,49.4,0.3199,0.43,157,7.089,49.97,24.04,62.91,1,1,0,1
PDF_09816,1,3,30.01,6,3,1,0,10.22,0.2222,0.2225,110,6.025,3.94,26.28,22.98,0,0,0,1
PDF_09817,2,1,29.79,8,3,3,1,13.66,0.3217,0.3975,88,6.046,45.05,28.42,70.84,1,0,0,1
PDF_09818,1,2,46.17,8,7,1,0,6.17,0.2775,0.2411,103,6.081,58.37,36.2,17.82,0,0,0,1
PDF_09819,1,4,37.74,7,10,2,0,67.44,0.1949,0.2354,157,6.145,56.1,70.13,27.85,0,1,0,1
PDF_09820,1,2,31.34,9,7,1,0,16.91,0.1704,0.2159,108,5.83,33.11,8.86,6.7,0,0,0,1
PDF_09821,2,2,49.37,7,9,0,0,11.01,0.2403,0.2836,100,5.034,33.77,38.92,34.9,0,0,0,1
PDF_09822,1,1,0.0,6,3,1,0,1.06,0.132,0.1859,51,6.027,11.98,14.32,24.91,0,0,0,1
PDF_09823,1,3,32.56,4,8,0,0,72.8,0.2353,0.1942,136,6.679,32.08,29.11,15.26,0,1,1,1
PDF_09824,1,1,20.47,3,4,1,0,43.66,0.2321,0.1647,112,5.957,22.91,17.42,31.03,0,1,0,1
PDF_09825,3,2,47.75,5,6,3,0,39.7,0.3129,0.271,164,7.179,57.23,22.74,45.03,0,0,0,1
PDF_09826,0,2,26.52,1,4,1,0,18.36,0.2235,0.1117,96,5.863,44.04,5.45,11.68,0,1,0,1
PDF_09827,1,2,27.55,5,7,1,0,66.5,0.2309,0.223,111,6.1,19.33,17.89,15.53,0,1,1,1
PDF_09828,0,2,24.55,6,1,2,0,43.25,0.3444,0.3888,176,6.238,32.0,25.11,73.13,1,1,0,1
PDF_09829,0,2,60.04,10,5,1,0,32.24,0.2964,0.2549,132,5.7,69.27,76.23,36.16,0,0,0,1
PDF_09830,2,1,40.42,10,6,2,0,25.77,0.1997,0.2756,132,6.013,46.46,48.15,27.91,0,0,0,1
PDF_09831,0,1,35.93,8,8,2,0,24.47,0.2643,0.1385,115,4.655,23.8,44.17,27.06,0,0,0,1
PDF_09832,1,1,26.82,3,4,0,0,7.92,0.2336,0.2354,84,5.679,46.55,34.47,16.16,0,0,1,1
PDF_09833,1,3,26.76,7,6,2,0,17.72,0.3161,0.4517,135,5.251,44.2,14.02,66.27,1,0,0,1
PDF_09834,1,1,59.43,12,6,1,0,14.58,0.3379,0.2788,186,6.409,82.19,66.35,37.55,0,0,0,1
PDF_09835,1,2,18.73,4,9,0,0,9.11,0.216,0.2424,104,5.612,15.28,33.52,6.19,0,0,0,1
PDF_09836,2,3,76.07,11,7,2,0,36.79,0.4325,0.3343,174,5.054,56.12,70.95,30.99,0,0,0,1
PDF_09837,2,3,71.25,7,7,1,0,41.75,0.314,0.2517,175,6.591,41.97,40.19,35.9,0,0,0,1
PDF_09838,0,2,0.0,4,3,1,0,20.87,0.1535,0.2064,119,5.141,15.98,0.0,1.35,0,1,0,1
PDF_09839,0,2,14.78,6,5,2,0,0.08,0.1503,0.1709,90,5.653,20.2,0.0,0.0,0,0,0,1
PDF_09840,2,2,23.72,7,4,2,1,64.01,0.2087,0.2558,115,6.484,55.33,20.21,22.26,0,1,0,1
PDF_09841,2,4,37.09,7,4,2,1,15.2,0.3979,0.3229,166,6.518,47.03,23.96,54.1,1,0,0,1
PDF_09842,3,3,55.1,6,9,1,0,70.45,0.2714,0.2666,181,5.926,76.5,37.09,48.94,0,1,0,1
PDF_09843,2,2,64.82,7,9,2,1,7.18,0.1935,0.1878,112,5.433,31.4,20.56,19.85,0,0,0,1
PDF_09844,2,2,33.1,7,2,2,0,0.0,0.3156,0.2439,77,5.101,42.84,49.94,27.56,0,0,0,1
PDF_09845,1,2,21.51,8,8,0,0,26.06,0.4005,0.3601,168,7.6,25.17,24.2,71.95,1,0,1,1
PDF_09846,1,3,27.72,3,3,0,1,51.22,0.4033,0.4307,153,5.244,43.72,41.78,91.22,1,1,1,1
PDF_09847,0,2,24.26,6,4,0,0,13.64,0.2506,0.1173,113,5.92,24.77,6.2,7.48,0,0,0,1
PDF_09848,1,1,25.28,4,5,1,1,70.74,0.2186,0.1674,109,5.559,45.14,26.65,7.45,0,1,0,1
PDF_09849,1,3,38.91,5,5,1,0,19.51,0.2162,0.179,100,6.476,62.23,34.44,35.45,0,0,0,1
PDF_09850,2,2,45.26,6,8,2,0,54.71,0.2075,0.138,66,5.858,53.29,15.08,23.36,0,1,0,1
PDF_09851,2,2,25.34,7,2,1,0,28.81,0.2353,0.2513,140,7.431,22.39,32.75,25.42,0,0,0,1
PDF_09852,0,3,15.88,8,3,1,0,57.27,0.1963,0.2756,154,5.165,49.44,30.58,31.09,0,1,1,1
PDF_09853,2,1,47.51,5,3,1,0,5.37,0.2689,0.2232,125,5.496,41.73,27.0,24.31,0,0,0,1
PDF_09854,1,2,32.91,3,4,1,0,5.44,0.2644,0.1574,95,5.868,39.9,20.87,28.39,0,0,0,1
PDF_09855,1,2,38.2,6,4,2,1,26.73,0.2475,0.27,159,6.466,47.28,45.5,0.0,0,0,0,1
PDF_09856,2,1,51.31,12,8,1,0,22.22,0.2986,0.2677,132,5.807,41.96,41.85,39.37,0,0,0,1
PDF_09857,0,2,0.0,0,2,0,0,0.81,0.1726,0.1462,93,4.886,18.29,8.41,22.91,0,0,0,1
PDF_09858,2,2,48.02,5,8,1,0,12.54,0.2471,0.2861,206,6.337,42.05,50.45,29.07,0,0,1,1
PDF_09859,0,2,46.59,8,7,1,0,45.81,0.23,0.19,126,7.098,55.77,47.69,24.88,0,1,0,1
PDF_09860,2,2,18.53,5,6,3,0,64.79,0.4222,0.4778,140,5.699,38.95,42.67,79.02,1,1,0,1
PDF_09861,1,3,42.61,7,7,2,0,60.23,0.3256,0.3042,148,5.326,64.29,40.12,27.3,0,1,0,1
PDF_09862,2,3,17.74,3,2,0,1,38.75,0.3055,0.2558,122,5.98,36.79,26.42,26.56,0,0,1,1
PDF_09863,0,3,11.35,3,1,0,0,40.7,0.318,0.3894,123,5.957,22.71,16.75,43.83,1,1,1,1
PDF_09864,1,2,19.96,8,0,2,0,60.92,0.1366,0.2138,91,5.264,24.8,25.65,19.1,0,1,0,1
PDF_09865,1,3,40.11,4,9,1,0,54.98,0.333,0.2354,190,6.336,39.82,39.97,29.86,0,1,1,1
PDF_09866,2,4,56.68,11,10,1,0,66.68,0.4228,0.4572,143,6.528,63.0,47.22,85.29,1,1,0,1
PDF_09867,1,4,36.62,6,4,1,0,27.73,0.2289,0.1789,123,6.413,55.05,4.23,25.71,0,0,0,1
PDF_09868,0,2,20.5,4,4,1,0,35.15,0.3059,0.381,74,6.976,24.5,0.0,85.78,1,1,0,1
PDF_09869,3,3,18.91,6,9,0,0,20.48,0.2159,0.1496,141,6.406,36.78,9.63,17.62,0,0,1,1
PDF_09870,3,4,61.31,5,10,1,0,22.0,0.3671,0.4704,133,7.036,86.97,47.17,88.45,1,0,0,1
PDF_09871,1,1,46.47,8,6,2,0,9.58,0.255,0.1868,111,6.12,57.6,40.87,14.57,0,0,0,1
PDF_09872,2,2,0.0,5,2,2,1,12.51,0.193,0.1442,126,5.862,32.27,13.35,16.18,0,0,0,1
PDF_09873,2,1,20.29,6,2,0,0,51.78,0.2193,0.2447,110,5.554,18.01,30.04,17.37,0,1,1,1
PDF_09874,1,3,21.38,3,4,0,1,58.3,0.2636,0.1629,109,6.048,50.71,5.48,9.36,0,1,0,1
PDF_09875,0,2,7.91,1,0,0,0,0.0,0.138,0.1363,113,4.38,22.21,0.0,0.0,0,0,1,1
PDF_09876,1,1,34.4,2,1,3,0,0.02,0.1862,0.2039,60,5.841,41.0,27.97,34.77,0,0,0,1
PDF_09877,0,2,8.66,3,1,0,0,16.81,0.3356,0.4402,88,5.82,21.35,19.38,82.89,1,0,1,1
PDF_09878,0,2,24.68,7,8,2,0,58.79,0.2812,0.2045,170,5.58,54.69,43.78,31.35,0,1,0,1
PDF_09879,0,1,17.31,6,6,1,0,6.22,0.2032,0.211,138,5.808,31.65,44.58,26.13,0,0,0,1
PDF_09880,0,2,9.5,3,1,0,0,30.46,0.2496,0.2354,89,4.836,14.11,18.24,8.23,0,0,1,1
PDF_09881,0,1,3.58,1,2,1,1,0.0,0.1873,0.151,81,6.163,19.21,12.65,0.0,0,0,1,1
PDF_09882,1,2,72.97,8,8,2,0,34.65,0.3456,0.2988,150,7.278,66.03,75.14,31.05,0,0,0,1
PDF_09883,1,2,4.62,4,2,1,0,10.54,0.2563,0.1959,83,5.843,33.44,10.93,6.05,0,0,0,1
PDF_09884,1,3,57.46,14,11,1,0,37.67,0.2512,0.2934,137,5.985,87.11,62.28,38.81,0,0,0,1
PDF_09885,1,3,42.39,4,7,1,0,68.74,0.2736,0.2582,127,6.458,40.9,35.15,39.29,0,1,0,1
PDF_09886,1,2,60.38,3,8,1,0,0.0,0.381,0.4128,127,5.954,50.44,39.3,79.51,1,0,0,1
PDF_09887,0,2,5.85,6,4,0,0,4.51,0.1691,0.1892,67,3.695,11.72,2.17,16.47,0,0,1,1
PDF_09888,1,2,51.82,9,5,3,0,56.69,0.411,0.3464,158,6.498,67.97,49.4,80.85,1,1,0,1
PDF_09889,1,3,51.27,8,10,2,0,30.55,0.2792,0.2675,136,5.214,70.01,51.16,46.61,0,0,0,1
PDF_09890,1,2,26.28,6,2,0,0,42.31,0.3516,0.4771,113,6.033,42.45,34.77,75.92,1,0,1,1
PDF_09891,2,3,41.08,9,5,2,0,31.39,0.3077,0.2245,181,5.232,44.89,47.76,38.46,0,0,0,1
PDF_09892,2,4,37.56,5,6,1,1,81.49,0.2941,0.2573,149,6.111,40.12,42.45,27.6,0,1,1,1
PDF_09893,2,3,53.69,7,6,2,0,10.26,0.3021,0.2543,105,6.23,36.32,38.51,31.85,0,0,0,1
PDF_09894,2,2,26.9,1,4,1,0,26.45,0.1847,0.1229,63,6.551,29.45,29.68,34.64,0,0,0,1
PDF_09895,2,1,24.91,6,0,1,0,24.84,0.2622,0.2469,94,6.372,21.99,28.65,41.53,0,0,1,1
PDF_09896,0,4,29.45,6,3,2,0,0.0,0.3847,0.3468,122,6.005,53.07,34.65,59.31,1,0,0,1
PDF_09897,2,2,55.66,11,4,2,0,38.99,0.2577,0.2434,133,5.714,37.07,51.26,29.96,0,1,0,1
PDF_09898,2,2,30.28,9,5,1,0,23.76,0.2721,0.1994,109,6.988,28.45,39.66,24.28,0,1,1,1
PDF_09899,3,1,29.42,9,1,1,0,22.77,0.3625,0.4037,159,5.619,50.46,22.01,80.16,1,0,0,1
PDF_09900,1,2,8.48,5,2,1,1,38.12,0.2207,0.1733,91,6.071,13.88,6.78,17.42,0,1,1,1
PDF_09901,0,2,14.17,7,4,0,1,43.13,0.277,0.1884,123,6.129,54.18,7.33,31.02,0,1,0,1
PDF_09902,1,1,0.0,2,3,0,1,0.0,0.0765,0.2396,35,5.925,1.08,0.0,15.3,0,0,1,1
PDF_09903,2,4,55.09,9,4,1,0,52.81,0.5234,0.5691,238,5.96,51.43,39.3,75.47,1,0,1,1
PDF_09904,0,3,0.0,4,0,1,0,23.74,0.3119,0.4356,31,4.626,1.61,2.4,60.43,1,1,0,1
PDF_09905,2,3,13.24,4,3,0,0,5.79,0.2409,0.1661,89,5.551,18.59,11.15,29.4,0,0,1,1
PDF_09906,3,2,25.13,5,3,1,0,31.12,0.364,0.249,122,5.964,43.16,28.75,22.09,0,1,1,1
PDF_09907,1,3,23.46,4,0,1,0,52.4,0.2108,0.1968,132,6.404,31.16,24.05,17.35,0,1,1,1
PDF_09908,0,3,24.34,10,1,1,0,9.98,0.2276,0.2099,121,5.205,52.74,44.89,25.74,0,0,0,1
PDF_09909,1,1,2.88,2,3,0,0,0.0,0.155,0.2157,68,4.929,52.56,0.0,0.0,0,0,0,1
PDF_09910,2,3,32.75,7,4,1,1,48.75,0.2659,0.2329,160,5.795,46.99,45.26,19.75,0,1,0,1
PDF_09911,0,3,72.24,12,7,2,1,37.16,0.3482,0.3313,177,6.596,81.99,73.58,41.93,0,0,0,1
PDF_09912,1,3,19.29,3,2,0,0,43.98,0.2964,0.2488,97,6.526,31.56,27.83,28.33,0,0,1,1
PDF_09913,2,1,26.85,5,3,2,0,24.27,0.183,0.2393,98,5.694,58.0,63.88,20.7,0,0,0,1
PDF_09914,1,3,47.28,5,2,1,0,4.27,0.399,0.5136,133,5.445,60.71,47.64,79.76,1,0,0,1
PDF_09915,0,3,22.21,7,7,1,0,60.62,0.3876,0.3308,181,5.858,23.13,20.92,78.23,1,1,1,1
PDF_09916,2,3,55.11,11,6,2,0,13.87,0.3188,0.2072,130,4.856,70.24,41.69,53.03,0,0,0,1
PDF_09917,1,2,13.56,7,4,1,0,75.18,0.2671,0.279,120,6.019,61.7,39.18,15.59,0,1,0,1
PDF_09918,1,2,35.8,4,2,1,0,6.29,0.3112,0.3104,108,5.468,45.29,25.96,57.68,1,0,0,1
PDF_09919,1,2,31.59,1,3,1,1,0.0,0.1641,0.22,45,3.965,9.71,24.76,16.96,0,0,0,1
PDF_09920,0,2,4.65,0,1,1,0,0.0,0.2426,0.2443,30,5.856,10.36,0.0,12.79,0,0,1,1
PDF_09921,2,2,50.1,6,9,2,1,34.07,0.4266,0.4645,193,5.059,75.96,54.61,100.0,1,0,0,1
PDF_09922,1,1,31.83,4,3,1,0,28.46,0.2714,0.3248,95,6.228,53.98,30.9,49.03,0,0,0,1
PDF_09923,1,3,37.33,10,7,2,0,10.98,0.2503,0.245,117,6.996,36.16,44.8,28.21,0,0,0,1
PDF_09924,1,2,34.73,7,3,2,0,22.68,0.1718,0.1495,114,6.532,67.78,39.4,23.6,0,0,0,1
PDF_09925,0,2,37.0,4,5,1,0,12.72,0.2249,0.2025,103,8.0,44.36,31.12,35.13,0,0,0,1
PDF_09926,0,3,55.49,9,8,3,0,19.55,0.4254,0.4628,164,6.296,58.57,43.29,86.75,1,0,0,1
PDF_09927,1,1,20.86,4,1,0,0,0.0,0.1521,0.1922,93,5.892,36.29,19.76,9.99,0,0,0,1
PDF_09928,3,2,42.13,12,8,1,0,29.96,0.5286,0.4222,151,5.72,38.68,48.0,79.32,1,0,1,1
PDF_09929,1,3,45.59,4,9,3,0,25.22,0.33,0.3303,154,5.811,76.63,40.82,31.52,0,0,0,1
PDF_09930,2,2,26.94,5,5,1,0,0.0,0.1613,0.1745,86,5.519,39.43,11.46,28.82,0,0,0,1
PDF_09931,1,2,9.15,1,2,0,0,8.42,0.1623,0.1875,61,6.365,10.59,11.95,10.22,0,0,1,1
PDF_09932,1,2,32.85,6,3,1,1,21.86,0.3341,0.4918,173,5.582,31.98,31.02,58.57,1,0,0,1
PDF_09933,1,2,35.61,6,7,2,1,33.57,0.4224,0.3702,121,6.034,47.12,27.52,92.93,1,0,1,1
PDF_09934,1,1,25.08,3,1,2,0,0.0,0.2673,0.089,93,6.078,53.15,25.18,34.12,0,0,0,1
PDF_09935,1,2,37.4,11,7,0,1,30.68,0.3709,0.4471,128,5.495,73.45,48.52,62.05,1,0,0,1
PDF_09936,1,2,81.03,10,6,2,0,26.29,0.3222,0.3296,90,6.206,92.54,70.63,36.14,0,0,0,1
PDF_09937,1,2,32.0,5,4,0,0,32.14,0.378,0.4524,171,6.05,42.26,36.06,90.47,1,0,1,1
PDF_09938,2,2,28.47,7,6,0,1,28.5,0.3985,0.4147,182,6.61,75.75,26.93,87.27,1,0,0,1
PDF_09939,1,2,19.67,7,6,2,0,15.05,0.3178,0.2133,157,6.181,53.13,4.0,46.59,0,0,0,1
PDF_09940,0,1,22.4,9,8,1,0,46.34,0.2195,0.2078,81,6.044,34.47,19.49,22.91,0,1,0,1
PDF_09941,0,1,29.05,5,6,3,0,47.98,0.1758,0.2329,130,5.868,39.84,8.79,26.34,0,1,0,1
PDF_09942,2,3,51.12,8,6,2,0,33.28,0.4247,0.4374,131,6.114,48.24,30.04,85.38,1,0,0,1
PDF_09943,2,2,17.24,0,3,1,0,37.18,0.1678,0.0807,93,6.395,37.85,16.51,26.62,0,1,1,1
PDF_09944,2,3,31.36,4,3,0,1,60.78,0.3089,0.2921,133,6.541,24.63,28.46,36.53,0,1,1,1
PDF_09945,1,2,21.2,0,6,1,0,23.74,0.245,0.2192,118,5.811,39.92,17.23,32.16,0,1,1,1
PDF_09946,2,3,31.88,6,4,0,0,29.46,0.245,0.2407,160,6.4,34.97,37.75,42.15,0,0,1,1
PDF_09947,2,3,17.58,5,5,1,0,58.76,0.2811,0.2465,147,6.355,29.49,40.26,20.75,0,1,1,1
PDF_09948,1,3,25.3,7,6,0,0,3.27,0.1912,0.0961,130,6.452,70.39,28.03,33.63,0,0,0,1
PDF_09949,2,2,35.94,8,6,0,0,46.53,0.3543,0.2687,166,6.018,40.46,41.81,39.69,0,0,1,1
PDF_09950,0,2,9.72,1,3,0,0,0.0,0.276,0.0712,103,5.661,17.31,10.5,11.22,0,0,1,1
PDF_09951,2,2,29.51,7,3,0,0,85.93,0.2667,0.2919,162,4.7,45.16,50.44,32.92,0,1,1,1
PDF_09952,1,3,51.36,8,9,2,0,56.37,0.1879,0.2234,156,6.307,39.54,34.39,34.66,0,1,0,1
PDF_09953,2,2,35.49,8,6,2,0,12.02,0.2145,0.2012,98,5.852,57.42,22.67,10.56,0,0,0,1
PDF_09954,2,3,34.88,6,4,0,0,13.95,0.3376,0.2427,170,5.833,31.51,41.84,27.85,0,0,1,1
PDF_09955,0,3,45.42,4,4,1,0,22.98,0.2677,0.2303,115,5.065,44.52,37.26,14.68,0,0,0,1
PDF_09956,2,2,36.42,4,4,2,0,44.21,0.3487,0.4767,157,6.141,68.7,15.66,64.34,1,1,0,1
PDF_09957,2,3,38.39,7,4,2,0,39.07,0.4057,0.5822,199,6.081,37.68,27.34,92.84,1,0,1,1
PDF_09958,1,2,35.02,9,7,1,0,36.56,0.2121,0.1686,55,5.414,39.75,34.15,33.07,0,1,0,1
PDF_09959,2,1,2.62,2,2,1,0,0.0,0.1132,0.1575,38,5.721,2.82,0.0,1.5,0,0,0,1
PDF_09960,3,3,84.35,8,8,3,0,49.9,0.3147,0.2425,169,5.826,72.91,81.32,47.82,0,0,0,1
PDF_09961,1,2,29.32,9,5,0,0,63.67,0.4131,0.4809,196,7.342,63.54,50.89,92.62,1,1,1,1
PDF_09962,2,3,55.71,11,7,2,0,33.41,0.3874,0.2802,179,5.591,75.27,66.7,45.78,0,0,0,1
PDF_09963,1,3,0.0,4,1,1,0,0.0,0.2177,0.4534,110,5.84,3.46,18.12,87.25,1,0,0,1
PDF_09964,0,1,6.77,0,0,1,0,0.0,0.129,0.2288,55,6.201,16.55,0.0,16.31,0,0,1,1
PDF_09965,3,3,0.51,6,4,1,0,0.0,0.155,0.0898,78,6.684,14.62,0.0,10.33,0,0,0,1
PDF_09966,0,2,34.47,2,5,1,0,0.0,0.1667,0.1726,111,5.581,44.77,16.33,17.75,0,0,0,1
PDF_09967,1,2,31.14,5,3,0,0,20.26,0.2588,0.2447,138,5.928,36.82,28.56,24.32,0,0,0,1
PDF_09968,1,3,43.05,9,8,1,0,54.73,0.241,0.2753,101,6.993,67.08,24.06,33.96,0,1,0,1
PDF_09969,1,3,73.33,12,12,2,1,50.41,0.2826,0.3423,147,6.785,88.07,63.81,33.89,0,0,0,1
PDF_09970,2,2,45.38,1,2,1,0,4.08,0.2202,0.1729,100,5.541,41.46,6.18,9.49,0,0,0,1
PDF_09971,1,2,51.74,8,7,3,1,17.1,0.2867,0.1928,143,5.816,61.2,37.93,22.5,0,0,0,1
PDF_09972,0,3,54.34,7,6,1,1,53.79,0.2729,0.2602,113,7.238,48.38,46.98,33.37,0,1,0,1
PDF_09973,1,3,31.9,5,6,1,0,18.67,0.3989,0.4273,138,6.02,60.26,23.26,87.42,1,0,0,1
PDF_09974,0,2,7.02,7,0,0,0,0.0,0.1133,0.1901,82,6.264,41.62,4.6,3.11,0,0,0,1
PDF_09975,2,2,39.83,8,3,1,0,0.0,0.2063,0.2032,148,5.818,43.22,25.55,18.06,0,0,0,1
PDF_09976,0,1,48.12,10,5,1,0,6.55,0.2186,0.2068,131,5.617,49.59,37.35,17.4,0,0,0,1
PDF_09977,2,3,64.81,6,6,1,0,9.96,0.2453,0.1874,130,5.591,49.39,35.75,28.15,0,0,0,1
PDF_09978,0,3,14.71,1,4,1,0,20.8,0.176,0.1759,51,5.125,18.37,14.41,56.82,0,1,0,1
PDF_09979,1,2,27.88,3,6,1,0,45.17,0.2198,0.136,103,5.349,57.61,41.41,17.07,0,1,0,1
PDF_09980,0,3,36.24,8,8,2,0,32.74,0.3021,0.1668,92,7.025,44.81,56.77,26.47,0,0,0,1
PDF_09981,2,1,51.86,10,5,2,0,12.69,0.2637,0.3089,105,6.627,45.09,48.0,35.61,0,0,0,1
PDF_09982,1,3,63.17,8,4,1,0,70.37,0.3243,0.1702,180,6.395,82.08,68.94,46.13,0,1,0,1
PDF_09983,0,1,15.0,5,1,0,0,11.42,0.1212,0.2461,82,5.332,19.72,0.0,26.51,0,0,0,1
PDF_09984,1,2,14.05,3,5,0,0,44.36,0.0889,0.1366,5,5.544,13.68,0.0,15.14,0,1,0,1
PDF_09985,2,4,51.0,7,6,2,0,30.29,0.2748,0.2347,129,7.065,76.81,51.47,16.13,0,0,0,1
PDF_09986,0,2,0.0,5,4,1,1,6.88,0.1897,0.084,103,6.755,37.33,4.86,13.8,0,0,0,1
PDF_09987,1,3,66.05,12,5,1,0,52.35,0.2825,0.2352,153,6.152,84.53,37.29,23.61,0,1,0,1
PDF_09988,2,3,40.87,4,6,1,0,24.32,0.3339,0.2326,135,7.37,38.24,56.5,44.86,0,0,1,1
PDF_09989,1,2,31.53,5,2,2,0,10.54,0.2521,0.2709,99,5.627,58.15,36.83,28.71,0,0,0,1
PDF_09990,3,2,36.15,7,6,0,0,71.73,0.4161,0.3952,151,5.727,49.03,43.4,71.1,1,1,1,1
PDF_09991,0,1,37.06,5,3,2,0,18.22,0.252,0.3175,113,4.583,64.72,32.93,31.11,0,0,0,1
PDF_09992,1,2,19.31,6,4,0,0,5.81,0.1867,0.2047,101,6.645,39.14,12.02,23.07,0,0,1,1
PDF_09993,1,3,1.65,5,6,2,0,22.92,0.2777,0.1583,137,5.382,24.16,20.4,33.57,0,1,0,1
PDF_09994,1,2,48.2,8,4,1,0,48.65,0.3402,0.3776,92,5.336,59.89,48.44,58.57,1,1,0,1
PDF_09995,1,1,8.53,5,0,1,0,44.58,0.2153,0.1134,106,6.334,40.37,15.58,2.83,0,1,0,1
PDF_09996,1,1,17.1,6,3,0,0,0.0,0.1976,0.1755,75,6.216,37.8,4.11,15.31,0,0,0,1
PDF_09997,0,2,0.0,2,2,0,1,25.72,0.3142,0.3208,136,5.526,23.38,7.39,67.27,1,1,1,1
PDF_09998,2,1,19.93,5,1,0,0,4.91,0.1945,0.2388,123,6.355,40.83,16.63,4.22,0,0,1,1
PDF_09999,0,2,50.5,9,6,1,0,17.54,0.2801,0.2402,98,6.091,67.09,56.26,37.16,0,0,0,1
PDF_10000,2,3,26.27,7,2,2,0,0.0,0.2144,0.2342,89,5.091,42.86,0.15,18.45,0,0,0,1
